Copyright 1986-2022 Xilinx, Inc. All Rights Reserved. Copyright 2022-2025 Advanced Micro Devices, Inc. All Rights Reserved.
---------------------------------------------------------------------------------------------------------------------------------------------
| Tool Version : Vivado v.2025.1 (lin64) Build 6140274 Wed May 21 22:58:25 MDT 2025
| Date         : Fri May 22 16:34:55 2026
| Host         : armeiro-IdeaPad-Flex-5-14ALC05 running 64-bit Ubuntu 24.04.4 LTS
| Command      : report_timing_summary -file ./reports/latest/timing_summary.rpt
| Design       : soc
| Device       : 7z010-clg400
| Speed File   : -1  PRODUCTION 1.12 2019-11-22
| Design State : Physopt postRoute
---------------------------------------------------------------------------------------------------------------------------------------------

Timing Summary Report

------------------------------------------------------------------------------------------------
| Timer Settings
| --------------
------------------------------------------------------------------------------------------------

  Enable Multi Corner Analysis               :  Yes
  Enable Pessimism Removal                   :  Yes
  Pessimism Removal Resolution               :  Nearest Common Node
  Enable Input Delay Default Clock           :  No
  Enable Preset / Clear Arcs                 :  No
  Disable Flight Delays                      :  No
  Ignore I/O Paths                           :  No
  Timing Early Launch at Borrowing Latches   :  No
  Borrow Time for Max Delay Exceptions       :  Yes
  Merge Timing Exceptions                    :  Yes
  Inter-SLR Compensation                     :  Conservative

  Corner  Analyze    Analyze    
  Name    Max Paths  Min Paths  
  ------  ---------  ---------  
  Slow    Yes        Yes        
  Fast    Yes        Yes        


------------------------------------------------------------------------------------------------
| Report Methodology
| ------------------
------------------------------------------------------------------------------------------------

Rule       Severity          Description                                                       Violations  
---------  ----------------  ----------------------------------------------------------------  ----------  
TIMING-6   Critical Warning  No common primary clock between related clocks                    4           
HPDR-1     Warning           Port pin direction inconsistency                                  1           
LUTAR-1    Warning           LUT drives async reset alert                                      1           
SYNTH-6    Warning           Timing of a RAM block might be sub-optimal                        2           
TIMING-9   Warning           Unknown CDC Logic                                                 1           
TIMING-18  Warning           Missing input or output delay                                     9           
TIMING-56  Warning           Missing logically or physically excluded clock groups constraint  3           
ULMTCS-2   Warning           Control Sets use limits require reduction                         1           

Note: This report is based on the most recent report_methodology run and may not be up-to-date. Run report_methodology on the current design for the latest report.



check_timing report

Table of Contents
-----------------
1. checking no_clock (0)
2. checking constant_clock (0)
3. checking pulse_width_clock (0)
4. checking unconstrained_internal_endpoints (0)
5. checking no_input_delay (11)
6. checking no_output_delay (23)
7. checking multiple_clock (5913)
8. checking generated_clocks (0)
9. checking loops (0)
10. checking partial_input_delay (0)
11. checking partial_output_delay (0)
12. checking latch_loops (0)

1. checking no_clock (0)
------------------------
 There are 0 register/latch pins with no clock.


2. checking constant_clock (0)
------------------------------
 There are 0 register/latch pins with constant_clock.


3. checking pulse_width_clock (0)
---------------------------------
 There are 0 register/latch pins which need pulse_width check


4. checking unconstrained_internal_endpoints (0)
------------------------------------------------
 There are 0 pins that are not constrained for maximum delay.

 There are 0 pins that are not constrained for maximum delay due to constant clock.


5. checking no_input_delay (11)
-------------------------------
 There are 7 input ports with no input delay specified. (HIGH)

 There are 4 input ports with no input delay but user has a false path constraint. (MEDIUM)


6. checking no_output_delay (23)
--------------------------------
 There are 2 ports with no output delay specified. (HIGH)

 There are 21 ports with no output delay but user has a false path constraint (MEDIUM)

 There are 0 ports with no output delay but with a timing clock defined on it or propagating through it


7. checking multiple_clock (5913)
---------------------------------
 There are 5913 register/latch pins with multiple clocks. (HIGH)


8. checking generated_clocks (0)
--------------------------------
 There are 0 generated clocks that are not connected to a clock source.


9. checking loops (0)
---------------------
 There are 0 combinational loops in the design.


10. checking partial_input_delay (0)
------------------------------------
 There are 0 input ports with partial input delay specified.


11. checking partial_output_delay (0)
-------------------------------------
 There are 0 ports with partial output delay specified.


12. checking latch_loops (0)
----------------------------
 There are 0 combinational latch loops in the design through latch input



------------------------------------------------------------------------------------------------
| Design Timing Summary
| ---------------------
------------------------------------------------------------------------------------------------

    WNS(ns)      TNS(ns)  TNS Failing Endpoints  TNS Total Endpoints      WHS(ns)      THS(ns)  THS Failing Endpoints  THS Total Endpoints     WPWS(ns)     TPWS(ns)  TPWS Failing Endpoints  TPWS Total Endpoints  
    -------      -------  ---------------------  -------------------      -------      -------  ---------------------  -------------------     --------     --------  ----------------------  --------------------  
      0.165        0.000                      0                23562        0.032        0.000                      0                23562        3.000        0.000                       0                  8509  


All user specified timing constraints are met.


------------------------------------------------------------------------------------------------
| Clock Summary
| -------------
------------------------------------------------------------------------------------------------

Clock                   Waveform(ns)       Period(ns)      Frequency(MHz)
-----                   ------------       ----------      --------------
clk_fpga_0              {0.000 5.000}      10.000          100.000         
i_clk                   {0.000 5.000}      10.000          100.000         
  clk_out1_clk_wiz_0    {0.000 5.000}      10.000          100.000         
  clk_out2_clk_wiz_0    {0.000 19.789}     39.579          25.266          
  clkfbout_clk_wiz_0    {0.000 5.000}      10.000          100.000         
sys_clk_pin             {0.000 5.000}      10.000          100.000         
  clk_out1_clk_wiz_0_1  {0.000 5.000}      10.000          100.000         
  clk_out2_clk_wiz_0_1  {0.000 19.789}     39.579          25.266          
  clkfbout_clk_wiz_0_1  {0.000 5.000}      10.000          100.000         


------------------------------------------------------------------------------------------------
| Intra Clock Table
| -----------------
------------------------------------------------------------------------------------------------

Clock                       WNS(ns)      TNS(ns)  TNS Failing Endpoints  TNS Total Endpoints      WHS(ns)      THS(ns)  THS Failing Endpoints  THS Total Endpoints     WPWS(ns)     TPWS(ns)  TPWS Failing Endpoints  TPWS Total Endpoints  
-----                       -------      -------  ---------------------  -------------------      -------      -------  ---------------------  -------------------     --------     --------  ----------------------  --------------------  
clk_fpga_0                    2.350        0.000                      0                 6644        0.034        0.000                      0                 6644        3.750        0.000                       0                  2588  
i_clk                                                                                                                                                                     3.000        0.000                       0                     1  
  clk_out1_clk_wiz_0          0.165        0.000                      0                16609        0.100        0.000                      0                16609        3.750        0.000                       0                  5740  
  clk_out2_clk_wiz_0         24.813        0.000                      0                  309        0.122        0.000                      0                  309       18.809        0.000                       0                   177  
  clkfbout_clk_wiz_0                                                                                                                                                      7.845        0.000                       0                     3  
sys_clk_pin                                                                                                                                                               3.000        0.000                       0                     1  
  clk_out1_clk_wiz_0_1        0.166        0.000                      0                16609        0.100        0.000                      0                16609        3.750        0.000                       0                  5740  
  clk_out2_clk_wiz_0_1       24.816        0.000                      0                  309        0.122        0.000                      0                  309       18.809        0.000                       0                   177  
  clkfbout_clk_wiz_0_1                                                                                                                                                    7.845        0.000                       0                     3  


------------------------------------------------------------------------------------------------
| Inter Clock Table
| -----------------
------------------------------------------------------------------------------------------------

From Clock            To Clock                  WNS(ns)      TNS(ns)  TNS Failing Endpoints  TNS Total Endpoints      WHS(ns)      THS(ns)  THS Failing Endpoints  THS Total Endpoints  
----------            --------                  -------      -------  ---------------------  -------------------      -------      -------  ---------------------  -------------------  
clk_out1_clk_wiz_0_1  clk_out1_clk_wiz_0          0.165        0.000                      0                16609        0.032        0.000                      0                16609  
clk_out2_clk_wiz_0_1  clk_out2_clk_wiz_0         24.813        0.000                      0                  309        0.037        0.000                      0                  309  
clk_out1_clk_wiz_0    clk_out1_clk_wiz_0_1        0.165        0.000                      0                16609        0.032        0.000                      0                16609  
clk_out2_clk_wiz_0    clk_out2_clk_wiz_0_1       24.813        0.000                      0                  309        0.037        0.000                      0                  309  


------------------------------------------------------------------------------------------------
| Other Path Groups Table
| -----------------------
------------------------------------------------------------------------------------------------

Path Group    From Clock    To Clock          WNS(ns)      TNS(ns)  TNS Failing Endpoints  TNS Total Endpoints      WHS(ns)      THS(ns)  THS Failing Endpoints  THS Total Endpoints  
----------    ----------    --------          -------      -------  ---------------------  -------------------      -------      -------  ---------------------  -------------------  


------------------------------------------------------------------------------------------------
| Timing Details
| --------------
------------------------------------------------------------------------------------------------


---------------------------------------------------------------------------------------------------
From Clock:  clk_fpga_0
  To Clock:  clk_fpga_0

Setup :            0  Failing Endpoints,  Worst Slack        2.350ns,  Total Violation        0.000ns
Hold  :            0  Failing Endpoints,  Worst Slack        0.034ns,  Total Violation        0.000ns
PW    :            0  Failing Endpoints,  Worst Slack        3.750ns,  Total Violation        0.000ns
---------------------------------------------------------------------------------------------------


Max Delay Paths
--------------------------------------------------------------------------------------
Slack (MET) :             2.350ns  (required time - arrival time)
  Source:                 <hidden>
                            (rising edge-triggered cell FDRE clocked by clk_fpga_0  {rise@0.000ns fall@5.000ns period=10.000ns})
  Destination:            <hidden>
                            (rising edge-triggered cell FDRE clocked by clk_fpga_0  {rise@0.000ns fall@5.000ns period=10.000ns})
  Path Group:             clk_fpga_0
  Path Type:              Setup (Max at Slow Process Corner)
  Requirement:            10.000ns  (clk_fpga_0 rise@10.000ns - clk_fpga_0 rise@0.000ns)
  Data Path Delay:        7.500ns  (logic 2.378ns (31.705%)  route 5.122ns (68.295%))
  Logic Levels:           8  (CARRY4=1 LUT2=2 LUT4=3 LUT6=2)
  Clock Path Skew:        -0.026ns (DCD - SCD + CPR)
    Destination Clock Delay (DCD):    2.743ns = ( 12.743 - 10.000 ) 
    Source Clock Delay      (SCD):    3.037ns
    Clock Pessimism Removal (CPR):    0.267ns
  Clock Uncertainty:      0.154ns  ((TSJ^2 + TIJ^2)^1/2 + DJ) / 2 + PE
    Total System Jitter     (TSJ):    0.071ns
    Total Input Jitter      (TIJ):    0.300ns
    Discrete Jitter          (DJ):    0.000ns
    Phase Error              (PE):    0.000ns

    Location             Delay type                Incr(ns)  Path(ns)    Netlist Resource(s)
  -------------------------------------------------------------------    -------------------
                         (clock clk_fpga_0 rise edge)
                                                      0.000     0.000 r  
    PS7_X0Y0             PS7                          0.000     0.000 r  u_periph/u_vga/u_system/vga_system_i/processing_system7_0/inst/PS7_i/FCLKCLK[0]
                         net (fo=1, routed)           1.207     1.207    u_periph/u_vga/u_system/vga_system_i/processing_system7_0/inst/FCLK_CLK_unbuffered[0]
    BUFGCTRL_X0Y0        BUFG (Prop_bufg_I_O)         0.101     1.308 r  u_periph/u_vga/u_system/vga_system_i/processing_system7_0/inst/buffer_fclk_clk_0.FCLK_CLK_0_BUFG/O
                         net (fo=2589, routed)        1.729     3.037    <hidden>
    SLICE_X2Y47          FDRE                                         r  <hidden>
  -------------------------------------------------------------------    -------------------
    SLICE_X2Y47          FDRE (Prop_fdre_C_Q)         0.456     3.493 f  <hidden>
                         net (fo=21, routed)          1.085     4.578    <hidden>
    SLICE_X2Y42          LUT2 (Prop_lut2_I1_O)        0.150     4.728 f  <hidden>
                         net (fo=2, routed)           0.674     5.402    <hidden>
    SLICE_X3Y42          LUT4 (Prop_lut4_I0_O)        0.326     5.728 r  <hidden>
                         net (fo=3, routed)           0.743     6.471    <hidden>
    SLICE_X4Y41          LUT2 (Prop_lut2_I0_O)        0.124     6.595 r  <hidden>
                         net (fo=1, routed)           0.000     6.595    <hidden>
    SLICE_X4Y41          CARRY4 (Prop_carry4_S[1]_O[3])
                                                      0.643     7.238 f  <hidden>
                         net (fo=2, routed)           0.838     8.076    <hidden>
    SLICE_X3Y42          LUT6 (Prop_lut6_I5_O)        0.307     8.383 f  <hidden>
                         net (fo=1, routed)           0.566     8.949    <hidden>
    SLICE_X5Y39          LUT6 (Prop_lut6_I3_O)        0.124     9.073 f  <hidden>
                         net (fo=1, routed)           0.429     9.502    <hidden>
    SLICE_X3Y41          LUT4 (Prop_lut4_I3_O)        0.124     9.626 r  <hidden>
                         net (fo=12, routed)          0.787    10.413    <hidden>
    SLICE_X5Y43          LUT4 (Prop_lut4_I1_O)        0.124    10.537 r  <hidden>
                         net (fo=1, routed)           0.000    10.537    <hidden>
    SLICE_X5Y43          FDRE                                         r  <hidden>
  -------------------------------------------------------------------    -------------------

                         (clock clk_fpga_0 rise edge)
                                                     10.000    10.000 r  
    PS7_X0Y0             PS7                          0.000    10.000 r  u_periph/u_vga/u_system/vga_system_i/processing_system7_0/inst/PS7_i/FCLKCLK[0]
                         net (fo=1, routed)           1.101    11.101    u_periph/u_vga/u_system/vga_system_i/processing_system7_0/inst/FCLK_CLK_unbuffered[0]
    BUFGCTRL_X0Y0        BUFG (Prop_bufg_I_O)         0.091    11.192 r  u_periph/u_vga/u_system/vga_system_i/processing_system7_0/inst/buffer_fclk_clk_0.FCLK_CLK_0_BUFG/O
                         net (fo=2589, routed)        1.551    12.743    <hidden>
    SLICE_X5Y43          FDRE                                         r  <hidden>
                         clock pessimism              0.267    13.011    
                         clock uncertainty           -0.154    12.857    
    SLICE_X5Y43          FDRE (Setup_fdre_C_D)        0.031    12.888    <hidden>
  -------------------------------------------------------------------
                         required time                         12.888    
                         arrival time                         -10.537    
  -------------------------------------------------------------------
                         slack                                  2.350    





Min Delay Paths
--------------------------------------------------------------------------------------
Slack (MET) :             0.034ns  (arrival time - required time)
  Source:                 <hidden>
                            (rising edge-triggered cell FDRE clocked by clk_fpga_0  {rise@0.000ns fall@5.000ns period=10.000ns})
  Destination:            <hidden>
                            (rising edge-triggered cell FDRE clocked by clk_fpga_0  {rise@0.000ns fall@5.000ns period=10.000ns})
  Path Group:             clk_fpga_0
  Path Type:              Hold (Min at Fast Process Corner)
  Requirement:            0.000ns  (clk_fpga_0 rise@0.000ns - clk_fpga_0 rise@0.000ns)
  Data Path Delay:        0.314ns  (logic 0.148ns (47.152%)  route 0.166ns (52.848%))
  Logic Levels:           0  
  Clock Path Skew:        0.267ns (DCD - SCD - CPR)
    Destination Clock Delay (DCD):    1.221ns
    Source Clock Delay      (SCD):    0.925ns
    Clock Pessimism Removal (CPR):    0.029ns

    Location             Delay type                Incr(ns)  Path(ns)    Netlist Resource(s)
  -------------------------------------------------------------------    -------------------
                         (clock clk_fpga_0 rise edge)
                                                      0.000     0.000 r  
    PS7_X0Y0             PS7                          0.000     0.000 r  u_periph/u_vga/u_system/vga_system_i/processing_system7_0/inst/PS7_i/FCLKCLK[0]
                         net (fo=1, routed)           0.315     0.315    u_periph/u_vga/u_system/vga_system_i/processing_system7_0/inst/FCLK_CLK_unbuffered[0]
    BUFGCTRL_X0Y0        BUFG (Prop_bufg_I_O)         0.026     0.341 r  u_periph/u_vga/u_system/vga_system_i/processing_system7_0/inst/buffer_fclk_clk_0.FCLK_CLK_0_BUFG/O
                         net (fo=2589, routed)        0.584     0.925    <hidden>
    SLICE_X0Y49          FDRE                                         r  <hidden>
  -------------------------------------------------------------------    -------------------
    SLICE_X0Y49          FDRE (Prop_fdre_C_Q)         0.148     1.072 r  <hidden>
                         net (fo=2, routed)           0.166     1.238    <hidden>
    SLICE_X1Y50          FDRE                                         r  <hidden>
  -------------------------------------------------------------------    -------------------

                         (clock clk_fpga_0 rise edge)
                                                      0.000     0.000 r  
    PS7_X0Y0             PS7                          0.000     0.000 r  u_periph/u_vga/u_system/vga_system_i/processing_system7_0/inst/PS7_i/FCLKCLK[0]
                         net (fo=1, routed)           0.341     0.341    u_periph/u_vga/u_system/vga_system_i/processing_system7_0/inst/FCLK_CLK_unbuffered[0]
    BUFGCTRL_X0Y0        BUFG (Prop_bufg_I_O)         0.029     0.370 r  u_periph/u_vga/u_system/vga_system_i/processing_system7_0/inst/buffer_fclk_clk_0.FCLK_CLK_0_BUFG/O
                         net (fo=2589, routed)        0.851     1.221    <hidden>
    SLICE_X1Y50          FDRE                                         r  <hidden>
                         clock pessimism             -0.029     1.192    
    SLICE_X1Y50          FDRE (Hold_fdre_C_D)         0.012     1.204    <hidden>
  -------------------------------------------------------------------
                         required time                         -1.204    
                         arrival time                           1.238    
  -------------------------------------------------------------------
                         slack                                  0.034    





Pulse Width Checks
--------------------------------------------------------------------------------------
Clock Name:         clk_fpga_0
Waveform(ns):       { 0.000 5.000 }
Period(ns):         10.000
Sources:            { u_periph/u_vga/u_system/vga_system_i/processing_system7_0/inst/PS7_i/FCLKCLK[0] }

Check Type        Corner  Lib Pin         Reference Pin  Required(ns)  Actual(ns)  Slack(ns)  Location     Pin
Min Period        n/a     FIFO36E1/WRCLK  n/a            2.576         10.000      7.424      RAMB36_X1Y2  <hidden>
Low Pulse Width   Slow    RAMD32/CLK      n/a            1.250         5.000       3.750      SLICE_X8Y4   <hidden>
High Pulse Width  Slow    RAMD32/CLK      n/a            1.250         5.000       3.750      SLICE_X8Y4   <hidden>



---------------------------------------------------------------------------------------------------
From Clock:  i_clk
  To Clock:  i_clk

Setup :           NA  Failing Endpoints,  Worst Slack           NA  ,  Total Violation           NA
Hold  :           NA  Failing Endpoints,  Worst Slack           NA  ,  Total Violation           NA
PW    :            0  Failing Endpoints,  Worst Slack        3.000ns,  Total Violation        0.000ns
---------------------------------------------------------------------------------------------------


Pulse Width Checks
--------------------------------------------------------------------------------------
Clock Name:         i_clk
Waveform(ns):       { 0.000 5.000 }
Period(ns):         10.000
Sources:            { i_clk }

Check Type        Corner  Lib Pin            Reference Pin  Required(ns)  Actual(ns)  Slack(ns)  Location         Pin
Min Period        n/a     MMCME2_ADV/CLKIN1  n/a            1.249         10.000      8.751      MMCME2_ADV_X0Y1  clk_gen/inst/mmcm_adv_inst/CLKIN1
Max Period        n/a     MMCME2_ADV/CLKIN1  n/a            100.000       10.000      90.000     MMCME2_ADV_X0Y1  clk_gen/inst/mmcm_adv_inst/CLKIN1
Low Pulse Width   Slow    MMCME2_ADV/CLKIN1  n/a            2.000         5.000       3.000      MMCME2_ADV_X0Y1  clk_gen/inst/mmcm_adv_inst/CLKIN1
High Pulse Width  Slow    MMCME2_ADV/CLKIN1  n/a            2.000         5.000       3.000      MMCME2_ADV_X0Y1  clk_gen/inst/mmcm_adv_inst/CLKIN1



---------------------------------------------------------------------------------------------------
From Clock:  clk_out1_clk_wiz_0
  To Clock:  clk_out1_clk_wiz_0

Setup :            0  Failing Endpoints,  Worst Slack        0.165ns,  Total Violation        0.000ns
Hold  :            0  Failing Endpoints,  Worst Slack        0.100ns,  Total Violation        0.000ns
PW    :            0  Failing Endpoints,  Worst Slack        3.750ns,  Total Violation        0.000ns
---------------------------------------------------------------------------------------------------


Max Delay Paths
--------------------------------------------------------------------------------------
Slack (MET) :             0.165ns  (required time - arrival time)
  Source:                 u_cpu/u_pipe_id_ex/o_rd_reg[2]/C
                            (rising edge-triggered cell FDRE clocked by clk_out1_clk_wiz_0  {rise@0.000ns fall@5.000ns period=10.000ns})
  Destination:            u_cpu/u_pipe_id_ex/o_lookup_ghr_reg[5]/R
                            (rising edge-triggered cell FDRE clocked by clk_out1_clk_wiz_0  {rise@0.000ns fall@5.000ns period=10.000ns})
  Path Group:             clk_out1_clk_wiz_0
  Path Type:              Setup (Max at Slow Process Corner)
  Requirement:            10.000ns  (clk_out1_clk_wiz_0 rise@10.000ns - clk_out1_clk_wiz_0 rise@0.000ns)
  Data Path Delay:        9.187ns  (logic 3.179ns (34.605%)  route 6.008ns (65.395%))
  Logic Levels:           12  (CARRY4=4 LUT3=4 LUT4=1 LUT6=3)
  Clock Path Skew:        -0.056ns (DCD - SCD + CPR)
    Destination Clock Delay (DCD):    -1.339ns = ( 8.661 - 10.000 ) 
    Source Clock Delay      (SCD):    -0.695ns
    Clock Pessimism Removal (CPR):    0.588ns
  Clock Uncertainty:      0.068ns  ((TSJ^2 + DJ^2)^1/2) / 2 + PE
    Total System Jitter     (TSJ):    0.071ns
    Discrete Jitter          (DJ):    0.116ns
    Phase Error              (PE):    0.000ns

    Location             Delay type                Incr(ns)  Path(ns)    Netlist Resource(s)
  -------------------------------------------------------------------    -------------------
                         (clock clk_out1_clk_wiz_0 rise edge)
                                                      0.000     0.000 r  
    K17                                               0.000     0.000 r  i_clk (IN)
                         net (fo=0)                   0.000     0.000    clk_gen/inst/clk_in1
    K17                  IBUF (Prop_ibuf_I_O)         1.492     1.492 r  clk_gen/inst/clkin1_ibufg/O
                         net (fo=1, routed)           1.285     2.777    clk_gen/inst/clk_in1_clk_wiz_0
    MMCME2_ADV_X0Y1      MMCME2_ADV (Prop_mmcme2_adv_CLKIN1_CLKOUT0)
                                                     -6.996    -4.219 r  clk_gen/inst/mmcm_adv_inst/CLKOUT0
                         net (fo=1, routed)           1.760    -2.459    clk_gen/inst/clk_out1_clk_wiz_0
    BUFGCTRL_X0Y16       BUFG (Prop_bufg_I_O)         0.101    -2.358 r  clk_gen/inst/clkout1_buf/O
                         net (fo=5738, routed)        1.663    -0.695    u_cpu/u_pipe_id_ex/clk_out1
    SLICE_X27Y20         FDRE                                         r  u_cpu/u_pipe_id_ex/o_rd_reg[2]/C
  -------------------------------------------------------------------    -------------------
    SLICE_X27Y20         FDRE (Prop_fdre_C_Q)         0.456    -0.239 r  u_cpu/u_pipe_id_ex/o_rd_reg[2]/Q
                         net (fo=8, routed)           0.682     0.443    u_cpu/u_pipe_id_ex/_idex_rd_second[2]
    SLICE_X27Y20         LUT4 (Prop_lut4_I2_O)        0.124     0.567 f  u_cpu/u_pipe_id_ex/_pred_taken_d1_i_15/O
                         net (fo=2, routed)           0.275     0.842    u_cpu/u_pipe_ex_mem/o_store_data_reg[15]_2
    SLICE_X27Y20         LUT6 (Prop_lut6_I0_O)        0.124     0.966 r  u_cpu/u_pipe_ex_mem/_rd_fwd_inferred_i_17/O
                         net (fo=16, routed)          0.673     1.639    u_cpu/u_pipe_ex_mem/_rd_fwd_inferred_i_17_n_0
    SLICE_X26Y17         LUT3 (Prop_lut3_I1_O)        0.124     1.763 r  u_cpu/u_pipe_ex_mem/_rd_fwd_inferred_i_14/O
                         net (fo=5, routed)           0.448     2.211    u_cpu/u_pipe_id_ex/o_wb_pre_data_reg[15]_0[2]
    SLICE_X26Y15         LUT3 (Prop_lut3_I0_O)        0.124     2.335 r  u_cpu/u_pipe_id_ex/o_d_ad[3]_i_3/O
                         net (fo=1, routed)           0.561     2.896    u_cpu/u_pipe_id_ex/u_ex_stage/_a[2]
    SLICE_X22Y15         CARRY4 (Prop_carry4_DI[3]_CO[3])
                                                      0.385     3.281 r  u_cpu/u_pipe_id_ex/o_d_ad_reg[3]_i_1/CO[3]
                         net (fo=1, routed)           0.000     3.281    u_cpu/u_pipe_id_ex/o_d_ad_reg[3]_i_1_n_0
    SLICE_X22Y16         CARRY4 (Prop_carry4_CI_O[2])
                                                      0.256     3.537 r  u_cpu/u_pipe_id_ex/o_d_ad_reg[7]_i_1/O[2]
                         net (fo=5, routed)           0.448     3.986    u_cpu/u_pipe_id_ex/_ex_d_ad[5]
    SLICE_X23Y15         LUT3 (Prop_lut3_I0_O)        0.302     4.288 r  u_cpu/u_pipe_id_ex/_btb_target_reg_0_63_3_5_i_3/O
                         net (fo=3, routed)           0.746     5.034    u_cpu/u_pipe_id_ex/_ex_branch_target_out[5]
    SLICE_X21Y16         LUT6 (Prop_lut6_I4_O)        0.124     5.158 r  u_cpu/u_pipe_id_ex/_pc_d1[15]_i_14/O
                         net (fo=1, routed)           0.000     5.158    u_cpu/u_pipe_id_ex/_pc_d1[15]_i_14_n_0
    SLICE_X21Y16         CARRY4 (Prop_carry4_S[1]_CO[3])
                                                      0.550     5.708 r  u_cpu/u_pipe_id_ex/_pc_d1_reg[15]_i_9/CO[3]
                         net (fo=1, routed)           0.000     5.708    u_cpu/u_pipe_id_ex/_pc_d1_reg[15]_i_9_n_0
    SLICE_X21Y17         CARRY4 (Prop_carry4_CI_CO[1])
                                                      0.157     5.865 r  u_cpu/u_pipe_id_ex/_pc_d1_reg[15]_i_6/CO[1]
                         net (fo=2, routed)           0.423     6.288    u_cpu/u_pipe_id_ex/_bx_mispredict2
    SLICE_X21Y15         LUT3 (Prop_lut3_I2_O)        0.329     6.617 f  u_cpu/u_pipe_id_ex/_pred_taken_d1_i_5/O
                         net (fo=2, routed)           0.883     7.500    u_cpu/u_pipe_id_ex/_pred_taken_d1_i_5_n_0
    SLICE_X25Y15         LUT6 (Prop_lut6_I4_O)        0.124     7.624 r  u_cpu/u_pipe_id_ex/o_valid_i_1_comp/O
                         net (fo=135, routed)         0.867     8.491    u_cpu/u_pipe_id_ex/o_valid_i_1_n_0
    SLICE_X24Y15         FDRE                                         r  u_cpu/u_pipe_id_ex/o_lookup_ghr_reg[5]/R
  -------------------------------------------------------------------    -------------------

                         (clock clk_out1_clk_wiz_0 rise edge)
                                                     10.000    10.000 r  
    K17                                               0.000    10.000 r  i_clk (IN)
                         net (fo=0)                   0.000    10.000    clk_gen/inst/clk_in1
    K17                  IBUF (Prop_ibuf_I_O)         1.421    11.421 r  clk_gen/inst/clkin1_ibufg/O
                         net (fo=1, routed)           1.162    12.583    clk_gen/inst/clk_in1_clk_wiz_0
    MMCME2_ADV_X0Y1      MMCME2_ADV (Prop_mmcme2_adv_CLKIN1_CLKOUT0)
                                                     -7.105     5.478 r  clk_gen/inst/mmcm_adv_inst/CLKOUT0
                         net (fo=1, routed)           1.599     7.077    clk_gen/inst/clk_out1_clk_wiz_0
    BUFGCTRL_X0Y16       BUFG (Prop_bufg_I_O)         0.091     7.168 r  clk_gen/inst/clkout1_buf/O
                         net (fo=5738, routed)        1.492     8.661    u_cpu/u_pipe_id_ex/clk_out1
    SLICE_X24Y15         FDRE                                         r  u_cpu/u_pipe_id_ex/o_lookup_ghr_reg[5]/C
                         clock pessimism              0.588     9.249    
                         clock uncertainty           -0.068     9.181    
    SLICE_X24Y15         FDRE (Setup_fdre_C_R)       -0.524     8.657    u_cpu/u_pipe_id_ex/o_lookup_ghr_reg[5]
  -------------------------------------------------------------------
                         required time                          8.657    
                         arrival time                          -8.491    
  -------------------------------------------------------------------
                         slack                                  0.165    





Min Delay Paths
--------------------------------------------------------------------------------------
Slack (MET) :             0.100ns  (arrival time - required time)
  Source:                 u_periph/u_vga/_char_waddr_reg[10]/C
                            (rising edge-triggered cell FDRE clocked by clk_out1_clk_wiz_0  {rise@0.000ns fall@5.000ns period=10.000ns})
  Destination:            <hidden>
                            (rising edge-triggered cell RAMB36E1 clocked by clk_out1_clk_wiz_0  {rise@0.000ns fall@5.000ns period=10.000ns})
  Path Group:             clk_out1_clk_wiz_0
  Path Type:              Hold (Min at Fast Process Corner)
  Requirement:            0.000ns  (clk_out1_clk_wiz_0 rise@0.000ns - clk_out1_clk_wiz_0 rise@0.000ns)
  Data Path Delay:        0.360ns  (logic 0.141ns (39.191%)  route 0.219ns (60.809%))
  Logic Levels:           0  
  Clock Path Skew:        0.076ns (DCD - SCD - CPR)
    Destination Clock Delay (DCD):    -0.688ns
    Source Clock Delay      (SCD):    -0.495ns
    Clock Pessimism Removal (CPR):    -0.269ns

    Location             Delay type                Incr(ns)  Path(ns)    Netlist Resource(s)
  -------------------------------------------------------------------    -------------------
                         (clock clk_out1_clk_wiz_0 rise edge)
                                                      0.000     0.000 r  
    K17                                               0.000     0.000 r  i_clk (IN)
                         net (fo=0)                   0.000     0.000    clk_gen/inst/clk_in1
    K17                  IBUF (Prop_ibuf_I_O)         0.259     0.259 r  clk_gen/inst/clkin1_ibufg/O
                         net (fo=1, routed)           0.440     0.700    clk_gen/inst/clk_in1_clk_wiz_0
    MMCME2_ADV_X0Y1      MMCME2_ADV (Prop_mmcme2_adv_CLKIN1_CLKOUT0)
                                                     -2.268    -1.568 r  clk_gen/inst/mmcm_adv_inst/CLKOUT0
                         net (fo=1, routed)           0.482    -1.086    clk_gen/inst/clk_out1_clk_wiz_0
    BUFGCTRL_X0Y16       BUFG (Prop_bufg_I_O)         0.026    -1.060 r  clk_gen/inst/clkout1_buf/O
                         net (fo=5738, routed)        0.565    -0.495    u_periph/u_vga/clk_out1
    SLICE_X29Y5          FDRE                                         r  u_periph/u_vga/_char_waddr_reg[10]/C
  -------------------------------------------------------------------    -------------------
    SLICE_X29Y5          FDRE (Prop_fdre_C_Q)         0.141    -0.354 r  u_periph/u_vga/_char_waddr_reg[10]/Q
                         net (fo=1, routed)           0.219    -0.136    <hidden>
    RAMB36_X1Y1          RAMB36E1                                     r  <hidden>
  -------------------------------------------------------------------    -------------------

                         (clock clk_out1_clk_wiz_0 rise edge)
                                                      0.000     0.000 r  
    K17                                               0.000     0.000 r  i_clk (IN)
                         net (fo=0)                   0.000     0.000    clk_gen/inst/clk_in1
    K17                  IBUF (Prop_ibuf_I_O)         0.447     0.447 r  clk_gen/inst/clkin1_ibufg/O
                         net (fo=1, routed)           0.480     0.927    clk_gen/inst/clk_in1_clk_wiz_0
    MMCME2_ADV_X0Y1      MMCME2_ADV (Prop_mmcme2_adv_CLKIN1_CLKOUT0)
                                                     -3.047    -2.120 r  clk_gen/inst/mmcm_adv_inst/CLKOUT0
                         net (fo=1, routed)           0.528    -1.592    clk_gen/inst/clk_out1_clk_wiz_0
    BUFGCTRL_X0Y16       BUFG (Prop_bufg_I_O)         0.029    -1.563 r  clk_gen/inst/clkout1_buf/O
                         net (fo=5738, routed)        0.874    -0.688    <hidden>
    RAMB36_X1Y1          RAMB36E1                                     r  <hidden>
                         clock pessimism              0.269    -0.419    
    RAMB36_X1Y1          RAMB36E1 (Hold_ramb36e1_CLKARDCLK_ADDRARDADDR[13])
                                                      0.183    -0.236    <hidden>
  -------------------------------------------------------------------
                         required time                          0.236    
                         arrival time                          -0.136    
  -------------------------------------------------------------------
                         slack                                  0.100    





Pulse Width Checks
--------------------------------------------------------------------------------------
Clock Name:         clk_out1_clk_wiz_0
Waveform(ns):       { 0.000 5.000 }
Period(ns):         10.000
Sources:            { clk_gen/inst/mmcm_adv_inst/CLKOUT0 }

Check Type        Corner  Lib Pin             Reference Pin  Required(ns)  Actual(ns)  Slack(ns)  Location         Pin
Min Period        n/a     RAMB18E1/CLKARDCLK  n/a            2.944         10.000      7.056      RAMB18_X2Y6      u_mem/_mem_h_reg/CLKARDCLK
Max Period        n/a     MMCME2_ADV/CLKOUT0  n/a            213.360       10.000      203.360    MMCME2_ADV_X0Y1  clk_gen/inst/mmcm_adv_inst/CLKOUT0
Low Pulse Width   Slow    RAMD64E/CLK         n/a            1.250         5.000       3.750      SLICE_X30Y19     u_cpu/u_bpu/_btb_tag_reg_0_63_0_2/RAMA/CLK
High Pulse Width  Slow    RAMD64E/CLK         n/a            1.250         5.000       3.750      SLICE_X30Y19     u_cpu/u_bpu/_btb_tag_reg_0_63_0_2/RAMA/CLK



---------------------------------------------------------------------------------------------------
From Clock:  clk_out2_clk_wiz_0
  To Clock:  clk_out2_clk_wiz_0

Setup :            0  Failing Endpoints,  Worst Slack       24.813ns,  Total Violation        0.000ns
Hold  :            0  Failing Endpoints,  Worst Slack        0.122ns,  Total Violation        0.000ns
PW    :            0  Failing Endpoints,  Worst Slack       18.809ns,  Total Violation        0.000ns
---------------------------------------------------------------------------------------------------


Max Delay Paths
--------------------------------------------------------------------------------------
Slack (MET) :             24.813ns  (required time - arrival time)
  Source:                 u_periph/u_vga/vsync_module/_lineCounter_reg[1]/C
                            (rising edge-triggered cell FDRE clocked by clk_out2_clk_wiz_0  {rise@0.000ns fall@19.789ns period=39.579ns})
  Destination:            u_periph/u_vga/hsync_module/_vga_green_reg[3]/D
                            (rising edge-triggered cell FDRE clocked by clk_out2_clk_wiz_0  {rise@0.000ns fall@19.789ns period=39.579ns})
  Path Group:             clk_out2_clk_wiz_0
  Path Type:              Setup (Max at Slow Process Corner)
  Requirement:            39.579ns  (clk_out2_clk_wiz_0 rise@39.579ns - clk_out2_clk_wiz_0 rise@0.000ns)
  Data Path Delay:        14.652ns  (logic 2.089ns (14.258%)  route 12.563ns (85.742%))
  Logic Levels:           10  (LUT5=2 LUT6=6 MUXF7=1 MUXF8=1)
  Clock Path Skew:        -0.060ns (DCD - SCD + CPR)
    Destination Clock Delay (DCD):    -1.331ns = ( 38.248 - 39.579 ) 
    Source Clock Delay      (SCD):    -0.683ns
    Clock Pessimism Removal (CPR):    0.588ns
  Clock Uncertainty:      0.085ns  ((TSJ^2 + DJ^2)^1/2) / 2 + PE
    Total System Jitter     (TSJ):    0.071ns
    Discrete Jitter          (DJ):    0.155ns
    Phase Error              (PE):    0.000ns

    Location             Delay type                Incr(ns)  Path(ns)    Netlist Resource(s)
  -------------------------------------------------------------------    -------------------
                         (clock clk_out2_clk_wiz_0 rise edge)
                                                      0.000     0.000 r  
    K17                                               0.000     0.000 r  i_clk (IN)
                         net (fo=0)                   0.000     0.000    clk_gen/inst/clk_in1
    K17                  IBUF (Prop_ibuf_I_O)         1.492     1.492 r  clk_gen/inst/clkin1_ibufg/O
                         net (fo=1, routed)           1.285     2.777    clk_gen/inst/clk_in1_clk_wiz_0
    MMCME2_ADV_X0Y1      MMCME2_ADV (Prop_mmcme2_adv_CLKIN1_CLKOUT1)
                                                     -6.996    -4.219 r  clk_gen/inst/mmcm_adv_inst/CLKOUT1
                         net (fo=1, routed)           1.760    -2.459    clk_gen/inst/clk_out2_clk_wiz_0
    BUFGCTRL_X0Y17       BUFG (Prop_bufg_I_O)         0.101    -2.358 r  clk_gen/inst/clkout2_buf/O
                         net (fo=175, routed)         1.675    -0.683    u_periph/u_vga/vsync_module/i_clk
    SLICE_X17Y9          FDRE                                         r  u_periph/u_vga/vsync_module/_lineCounter_reg[1]/C
  -------------------------------------------------------------------    -------------------
    SLICE_X17Y9          FDRE (Prop_fdre_C_Q)         0.419    -0.264 r  u_periph/u_vga/vsync_module/_lineCounter_reg[1]/Q
                         net (fo=418, routed)         6.859     6.595    <hidden>
    SLICE_X32Y5          LUT6 (Prop_lut6_I4_O)        0.299     6.894 r  <hidden>
                         net (fo=1, routed)           0.955     7.849    <hidden>
    SLICE_X31Y4          LUT6 (Prop_lut6_I3_O)        0.124     7.973 r  <hidden>
                         net (fo=1, routed)           0.720     8.693    <hidden>
    SLICE_X29Y2          LUT6 (Prop_lut6_I0_O)        0.124     8.817 r  <hidden>
                         net (fo=1, routed)           0.000     8.817    <hidden>
    SLICE_X29Y2          MUXF7 (Prop_muxf7_I1_O)      0.217     9.034 r  <hidden>
                         net (fo=1, routed)           0.000     9.034    <hidden>
    SLICE_X29Y2          MUXF8 (Prop_muxf8_I1_O)      0.094     9.128 r  <hidden>
                         net (fo=1, routed)           0.955    10.084    u_periph/u_vga/_font_data[7]
    SLICE_X29Y6          LUT5 (Prop_lut5_I2_O)        0.316    10.400 r  u_periph/u_vga/hsync_module_i_4/O
                         net (fo=1, routed)           0.665    11.065    u_periph/u_vga/hsync_module_i_4_n_0
    SLICE_X29Y6          LUT6 (Prop_lut6_I5_O)        0.124    11.189 r  u_periph/u_vga/hsync_module_i_3/O
                         net (fo=1, routed)           0.668    11.857    u_periph/u_vga/hsync_module_i_3_n_0
    SLICE_X24Y6          LUT6 (Prop_lut6_I0_O)        0.124    11.981 r  u_periph/u_vga/hsync_module_i_2/O
                         net (fo=1, routed)           0.282    12.263    u_periph/u_vga/hsync_module_i_2_n_0
    SLICE_X24Y6          LUT6 (Prop_lut6_I0_O)        0.124    12.387 r  u_periph/u_vga/hsync_module_i_1/O
                         net (fo=12, routed)          1.458    13.845    u_periph/u_vga/hsync_module/i_pixel_activo
    SLICE_X21Y9          LUT5 (Prop_lut5_I4_O)        0.124    13.969 r  u_periph/u_vga/hsync_module/_vga_green[3]_i_1/O
                         net (fo=1, routed)           0.000    13.969    u_periph/u_vga/hsync_module/_vga_green[3]_i_1_n_0
    SLICE_X21Y9          FDRE                                         r  u_periph/u_vga/hsync_module/_vga_green_reg[3]/D
  -------------------------------------------------------------------    -------------------

                         (clock clk_out2_clk_wiz_0 rise edge)
                                                     39.579    39.579 r  
    K17                                               0.000    39.579 r  i_clk (IN)
                         net (fo=0)                   0.000    39.579    clk_gen/inst/clk_in1
    K17                  IBUF (Prop_ibuf_I_O)         1.421    41.000 r  clk_gen/inst/clkin1_ibufg/O
                         net (fo=1, routed)           1.162    42.162    clk_gen/inst/clk_in1_clk_wiz_0
    MMCME2_ADV_X0Y1      MMCME2_ADV (Prop_mmcme2_adv_CLKIN1_CLKOUT1)
                                                     -7.105    35.057 r  clk_gen/inst/mmcm_adv_inst/CLKOUT1
                         net (fo=1, routed)           1.599    36.656    clk_gen/inst/clk_out2_clk_wiz_0
    BUFGCTRL_X0Y17       BUFG (Prop_bufg_I_O)         0.091    36.747 r  clk_gen/inst/clkout2_buf/O
                         net (fo=175, routed)         1.500    38.248    u_periph/u_vga/hsync_module/i_clk
    SLICE_X21Y9          FDRE                                         r  u_periph/u_vga/hsync_module/_vga_green_reg[3]/C
                         clock pessimism              0.588    38.836    
                         clock uncertainty           -0.085    38.750    
    SLICE_X21Y9          FDRE (Setup_fdre_C_D)        0.031    38.781    u_periph/u_vga/hsync_module/_vga_green_reg[3]
  -------------------------------------------------------------------
                         required time                         38.781    
                         arrival time                         -13.969    
  -------------------------------------------------------------------
                         slack                                 24.813    





Min Delay Paths
--------------------------------------------------------------------------------------
Slack (MET) :             0.122ns  (arrival time - required time)
  Source:                 u_periph/u_vga/u_system/vga_system_i/axi_vdma_0/U0/I_RST_MODULE/GEN_RESET_FOR_MM2S.RESET_I/GEN_RESET_FOR_ASYNC.AXIS_RESET_CDC_I/syncstages_ff_reg[0]/C
                            (rising edge-triggered cell FDRE clocked by clk_out2_clk_wiz_0  {rise@0.000ns fall@19.789ns period=39.579ns})
  Destination:            u_periph/u_vga/u_system/vga_system_i/axi_vdma_0/U0/I_RST_MODULE/GEN_RESET_FOR_MM2S.RESET_I/GEN_RESET_FOR_ASYNC.AXIS_RESET_CDC_I/syncstages_ff_reg[1]/D
                            (rising edge-triggered cell FDRE clocked by clk_out2_clk_wiz_0  {rise@0.000ns fall@19.789ns period=39.579ns})
  Path Group:             clk_out2_clk_wiz_0
  Path Type:              Hold (Min at Fast Process Corner)
  Requirement:            0.000ns  (clk_out2_clk_wiz_0 rise@0.000ns - clk_out2_clk_wiz_0 rise@0.000ns)
  Data Path Delay:        0.197ns  (logic 0.141ns (71.611%)  route 0.056ns (28.389%))
  Logic Levels:           0  
  Clock Path Skew:        0.000ns (DCD - SCD - CPR)
    Destination Clock Delay (DCD):    -0.740ns
    Source Clock Delay      (SCD):    -0.502ns
    Clock Pessimism Removal (CPR):    -0.237ns

    Location             Delay type                Incr(ns)  Path(ns)    Netlist Resource(s)
  -------------------------------------------------------------------    -------------------
                         (clock clk_out2_clk_wiz_0 rise edge)
                                                      0.000     0.000 r  
    K17                                               0.000     0.000 r  i_clk (IN)
                         net (fo=0)                   0.000     0.000    clk_gen/inst/clk_in1
    K17                  IBUF (Prop_ibuf_I_O)         0.259     0.259 r  clk_gen/inst/clkin1_ibufg/O
                         net (fo=1, routed)           0.440     0.700    clk_gen/inst/clk_in1_clk_wiz_0
    MMCME2_ADV_X0Y1      MMCME2_ADV (Prop_mmcme2_adv_CLKIN1_CLKOUT1)
                                                     -2.268    -1.568 r  clk_gen/inst/mmcm_adv_inst/CLKOUT1
                         net (fo=1, routed)           0.482    -1.086    clk_gen/inst/clk_out2_clk_wiz_0
    BUFGCTRL_X0Y17       BUFG (Prop_bufg_I_O)         0.026    -1.060 r  clk_gen/inst/clkout2_buf/O
                         net (fo=175, routed)         0.558    -0.502    u_periph/u_vga/u_system/vga_system_i/axi_vdma_0/U0/I_RST_MODULE/GEN_RESET_FOR_MM2S.RESET_I/GEN_RESET_FOR_ASYNC.AXIS_RESET_CDC_I/dest_clk
    SLICE_X11Y22         FDRE                                         r  u_periph/u_vga/u_system/vga_system_i/axi_vdma_0/U0/I_RST_MODULE/GEN_RESET_FOR_MM2S.RESET_I/GEN_RESET_FOR_ASYNC.AXIS_RESET_CDC_I/syncstages_ff_reg[0]/C
  -------------------------------------------------------------------    -------------------
    SLICE_X11Y22         FDRE (Prop_fdre_C_Q)         0.141    -0.361 r  u_periph/u_vga/u_system/vga_system_i/axi_vdma_0/U0/I_RST_MODULE/GEN_RESET_FOR_MM2S.RESET_I/GEN_RESET_FOR_ASYNC.AXIS_RESET_CDC_I/syncstages_ff_reg[0]/Q
                         net (fo=1, routed)           0.056    -0.306    u_periph/u_vga/u_system/vga_system_i/axi_vdma_0/U0/I_RST_MODULE/GEN_RESET_FOR_MM2S.RESET_I/GEN_RESET_FOR_ASYNC.AXIS_RESET_CDC_I/syncstages_ff[0]
    SLICE_X11Y22         FDRE                                         r  u_periph/u_vga/u_system/vga_system_i/axi_vdma_0/U0/I_RST_MODULE/GEN_RESET_FOR_MM2S.RESET_I/GEN_RESET_FOR_ASYNC.AXIS_RESET_CDC_I/syncstages_ff_reg[1]/D
  -------------------------------------------------------------------    -------------------

                         (clock clk_out2_clk_wiz_0 rise edge)
                                                      0.000     0.000 r  
    K17                                               0.000     0.000 r  i_clk (IN)
                         net (fo=0)                   0.000     0.000    clk_gen/inst/clk_in1
    K17                  IBUF (Prop_ibuf_I_O)         0.447     0.447 r  clk_gen/inst/clkin1_ibufg/O
                         net (fo=1, routed)           0.480     0.927    clk_gen/inst/clk_in1_clk_wiz_0
    MMCME2_ADV_X0Y1      MMCME2_ADV (Prop_mmcme2_adv_CLKIN1_CLKOUT1)
                                                     -3.047    -2.120 r  clk_gen/inst/mmcm_adv_inst/CLKOUT1
                         net (fo=1, routed)           0.528    -1.592    clk_gen/inst/clk_out2_clk_wiz_0
    BUFGCTRL_X0Y17       BUFG (Prop_bufg_I_O)         0.029    -1.563 r  clk_gen/inst/clkout2_buf/O
                         net (fo=175, routed)         0.823    -0.740    u_periph/u_vga/u_system/vga_system_i/axi_vdma_0/U0/I_RST_MODULE/GEN_RESET_FOR_MM2S.RESET_I/GEN_RESET_FOR_ASYNC.AXIS_RESET_CDC_I/dest_clk
    SLICE_X11Y22         FDRE                                         r  u_periph/u_vga/u_system/vga_system_i/axi_vdma_0/U0/I_RST_MODULE/GEN_RESET_FOR_MM2S.RESET_I/GEN_RESET_FOR_ASYNC.AXIS_RESET_CDC_I/syncstages_ff_reg[1]/C
                         clock pessimism              0.237    -0.502    
    SLICE_X11Y22         FDRE (Hold_fdre_C_D)         0.075    -0.427    u_periph/u_vga/u_system/vga_system_i/axi_vdma_0/U0/I_RST_MODULE/GEN_RESET_FOR_MM2S.RESET_I/GEN_RESET_FOR_ASYNC.AXIS_RESET_CDC_I/syncstages_ff_reg[1]
  -------------------------------------------------------------------
                         required time                          0.427    
                         arrival time                          -0.306    
  -------------------------------------------------------------------
                         slack                                  0.122    





Pulse Width Checks
--------------------------------------------------------------------------------------
Clock Name:         clk_out2_clk_wiz_0
Waveform(ns):       { 0.000 19.789 }
Period(ns):         39.579
Sources:            { clk_gen/inst/mmcm_adv_inst/CLKOUT1 }

Check Type        Corner  Lib Pin             Reference Pin  Required(ns)  Actual(ns)  Slack(ns)  Location         Pin
Min Period        n/a     RAMB36E1/CLKBWRCLK  n/a            2.576         39.579      37.003     RAMB36_X1Y1      <hidden>
Max Period        n/a     MMCME2_ADV/CLKOUT1  n/a            213.360       39.579      173.781    MMCME2_ADV_X0Y1  clk_gen/inst/mmcm_adv_inst/CLKOUT1
Low Pulse Width   Slow    SRL16E/CLK          n/a            0.980         19.789      18.809     SLICE_X12Y11     <hidden>
High Pulse Width  Slow    SRL16E/CLK          n/a            0.980         19.789      18.809     SLICE_X12Y11     <hidden>



---------------------------------------------------------------------------------------------------
From Clock:  clkfbout_clk_wiz_0
  To Clock:  clkfbout_clk_wiz_0

Setup :           NA  Failing Endpoints,  Worst Slack           NA  ,  Total Violation           NA
Hold  :           NA  Failing Endpoints,  Worst Slack           NA  ,  Total Violation           NA
PW    :            0  Failing Endpoints,  Worst Slack        7.845ns,  Total Violation        0.000ns
---------------------------------------------------------------------------------------------------


Pulse Width Checks
--------------------------------------------------------------------------------------
Clock Name:         clkfbout_clk_wiz_0
Waveform(ns):       { 0.000 5.000 }
Period(ns):         10.000
Sources:            { clk_gen/inst/mmcm_adv_inst/CLKFBOUT }

Check Type  Corner  Lib Pin             Reference Pin  Required(ns)  Actual(ns)  Slack(ns)  Location         Pin
Min Period  n/a     BUFG/I              n/a            2.155         10.000      7.845      BUFGCTRL_X0Y18   clk_gen/inst/clkf_buf/I
Max Period  n/a     MMCME2_ADV/CLKFBIN  n/a            100.000       10.000      90.000     MMCME2_ADV_X0Y1  clk_gen/inst/mmcm_adv_inst/CLKFBIN



---------------------------------------------------------------------------------------------------
From Clock:  sys_clk_pin
  To Clock:  sys_clk_pin

Setup :           NA  Failing Endpoints,  Worst Slack           NA  ,  Total Violation           NA
Hold  :           NA  Failing Endpoints,  Worst Slack           NA  ,  Total Violation           NA
PW    :            0  Failing Endpoints,  Worst Slack        3.000ns,  Total Violation        0.000ns
---------------------------------------------------------------------------------------------------


Pulse Width Checks
--------------------------------------------------------------------------------------
Clock Name:         sys_clk_pin
Waveform(ns):       { 0.000 5.000 }
Period(ns):         10.000
Sources:            { i_clk }

Check Type        Corner  Lib Pin            Reference Pin  Required(ns)  Actual(ns)  Slack(ns)  Location         Pin
Min Period        n/a     MMCME2_ADV/CLKIN1  n/a            1.249         10.000      8.751      MMCME2_ADV_X0Y1  clk_gen/inst/mmcm_adv_inst/CLKIN1
Max Period        n/a     MMCME2_ADV/CLKIN1  n/a            100.000       10.000      90.000     MMCME2_ADV_X0Y1  clk_gen/inst/mmcm_adv_inst/CLKIN1
Low Pulse Width   Slow    MMCME2_ADV/CLKIN1  n/a            2.000         5.000       3.000      MMCME2_ADV_X0Y1  clk_gen/inst/mmcm_adv_inst/CLKIN1
High Pulse Width  Slow    MMCME2_ADV/CLKIN1  n/a            2.000         5.000       3.000      MMCME2_ADV_X0Y1  clk_gen/inst/mmcm_adv_inst/CLKIN1



---------------------------------------------------------------------------------------------------
From Clock:  clk_out1_clk_wiz_0_1
  To Clock:  clk_out1_clk_wiz_0_1

Setup :            0  Failing Endpoints,  Worst Slack        0.166ns,  Total Violation        0.000ns
Hold  :            0  Failing Endpoints,  Worst Slack        0.100ns,  Total Violation        0.000ns
PW    :            0  Failing Endpoints,  Worst Slack        3.750ns,  Total Violation        0.000ns
---------------------------------------------------------------------------------------------------


Max Delay Paths
--------------------------------------------------------------------------------------
Slack (MET) :             0.166ns  (required time - arrival time)
  Source:                 u_cpu/u_pipe_id_ex/o_rd_reg[2]/C
                            (rising edge-triggered cell FDRE clocked by clk_out1_clk_wiz_0_1  {rise@0.000ns fall@5.000ns period=10.000ns})
  Destination:            u_cpu/u_pipe_id_ex/o_lookup_ghr_reg[5]/R
                            (rising edge-triggered cell FDRE clocked by clk_out1_clk_wiz_0_1  {rise@0.000ns fall@5.000ns period=10.000ns})
  Path Group:             clk_out1_clk_wiz_0_1
  Path Type:              Setup (Max at Slow Process Corner)
  Requirement:            10.000ns  (clk_out1_clk_wiz_0_1 rise@10.000ns - clk_out1_clk_wiz_0_1 rise@0.000ns)
  Data Path Delay:        9.187ns  (logic 3.179ns (34.605%)  route 6.008ns (65.395%))
  Logic Levels:           12  (CARRY4=4 LUT3=4 LUT4=1 LUT6=3)
  Clock Path Skew:        -0.056ns (DCD - SCD + CPR)
    Destination Clock Delay (DCD):    -1.339ns = ( 8.661 - 10.000 ) 
    Source Clock Delay      (SCD):    -0.695ns
    Clock Pessimism Removal (CPR):    0.588ns
  Clock Uncertainty:      0.067ns  ((TSJ^2 + DJ^2)^1/2) / 2 + PE
    Total System Jitter     (TSJ):    0.071ns
    Discrete Jitter          (DJ):    0.115ns
    Phase Error              (PE):    0.000ns

    Location             Delay type                Incr(ns)  Path(ns)    Netlist Resource(s)
  -------------------------------------------------------------------    -------------------
                         (clock clk_out1_clk_wiz_0_1 rise edge)
                                                      0.000     0.000 r  
    K17                                               0.000     0.000 r  i_clk (IN)
                         net (fo=0)                   0.000     0.000    clk_gen/inst/clk_in1
    K17                  IBUF (Prop_ibuf_I_O)         1.492     1.492 r  clk_gen/inst/clkin1_ibufg/O
                         net (fo=1, routed)           1.285     2.777    clk_gen/inst/clk_in1_clk_wiz_0
    MMCME2_ADV_X0Y1      MMCME2_ADV (Prop_mmcme2_adv_CLKIN1_CLKOUT0)
                                                     -6.996    -4.219 r  clk_gen/inst/mmcm_adv_inst/CLKOUT0
                         net (fo=1, routed)           1.760    -2.459    clk_gen/inst/clk_out1_clk_wiz_0
    BUFGCTRL_X0Y16       BUFG (Prop_bufg_I_O)         0.101    -2.358 r  clk_gen/inst/clkout1_buf/O
                         net (fo=5738, routed)        1.663    -0.695    u_cpu/u_pipe_id_ex/clk_out1
    SLICE_X27Y20         FDRE                                         r  u_cpu/u_pipe_id_ex/o_rd_reg[2]/C
  -------------------------------------------------------------------    -------------------
    SLICE_X27Y20         FDRE (Prop_fdre_C_Q)         0.456    -0.239 r  u_cpu/u_pipe_id_ex/o_rd_reg[2]/Q
                         net (fo=8, routed)           0.682     0.443    u_cpu/u_pipe_id_ex/_idex_rd_second[2]
    SLICE_X27Y20         LUT4 (Prop_lut4_I2_O)        0.124     0.567 f  u_cpu/u_pipe_id_ex/_pred_taken_d1_i_15/O
                         net (fo=2, routed)           0.275     0.842    u_cpu/u_pipe_ex_mem/o_store_data_reg[15]_2
    SLICE_X27Y20         LUT6 (Prop_lut6_I0_O)        0.124     0.966 r  u_cpu/u_pipe_ex_mem/_rd_fwd_inferred_i_17/O
                         net (fo=16, routed)          0.673     1.639    u_cpu/u_pipe_ex_mem/_rd_fwd_inferred_i_17_n_0
    SLICE_X26Y17         LUT3 (Prop_lut3_I1_O)        0.124     1.763 r  u_cpu/u_pipe_ex_mem/_rd_fwd_inferred_i_14/O
                         net (fo=5, routed)           0.448     2.211    u_cpu/u_pipe_id_ex/o_wb_pre_data_reg[15]_0[2]
    SLICE_X26Y15         LUT3 (Prop_lut3_I0_O)        0.124     2.335 r  u_cpu/u_pipe_id_ex/o_d_ad[3]_i_3/O
                         net (fo=1, routed)           0.561     2.896    u_cpu/u_pipe_id_ex/u_ex_stage/_a[2]
    SLICE_X22Y15         CARRY4 (Prop_carry4_DI[3]_CO[3])
                                                      0.385     3.281 r  u_cpu/u_pipe_id_ex/o_d_ad_reg[3]_i_1/CO[3]
                         net (fo=1, routed)           0.000     3.281    u_cpu/u_pipe_id_ex/o_d_ad_reg[3]_i_1_n_0
    SLICE_X22Y16         CARRY4 (Prop_carry4_CI_O[2])
                                                      0.256     3.537 r  u_cpu/u_pipe_id_ex/o_d_ad_reg[7]_i_1/O[2]
                         net (fo=5, routed)           0.448     3.986    u_cpu/u_pipe_id_ex/_ex_d_ad[5]
    SLICE_X23Y15         LUT3 (Prop_lut3_I0_O)        0.302     4.288 r  u_cpu/u_pipe_id_ex/_btb_target_reg_0_63_3_5_i_3/O
                         net (fo=3, routed)           0.746     5.034    u_cpu/u_pipe_id_ex/_ex_branch_target_out[5]
    SLICE_X21Y16         LUT6 (Prop_lut6_I4_O)        0.124     5.158 r  u_cpu/u_pipe_id_ex/_pc_d1[15]_i_14/O
                         net (fo=1, routed)           0.000     5.158    u_cpu/u_pipe_id_ex/_pc_d1[15]_i_14_n_0
    SLICE_X21Y16         CARRY4 (Prop_carry4_S[1]_CO[3])
                                                      0.550     5.708 r  u_cpu/u_pipe_id_ex/_pc_d1_reg[15]_i_9/CO[3]
                         net (fo=1, routed)           0.000     5.708    u_cpu/u_pipe_id_ex/_pc_d1_reg[15]_i_9_n_0
    SLICE_X21Y17         CARRY4 (Prop_carry4_CI_CO[1])
                                                      0.157     5.865 r  u_cpu/u_pipe_id_ex/_pc_d1_reg[15]_i_6/CO[1]
                         net (fo=2, routed)           0.423     6.288    u_cpu/u_pipe_id_ex/_bx_mispredict2
    SLICE_X21Y15         LUT3 (Prop_lut3_I2_O)        0.329     6.617 f  u_cpu/u_pipe_id_ex/_pred_taken_d1_i_5/O
                         net (fo=2, routed)           0.883     7.500    u_cpu/u_pipe_id_ex/_pred_taken_d1_i_5_n_0
    SLICE_X25Y15         LUT6 (Prop_lut6_I4_O)        0.124     7.624 r  u_cpu/u_pipe_id_ex/o_valid_i_1_comp/O
                         net (fo=135, routed)         0.867     8.491    u_cpu/u_pipe_id_ex/o_valid_i_1_n_0
    SLICE_X24Y15         FDRE                                         r  u_cpu/u_pipe_id_ex/o_lookup_ghr_reg[5]/R
  -------------------------------------------------------------------    -------------------

                         (clock clk_out1_clk_wiz_0_1 rise edge)
                                                     10.000    10.000 r  
    K17                                               0.000    10.000 r  i_clk (IN)
                         net (fo=0)                   0.000    10.000    clk_gen/inst/clk_in1
    K17                  IBUF (Prop_ibuf_I_O)         1.421    11.421 r  clk_gen/inst/clkin1_ibufg/O
                         net (fo=1, routed)           1.162    12.583    clk_gen/inst/clk_in1_clk_wiz_0
    MMCME2_ADV_X0Y1      MMCME2_ADV (Prop_mmcme2_adv_CLKIN1_CLKOUT0)
                                                     -7.105     5.478 r  clk_gen/inst/mmcm_adv_inst/CLKOUT0
                         net (fo=1, routed)           1.599     7.077    clk_gen/inst/clk_out1_clk_wiz_0
    BUFGCTRL_X0Y16       BUFG (Prop_bufg_I_O)         0.091     7.168 r  clk_gen/inst/clkout1_buf/O
                         net (fo=5738, routed)        1.492     8.661    u_cpu/u_pipe_id_ex/clk_out1
    SLICE_X24Y15         FDRE                                         r  u_cpu/u_pipe_id_ex/o_lookup_ghr_reg[5]/C
                         clock pessimism              0.588     9.249    
                         clock uncertainty           -0.067     9.181    
    SLICE_X24Y15         FDRE (Setup_fdre_C_R)       -0.524     8.657    u_cpu/u_pipe_id_ex/o_lookup_ghr_reg[5]
  -------------------------------------------------------------------
                         required time                          8.657    
                         arrival time                          -8.491    
  -------------------------------------------------------------------
                         slack                                  0.166    





Min Delay Paths
--------------------------------------------------------------------------------------
Slack (MET) :             0.100ns  (arrival time - required time)
  Source:                 u_periph/u_vga/_char_waddr_reg[10]/C
                            (rising edge-triggered cell FDRE clocked by clk_out1_clk_wiz_0_1  {rise@0.000ns fall@5.000ns period=10.000ns})
  Destination:            <hidden>
                            (rising edge-triggered cell RAMB36E1 clocked by clk_out1_clk_wiz_0_1  {rise@0.000ns fall@5.000ns period=10.000ns})
  Path Group:             clk_out1_clk_wiz_0_1
  Path Type:              Hold (Min at Fast Process Corner)
  Requirement:            0.000ns  (clk_out1_clk_wiz_0_1 rise@0.000ns - clk_out1_clk_wiz_0_1 rise@0.000ns)
  Data Path Delay:        0.360ns  (logic 0.141ns (39.191%)  route 0.219ns (60.809%))
  Logic Levels:           0  
  Clock Path Skew:        0.076ns (DCD - SCD - CPR)
    Destination Clock Delay (DCD):    -0.688ns
    Source Clock Delay      (SCD):    -0.495ns
    Clock Pessimism Removal (CPR):    -0.269ns

    Location             Delay type                Incr(ns)  Path(ns)    Netlist Resource(s)
  -------------------------------------------------------------------    -------------------
                         (clock clk_out1_clk_wiz_0_1 rise edge)
                                                      0.000     0.000 r  
    K17                                               0.000     0.000 r  i_clk (IN)
                         net (fo=0)                   0.000     0.000    clk_gen/inst/clk_in1
    K17                  IBUF (Prop_ibuf_I_O)         0.259     0.259 r  clk_gen/inst/clkin1_ibufg/O
                         net (fo=1, routed)           0.440     0.700    clk_gen/inst/clk_in1_clk_wiz_0
    MMCME2_ADV_X0Y1      MMCME2_ADV (Prop_mmcme2_adv_CLKIN1_CLKOUT0)
                                                     -2.268    -1.568 r  clk_gen/inst/mmcm_adv_inst/CLKOUT0
                         net (fo=1, routed)           0.482    -1.086    clk_gen/inst/clk_out1_clk_wiz_0
    BUFGCTRL_X0Y16       BUFG (Prop_bufg_I_O)         0.026    -1.060 r  clk_gen/inst/clkout1_buf/O
                         net (fo=5738, routed)        0.565    -0.495    u_periph/u_vga/clk_out1
    SLICE_X29Y5          FDRE                                         r  u_periph/u_vga/_char_waddr_reg[10]/C
  -------------------------------------------------------------------    -------------------
    SLICE_X29Y5          FDRE (Prop_fdre_C_Q)         0.141    -0.354 r  u_periph/u_vga/_char_waddr_reg[10]/Q
                         net (fo=1, routed)           0.219    -0.136    <hidden>
    RAMB36_X1Y1          RAMB36E1                                     r  <hidden>
  -------------------------------------------------------------------    -------------------

                         (clock clk_out1_clk_wiz_0_1 rise edge)
                                                      0.000     0.000 r  
    K17                                               0.000     0.000 r  i_clk (IN)
                         net (fo=0)                   0.000     0.000    clk_gen/inst/clk_in1
    K17                  IBUF (Prop_ibuf_I_O)         0.447     0.447 r  clk_gen/inst/clkin1_ibufg/O
                         net (fo=1, routed)           0.480     0.927    clk_gen/inst/clk_in1_clk_wiz_0
    MMCME2_ADV_X0Y1      MMCME2_ADV (Prop_mmcme2_adv_CLKIN1_CLKOUT0)
                                                     -3.047    -2.120 r  clk_gen/inst/mmcm_adv_inst/CLKOUT0
                         net (fo=1, routed)           0.528    -1.592    clk_gen/inst/clk_out1_clk_wiz_0
    BUFGCTRL_X0Y16       BUFG (Prop_bufg_I_O)         0.029    -1.563 r  clk_gen/inst/clkout1_buf/O
                         net (fo=5738, routed)        0.874    -0.688    <hidden>
    RAMB36_X1Y1          RAMB36E1                                     r  <hidden>
                         clock pessimism              0.269    -0.419    
    RAMB36_X1Y1          RAMB36E1 (Hold_ramb36e1_CLKARDCLK_ADDRARDADDR[13])
                                                      0.183    -0.236    <hidden>
  -------------------------------------------------------------------
                         required time                          0.236    
                         arrival time                          -0.136    
  -------------------------------------------------------------------
                         slack                                  0.100    





Pulse Width Checks
--------------------------------------------------------------------------------------
Clock Name:         clk_out1_clk_wiz_0_1
Waveform(ns):       { 0.000 5.000 }
Period(ns):         10.000
Sources:            { clk_gen/inst/mmcm_adv_inst/CLKOUT0 }

Check Type        Corner  Lib Pin             Reference Pin  Required(ns)  Actual(ns)  Slack(ns)  Location         Pin
Min Period        n/a     RAMB18E1/CLKARDCLK  n/a            2.944         10.000      7.056      RAMB18_X2Y6      u_mem/_mem_h_reg/CLKARDCLK
Max Period        n/a     MMCME2_ADV/CLKOUT0  n/a            213.360       10.000      203.360    MMCME2_ADV_X0Y1  clk_gen/inst/mmcm_adv_inst/CLKOUT0
Low Pulse Width   Slow    RAMD64E/CLK         n/a            1.250         5.000       3.750      SLICE_X30Y19     u_cpu/u_bpu/_btb_tag_reg_0_63_0_2/RAMA/CLK
High Pulse Width  Slow    RAMD64E/CLK         n/a            1.250         5.000       3.750      SLICE_X30Y19     u_cpu/u_bpu/_btb_tag_reg_0_63_0_2/RAMA/CLK



---------------------------------------------------------------------------------------------------
From Clock:  clk_out2_clk_wiz_0_1
  To Clock:  clk_out2_clk_wiz_0_1

Setup :            0  Failing Endpoints,  Worst Slack       24.816ns,  Total Violation        0.000ns
Hold  :            0  Failing Endpoints,  Worst Slack        0.122ns,  Total Violation        0.000ns
PW    :            0  Failing Endpoints,  Worst Slack       18.809ns,  Total Violation        0.000ns
---------------------------------------------------------------------------------------------------


Max Delay Paths
--------------------------------------------------------------------------------------
Slack (MET) :             24.816ns  (required time - arrival time)
  Source:                 u_periph/u_vga/vsync_module/_lineCounter_reg[1]/C
                            (rising edge-triggered cell FDRE clocked by clk_out2_clk_wiz_0_1  {rise@0.000ns fall@19.789ns period=39.579ns})
  Destination:            u_periph/u_vga/hsync_module/_vga_green_reg[3]/D
                            (rising edge-triggered cell FDRE clocked by clk_out2_clk_wiz_0_1  {rise@0.000ns fall@19.789ns period=39.579ns})
  Path Group:             clk_out2_clk_wiz_0_1
  Path Type:              Setup (Max at Slow Process Corner)
  Requirement:            39.579ns  (clk_out2_clk_wiz_0_1 rise@39.579ns - clk_out2_clk_wiz_0_1 rise@0.000ns)
  Data Path Delay:        14.652ns  (logic 2.089ns (14.258%)  route 12.563ns (85.742%))
  Logic Levels:           10  (LUT5=2 LUT6=6 MUXF7=1 MUXF8=1)
  Clock Path Skew:        -0.060ns (DCD - SCD + CPR)
    Destination Clock Delay (DCD):    -1.331ns = ( 38.248 - 39.579 ) 
    Source Clock Delay      (SCD):    -0.683ns
    Clock Pessimism Removal (CPR):    0.588ns
  Clock Uncertainty:      0.082ns  ((TSJ^2 + DJ^2)^1/2) / 2 + PE
    Total System Jitter     (TSJ):    0.071ns
    Discrete Jitter          (DJ):    0.149ns
    Phase Error              (PE):    0.000ns

    Location             Delay type                Incr(ns)  Path(ns)    Netlist Resource(s)
  -------------------------------------------------------------------    -------------------
                         (clock clk_out2_clk_wiz_0_1 rise edge)
                                                      0.000     0.000 r  
    K17                                               0.000     0.000 r  i_clk (IN)
                         net (fo=0)                   0.000     0.000    clk_gen/inst/clk_in1
    K17                  IBUF (Prop_ibuf_I_O)         1.492     1.492 r  clk_gen/inst/clkin1_ibufg/O
                         net (fo=1, routed)           1.285     2.777    clk_gen/inst/clk_in1_clk_wiz_0
    MMCME2_ADV_X0Y1      MMCME2_ADV (Prop_mmcme2_adv_CLKIN1_CLKOUT1)
                                                     -6.996    -4.219 r  clk_gen/inst/mmcm_adv_inst/CLKOUT1
                         net (fo=1, routed)           1.760    -2.459    clk_gen/inst/clk_out2_clk_wiz_0
    BUFGCTRL_X0Y17       BUFG (Prop_bufg_I_O)         0.101    -2.358 r  clk_gen/inst/clkout2_buf/O
                         net (fo=175, routed)         1.675    -0.683    u_periph/u_vga/vsync_module/i_clk
    SLICE_X17Y9          FDRE                                         r  u_periph/u_vga/vsync_module/_lineCounter_reg[1]/C
  -------------------------------------------------------------------    -------------------
    SLICE_X17Y9          FDRE (Prop_fdre_C_Q)         0.419    -0.264 r  u_periph/u_vga/vsync_module/_lineCounter_reg[1]/Q
                         net (fo=418, routed)         6.859     6.595    <hidden>
    SLICE_X32Y5          LUT6 (Prop_lut6_I4_O)        0.299     6.894 r  <hidden>
                         net (fo=1, routed)           0.955     7.849    <hidden>
    SLICE_X31Y4          LUT6 (Prop_lut6_I3_O)        0.124     7.973 r  <hidden>
                         net (fo=1, routed)           0.720     8.693    <hidden>
    SLICE_X29Y2          LUT6 (Prop_lut6_I0_O)        0.124     8.817 r  <hidden>
                         net (fo=1, routed)           0.000     8.817    <hidden>
    SLICE_X29Y2          MUXF7 (Prop_muxf7_I1_O)      0.217     9.034 r  <hidden>
                         net (fo=1, routed)           0.000     9.034    <hidden>
    SLICE_X29Y2          MUXF8 (Prop_muxf8_I1_O)      0.094     9.128 r  <hidden>
                         net (fo=1, routed)           0.955    10.084    u_periph/u_vga/_font_data[7]
    SLICE_X29Y6          LUT5 (Prop_lut5_I2_O)        0.316    10.400 r  u_periph/u_vga/hsync_module_i_4/O
                         net (fo=1, routed)           0.665    11.065    u_periph/u_vga/hsync_module_i_4_n_0
    SLICE_X29Y6          LUT6 (Prop_lut6_I5_O)        0.124    11.189 r  u_periph/u_vga/hsync_module_i_3/O
                         net (fo=1, routed)           0.668    11.857    u_periph/u_vga/hsync_module_i_3_n_0
    SLICE_X24Y6          LUT6 (Prop_lut6_I0_O)        0.124    11.981 r  u_periph/u_vga/hsync_module_i_2/O
                         net (fo=1, routed)           0.282    12.263    u_periph/u_vga/hsync_module_i_2_n_0
    SLICE_X24Y6          LUT6 (Prop_lut6_I0_O)        0.124    12.387 r  u_periph/u_vga/hsync_module_i_1/O
                         net (fo=12, routed)          1.458    13.845    u_periph/u_vga/hsync_module/i_pixel_activo
    SLICE_X21Y9          LUT5 (Prop_lut5_I4_O)        0.124    13.969 r  u_periph/u_vga/hsync_module/_vga_green[3]_i_1/O
                         net (fo=1, routed)           0.000    13.969    u_periph/u_vga/hsync_module/_vga_green[3]_i_1_n_0
    SLICE_X21Y9          FDRE                                         r  u_periph/u_vga/hsync_module/_vga_green_reg[3]/D
  -------------------------------------------------------------------    -------------------

                         (clock clk_out2_clk_wiz_0_1 rise edge)
                                                     39.579    39.579 r  
    K17                                               0.000    39.579 r  i_clk (IN)
                         net (fo=0)                   0.000    39.579    clk_gen/inst/clk_in1
    K17                  IBUF (Prop_ibuf_I_O)         1.421    41.000 r  clk_gen/inst/clkin1_ibufg/O
                         net (fo=1, routed)           1.162    42.162    clk_gen/inst/clk_in1_clk_wiz_0
    MMCME2_ADV_X0Y1      MMCME2_ADV (Prop_mmcme2_adv_CLKIN1_CLKOUT1)
                                                     -7.105    35.057 r  clk_gen/inst/mmcm_adv_inst/CLKOUT1
                         net (fo=1, routed)           1.599    36.656    clk_gen/inst/clk_out2_clk_wiz_0
    BUFGCTRL_X0Y17       BUFG (Prop_bufg_I_O)         0.091    36.747 r  clk_gen/inst/clkout2_buf/O
                         net (fo=175, routed)         1.500    38.248    u_periph/u_vga/hsync_module/i_clk
    SLICE_X21Y9          FDRE                                         r  u_periph/u_vga/hsync_module/_vga_green_reg[3]/C
                         clock pessimism              0.588    38.836    
                         clock uncertainty           -0.082    38.753    
    SLICE_X21Y9          FDRE (Setup_fdre_C_D)        0.031    38.784    u_periph/u_vga/hsync_module/_vga_green_reg[3]
  -------------------------------------------------------------------
                         required time                         38.784    
                         arrival time                         -13.969    
  -------------------------------------------------------------------
                         slack                                 24.816    





Min Delay Paths
--------------------------------------------------------------------------------------
Slack (MET) :             0.122ns  (arrival time - required time)
  Source:                 u_periph/u_vga/u_system/vga_system_i/axi_vdma_0/U0/I_RST_MODULE/GEN_RESET_FOR_MM2S.RESET_I/GEN_RESET_FOR_ASYNC.AXIS_RESET_CDC_I/syncstages_ff_reg[0]/C
                            (rising edge-triggered cell FDRE clocked by clk_out2_clk_wiz_0_1  {rise@0.000ns fall@19.789ns period=39.579ns})
  Destination:            u_periph/u_vga/u_system/vga_system_i/axi_vdma_0/U0/I_RST_MODULE/GEN_RESET_FOR_MM2S.RESET_I/GEN_RESET_FOR_ASYNC.AXIS_RESET_CDC_I/syncstages_ff_reg[1]/D
                            (rising edge-triggered cell FDRE clocked by clk_out2_clk_wiz_0_1  {rise@0.000ns fall@19.789ns period=39.579ns})
  Path Group:             clk_out2_clk_wiz_0_1
  Path Type:              Hold (Min at Fast Process Corner)
  Requirement:            0.000ns  (clk_out2_clk_wiz_0_1 rise@0.000ns - clk_out2_clk_wiz_0_1 rise@0.000ns)
  Data Path Delay:        0.197ns  (logic 0.141ns (71.611%)  route 0.056ns (28.389%))
  Logic Levels:           0  
  Clock Path Skew:        0.000ns (DCD - SCD - CPR)
    Destination Clock Delay (DCD):    -0.740ns
    Source Clock Delay      (SCD):    -0.502ns
    Clock Pessimism Removal (CPR):    -0.237ns

    Location             Delay type                Incr(ns)  Path(ns)    Netlist Resource(s)
  -------------------------------------------------------------------    -------------------
                         (clock clk_out2_clk_wiz_0_1 rise edge)
                                                      0.000     0.000 r  
    K17                                               0.000     0.000 r  i_clk (IN)
                         net (fo=0)                   0.000     0.000    clk_gen/inst/clk_in1
    K17                  IBUF (Prop_ibuf_I_O)         0.259     0.259 r  clk_gen/inst/clkin1_ibufg/O
                         net (fo=1, routed)           0.440     0.700    clk_gen/inst/clk_in1_clk_wiz_0
    MMCME2_ADV_X0Y1      MMCME2_ADV (Prop_mmcme2_adv_CLKIN1_CLKOUT1)
                                                     -2.268    -1.568 r  clk_gen/inst/mmcm_adv_inst/CLKOUT1
                         net (fo=1, routed)           0.482    -1.086    clk_gen/inst/clk_out2_clk_wiz_0
    BUFGCTRL_X0Y17       BUFG (Prop_bufg_I_O)         0.026    -1.060 r  clk_gen/inst/clkout2_buf/O
                         net (fo=175, routed)         0.558    -0.502    u_periph/u_vga/u_system/vga_system_i/axi_vdma_0/U0/I_RST_MODULE/GEN_RESET_FOR_MM2S.RESET_I/GEN_RESET_FOR_ASYNC.AXIS_RESET_CDC_I/dest_clk
    SLICE_X11Y22         FDRE                                         r  u_periph/u_vga/u_system/vga_system_i/axi_vdma_0/U0/I_RST_MODULE/GEN_RESET_FOR_MM2S.RESET_I/GEN_RESET_FOR_ASYNC.AXIS_RESET_CDC_I/syncstages_ff_reg[0]/C
  -------------------------------------------------------------------    -------------------
    SLICE_X11Y22         FDRE (Prop_fdre_C_Q)         0.141    -0.361 r  u_periph/u_vga/u_system/vga_system_i/axi_vdma_0/U0/I_RST_MODULE/GEN_RESET_FOR_MM2S.RESET_I/GEN_RESET_FOR_ASYNC.AXIS_RESET_CDC_I/syncstages_ff_reg[0]/Q
                         net (fo=1, routed)           0.056    -0.306    u_periph/u_vga/u_system/vga_system_i/axi_vdma_0/U0/I_RST_MODULE/GEN_RESET_FOR_MM2S.RESET_I/GEN_RESET_FOR_ASYNC.AXIS_RESET_CDC_I/syncstages_ff[0]
    SLICE_X11Y22         FDRE                                         r  u_periph/u_vga/u_system/vga_system_i/axi_vdma_0/U0/I_RST_MODULE/GEN_RESET_FOR_MM2S.RESET_I/GEN_RESET_FOR_ASYNC.AXIS_RESET_CDC_I/syncstages_ff_reg[1]/D
  -------------------------------------------------------------------    -------------------

                         (clock clk_out2_clk_wiz_0_1 rise edge)
                                                      0.000     0.000 r  
    K17                                               0.000     0.000 r  i_clk (IN)
                         net (fo=0)                   0.000     0.000    clk_gen/inst/clk_in1
    K17                  IBUF (Prop_ibuf_I_O)         0.447     0.447 r  clk_gen/inst/clkin1_ibufg/O
                         net (fo=1, routed)           0.480     0.927    clk_gen/inst/clk_in1_clk_wiz_0
    MMCME2_ADV_X0Y1      MMCME2_ADV (Prop_mmcme2_adv_CLKIN1_CLKOUT1)
                                                     -3.047    -2.120 r  clk_gen/inst/mmcm_adv_inst/CLKOUT1
                         net (fo=1, routed)           0.528    -1.592    clk_gen/inst/clk_out2_clk_wiz_0
    BUFGCTRL_X0Y17       BUFG (Prop_bufg_I_O)         0.029    -1.563 r  clk_gen/inst/clkout2_buf/O
                         net (fo=175, routed)         0.823    -0.740    u_periph/u_vga/u_system/vga_system_i/axi_vdma_0/U0/I_RST_MODULE/GEN_RESET_FOR_MM2S.RESET_I/GEN_RESET_FOR_ASYNC.AXIS_RESET_CDC_I/dest_clk
    SLICE_X11Y22         FDRE                                         r  u_periph/u_vga/u_system/vga_system_i/axi_vdma_0/U0/I_RST_MODULE/GEN_RESET_FOR_MM2S.RESET_I/GEN_RESET_FOR_ASYNC.AXIS_RESET_CDC_I/syncstages_ff_reg[1]/C
                         clock pessimism              0.237    -0.502    
    SLICE_X11Y22         FDRE (Hold_fdre_C_D)         0.075    -0.427    u_periph/u_vga/u_system/vga_system_i/axi_vdma_0/U0/I_RST_MODULE/GEN_RESET_FOR_MM2S.RESET_I/GEN_RESET_FOR_ASYNC.AXIS_RESET_CDC_I/syncstages_ff_reg[1]
  -------------------------------------------------------------------
                         required time                          0.427    
                         arrival time                          -0.306    
  -------------------------------------------------------------------
                         slack                                  0.122    





Pulse Width Checks
--------------------------------------------------------------------------------------
Clock Name:         clk_out2_clk_wiz_0_1
Waveform(ns):       { 0.000 19.789 }
Period(ns):         39.579
Sources:            { clk_gen/inst/mmcm_adv_inst/CLKOUT1 }

Check Type        Corner  Lib Pin             Reference Pin  Required(ns)  Actual(ns)  Slack(ns)  Location         Pin
Min Period        n/a     RAMB36E1/CLKBWRCLK  n/a            2.576         39.579      37.003     RAMB36_X1Y1      <hidden>
Max Period        n/a     MMCME2_ADV/CLKOUT1  n/a            213.360       39.579      173.781    MMCME2_ADV_X0Y1  clk_gen/inst/mmcm_adv_inst/CLKOUT1
Low Pulse Width   Slow    SRL16E/CLK          n/a            0.980         19.789      18.809     SLICE_X12Y11     <hidden>
High Pulse Width  Slow    SRL16E/CLK          n/a            0.980         19.789      18.809     SLICE_X12Y11     <hidden>



---------------------------------------------------------------------------------------------------
From Clock:  clkfbout_clk_wiz_0_1
  To Clock:  clkfbout_clk_wiz_0_1

Setup :           NA  Failing Endpoints,  Worst Slack           NA  ,  Total Violation           NA
Hold  :           NA  Failing Endpoints,  Worst Slack           NA  ,  Total Violation           NA
PW    :            0  Failing Endpoints,  Worst Slack        7.845ns,  Total Violation        0.000ns
---------------------------------------------------------------------------------------------------


Pulse Width Checks
--------------------------------------------------------------------------------------
Clock Name:         clkfbout_clk_wiz_0_1
Waveform(ns):       { 0.000 5.000 }
Period(ns):         10.000
Sources:            { clk_gen/inst/mmcm_adv_inst/CLKFBOUT }

Check Type  Corner  Lib Pin             Reference Pin  Required(ns)  Actual(ns)  Slack(ns)  Location         Pin
Min Period  n/a     BUFG/I              n/a            2.155         10.000      7.845      BUFGCTRL_X0Y18   clk_gen/inst/clkf_buf/I
Max Period  n/a     MMCME2_ADV/CLKFBIN  n/a            100.000       10.000      90.000     MMCME2_ADV_X0Y1  clk_gen/inst/mmcm_adv_inst/CLKFBIN



---------------------------------------------------------------------------------------------------
From Clock:  clk_out1_clk_wiz_0_1
  To Clock:  clk_out1_clk_wiz_0

Setup :            0  Failing Endpoints,  Worst Slack        0.165ns,  Total Violation        0.000ns
Hold  :            0  Failing Endpoints,  Worst Slack        0.032ns,  Total Violation        0.000ns
---------------------------------------------------------------------------------------------------


Max Delay Paths
--------------------------------------------------------------------------------------
Slack (MET) :             0.165ns  (required time - arrival time)
  Source:                 u_cpu/u_pipe_id_ex/o_rd_reg[2]/C
                            (rising edge-triggered cell FDRE clocked by clk_out1_clk_wiz_0_1  {rise@0.000ns fall@5.000ns period=10.000ns})
  Destination:            u_cpu/u_pipe_id_ex/o_lookup_ghr_reg[5]/R
                            (rising edge-triggered cell FDRE clocked by clk_out1_clk_wiz_0  {rise@0.000ns fall@5.000ns period=10.000ns})
  Path Group:             clk_out1_clk_wiz_0
  Path Type:              Setup (Max at Slow Process Corner)
  Requirement:            10.000ns  (clk_out1_clk_wiz_0 rise@10.000ns - clk_out1_clk_wiz_0_1 rise@0.000ns)
  Data Path Delay:        9.187ns  (logic 3.179ns (34.605%)  route 6.008ns (65.395%))
  Logic Levels:           12  (CARRY4=4 LUT3=4 LUT4=1 LUT6=3)
  Clock Path Skew:        -0.056ns (DCD - SCD + CPR)
    Destination Clock Delay (DCD):    -1.339ns = ( 8.661 - 10.000 ) 
    Source Clock Delay      (SCD):    -0.695ns
    Clock Pessimism Removal (CPR):    0.588ns
  Clock Uncertainty:      0.068ns  ((TSJ^2 + DJ^2)^1/2) / 2 + PE
    Total System Jitter     (TSJ):    0.071ns
    Discrete Jitter          (DJ):    0.116ns
    Phase Error              (PE):    0.000ns
  Clock Domain Crossing:  Inter clock paths are considered valid unless explicitly excluded by timing constraints such as set_clock_groups or set_false_path.

    Location             Delay type                Incr(ns)  Path(ns)    Netlist Resource(s)
  -------------------------------------------------------------------    -------------------
                         (clock clk_out1_clk_wiz_0_1 rise edge)
                                                      0.000     0.000 r  
    K17                                               0.000     0.000 r  i_clk (IN)
                         net (fo=0)                   0.000     0.000    clk_gen/inst/clk_in1
    K17                  IBUF (Prop_ibuf_I_O)         1.492     1.492 r  clk_gen/inst/clkin1_ibufg/O
                         net (fo=1, routed)           1.285     2.777    clk_gen/inst/clk_in1_clk_wiz_0
    MMCME2_ADV_X0Y1      MMCME2_ADV (Prop_mmcme2_adv_CLKIN1_CLKOUT0)
                                                     -6.996    -4.219 r  clk_gen/inst/mmcm_adv_inst/CLKOUT0
                         net (fo=1, routed)           1.760    -2.459    clk_gen/inst/clk_out1_clk_wiz_0
    BUFGCTRL_X0Y16       BUFG (Prop_bufg_I_O)         0.101    -2.358 r  clk_gen/inst/clkout1_buf/O
                         net (fo=5738, routed)        1.663    -0.695    u_cpu/u_pipe_id_ex/clk_out1
    SLICE_X27Y20         FDRE                                         r  u_cpu/u_pipe_id_ex/o_rd_reg[2]/C
  -------------------------------------------------------------------    -------------------
    SLICE_X27Y20         FDRE (Prop_fdre_C_Q)         0.456    -0.239 r  u_cpu/u_pipe_id_ex/o_rd_reg[2]/Q
                         net (fo=8, routed)           0.682     0.443    u_cpu/u_pipe_id_ex/_idex_rd_second[2]
    SLICE_X27Y20         LUT4 (Prop_lut4_I2_O)        0.124     0.567 f  u_cpu/u_pipe_id_ex/_pred_taken_d1_i_15/O
                         net (fo=2, routed)           0.275     0.842    u_cpu/u_pipe_ex_mem/o_store_data_reg[15]_2
    SLICE_X27Y20         LUT6 (Prop_lut6_I0_O)        0.124     0.966 r  u_cpu/u_pipe_ex_mem/_rd_fwd_inferred_i_17/O
                         net (fo=16, routed)          0.673     1.639    u_cpu/u_pipe_ex_mem/_rd_fwd_inferred_i_17_n_0
    SLICE_X26Y17         LUT3 (Prop_lut3_I1_O)        0.124     1.763 r  u_cpu/u_pipe_ex_mem/_rd_fwd_inferred_i_14/O
                         net (fo=5, routed)           0.448     2.211    u_cpu/u_pipe_id_ex/o_wb_pre_data_reg[15]_0[2]
    SLICE_X26Y15         LUT3 (Prop_lut3_I0_O)        0.124     2.335 r  u_cpu/u_pipe_id_ex/o_d_ad[3]_i_3/O
                         net (fo=1, routed)           0.561     2.896    u_cpu/u_pipe_id_ex/u_ex_stage/_a[2]
    SLICE_X22Y15         CARRY4 (Prop_carry4_DI[3]_CO[3])
                                                      0.385     3.281 r  u_cpu/u_pipe_id_ex/o_d_ad_reg[3]_i_1/CO[3]
                         net (fo=1, routed)           0.000     3.281    u_cpu/u_pipe_id_ex/o_d_ad_reg[3]_i_1_n_0
    SLICE_X22Y16         CARRY4 (Prop_carry4_CI_O[2])
                                                      0.256     3.537 r  u_cpu/u_pipe_id_ex/o_d_ad_reg[7]_i_1/O[2]
                         net (fo=5, routed)           0.448     3.986    u_cpu/u_pipe_id_ex/_ex_d_ad[5]
    SLICE_X23Y15         LUT3 (Prop_lut3_I0_O)        0.302     4.288 r  u_cpu/u_pipe_id_ex/_btb_target_reg_0_63_3_5_i_3/O
                         net (fo=3, routed)           0.746     5.034    u_cpu/u_pipe_id_ex/_ex_branch_target_out[5]
    SLICE_X21Y16         LUT6 (Prop_lut6_I4_O)        0.124     5.158 r  u_cpu/u_pipe_id_ex/_pc_d1[15]_i_14/O
                         net (fo=1, routed)           0.000     5.158    u_cpu/u_pipe_id_ex/_pc_d1[15]_i_14_n_0
    SLICE_X21Y16         CARRY4 (Prop_carry4_S[1]_CO[3])
                                                      0.550     5.708 r  u_cpu/u_pipe_id_ex/_pc_d1_reg[15]_i_9/CO[3]
                         net (fo=1, routed)           0.000     5.708    u_cpu/u_pipe_id_ex/_pc_d1_reg[15]_i_9_n_0
    SLICE_X21Y17         CARRY4 (Prop_carry4_CI_CO[1])
                                                      0.157     5.865 r  u_cpu/u_pipe_id_ex/_pc_d1_reg[15]_i_6/CO[1]
                         net (fo=2, routed)           0.423     6.288    u_cpu/u_pipe_id_ex/_bx_mispredict2
    SLICE_X21Y15         LUT3 (Prop_lut3_I2_O)        0.329     6.617 f  u_cpu/u_pipe_id_ex/_pred_taken_d1_i_5/O
                         net (fo=2, routed)           0.883     7.500    u_cpu/u_pipe_id_ex/_pred_taken_d1_i_5_n_0
    SLICE_X25Y15         LUT6 (Prop_lut6_I4_O)        0.124     7.624 r  u_cpu/u_pipe_id_ex/o_valid_i_1_comp/O
                         net (fo=135, routed)         0.867     8.491    u_cpu/u_pipe_id_ex/o_valid_i_1_n_0
    SLICE_X24Y15         FDRE                                         r  u_cpu/u_pipe_id_ex/o_lookup_ghr_reg[5]/R
  -------------------------------------------------------------------    -------------------

                         (clock clk_out1_clk_wiz_0 rise edge)
                                                     10.000    10.000 r  
    K17                                               0.000    10.000 r  i_clk (IN)
                         net (fo=0)                   0.000    10.000    clk_gen/inst/clk_in1
    K17                  IBUF (Prop_ibuf_I_O)         1.421    11.421 r  clk_gen/inst/clkin1_ibufg/O
                         net (fo=1, routed)           1.162    12.583    clk_gen/inst/clk_in1_clk_wiz_0
    MMCME2_ADV_X0Y1      MMCME2_ADV (Prop_mmcme2_adv_CLKIN1_CLKOUT0)
                                                     -7.105     5.478 r  clk_gen/inst/mmcm_adv_inst/CLKOUT0
                         net (fo=1, routed)           1.599     7.077    clk_gen/inst/clk_out1_clk_wiz_0
    BUFGCTRL_X0Y16       BUFG (Prop_bufg_I_O)         0.091     7.168 r  clk_gen/inst/clkout1_buf/O
                         net (fo=5738, routed)        1.492     8.661    u_cpu/u_pipe_id_ex/clk_out1
    SLICE_X24Y15         FDRE                                         r  u_cpu/u_pipe_id_ex/o_lookup_ghr_reg[5]/C
                         clock pessimism              0.588     9.249    
                         clock uncertainty           -0.068     9.181    
    SLICE_X24Y15         FDRE (Setup_fdre_C_R)       -0.524     8.657    u_cpu/u_pipe_id_ex/o_lookup_ghr_reg[5]
  -------------------------------------------------------------------
                         required time                          8.657    
                         arrival time                          -8.491    
  -------------------------------------------------------------------
                         slack                                  0.165    





Min Delay Paths
--------------------------------------------------------------------------------------
Slack (MET) :             0.032ns  (arrival time - required time)
  Source:                 u_periph/u_vga/_char_waddr_reg[10]/C
                            (rising edge-triggered cell FDRE clocked by clk_out1_clk_wiz_0_1  {rise@0.000ns fall@5.000ns period=10.000ns})
  Destination:            <hidden>
                            (rising edge-triggered cell RAMB36E1 clocked by clk_out1_clk_wiz_0  {rise@0.000ns fall@5.000ns period=10.000ns})
  Path Group:             clk_out1_clk_wiz_0
  Path Type:              Hold (Min at Fast Process Corner)
  Requirement:            0.000ns  (clk_out1_clk_wiz_0 rise@0.000ns - clk_out1_clk_wiz_0_1 rise@0.000ns)
  Data Path Delay:        0.360ns  (logic 0.141ns (39.191%)  route 0.219ns (60.809%))
  Logic Levels:           0  
  Clock Path Skew:        0.076ns (DCD - SCD - CPR)
    Destination Clock Delay (DCD):    -0.688ns
    Source Clock Delay      (SCD):    -0.495ns
    Clock Pessimism Removal (CPR):    -0.269ns
  Clock Uncertainty:      0.068ns  ((TSJ^2 + DJ^2)^1/2) / 2 + PE
    Total System Jitter     (TSJ):    0.071ns
    Discrete Jitter          (DJ):    0.116ns
    Phase Error              (PE):    0.000ns
  Clock Domain Crossing:  Inter clock paths are considered valid unless explicitly excluded by timing constraints such as set_clock_groups or set_false_path.

    Location             Delay type                Incr(ns)  Path(ns)    Netlist Resource(s)
  -------------------------------------------------------------------    -------------------
                         (clock clk_out1_clk_wiz_0_1 rise edge)
                                                      0.000     0.000 r  
    K17                                               0.000     0.000 r  i_clk (IN)
                         net (fo=0)                   0.000     0.000    clk_gen/inst/clk_in1
    K17                  IBUF (Prop_ibuf_I_O)         0.259     0.259 r  clk_gen/inst/clkin1_ibufg/O
                         net (fo=1, routed)           0.440     0.700    clk_gen/inst/clk_in1_clk_wiz_0
    MMCME2_ADV_X0Y1      MMCME2_ADV (Prop_mmcme2_adv_CLKIN1_CLKOUT0)
                                                     -2.268    -1.568 r  clk_gen/inst/mmcm_adv_inst/CLKOUT0
                         net (fo=1, routed)           0.482    -1.086    clk_gen/inst/clk_out1_clk_wiz_0
    BUFGCTRL_X0Y16       BUFG (Prop_bufg_I_O)         0.026    -1.060 r  clk_gen/inst/clkout1_buf/O
                         net (fo=5738, routed)        0.565    -0.495    u_periph/u_vga/clk_out1
    SLICE_X29Y5          FDRE                                         r  u_periph/u_vga/_char_waddr_reg[10]/C
  -------------------------------------------------------------------    -------------------
    SLICE_X29Y5          FDRE (Prop_fdre_C_Q)         0.141    -0.354 r  u_periph/u_vga/_char_waddr_reg[10]/Q
                         net (fo=1, routed)           0.219    -0.136    <hidden>
    RAMB36_X1Y1          RAMB36E1                                     r  <hidden>
  -------------------------------------------------------------------    -------------------

                         (clock clk_out1_clk_wiz_0 rise edge)
                                                      0.000     0.000 r  
    K17                                               0.000     0.000 r  i_clk (IN)
                         net (fo=0)                   0.000     0.000    clk_gen/inst/clk_in1
    K17                  IBUF (Prop_ibuf_I_O)         0.447     0.447 r  clk_gen/inst/clkin1_ibufg/O
                         net (fo=1, routed)           0.480     0.927    clk_gen/inst/clk_in1_clk_wiz_0
    MMCME2_ADV_X0Y1      MMCME2_ADV (Prop_mmcme2_adv_CLKIN1_CLKOUT0)
                                                     -3.047    -2.120 r  clk_gen/inst/mmcm_adv_inst/CLKOUT0
                         net (fo=1, routed)           0.528    -1.592    clk_gen/inst/clk_out1_clk_wiz_0
    BUFGCTRL_X0Y16       BUFG (Prop_bufg_I_O)         0.029    -1.563 r  clk_gen/inst/clkout1_buf/O
                         net (fo=5738, routed)        0.874    -0.688    <hidden>
    RAMB36_X1Y1          RAMB36E1                                     r  <hidden>
                         clock pessimism              0.269    -0.419    
                         clock uncertainty            0.068    -0.351    
    RAMB36_X1Y1          RAMB36E1 (Hold_ramb36e1_CLKARDCLK_ADDRARDADDR[13])
                                                      0.183    -0.168    <hidden>
  -------------------------------------------------------------------
                         required time                          0.168    
                         arrival time                          -0.136    
  -------------------------------------------------------------------
                         slack                                  0.032    





---------------------------------------------------------------------------------------------------
From Clock:  clk_out2_clk_wiz_0_1
  To Clock:  clk_out2_clk_wiz_0

Setup :            0  Failing Endpoints,  Worst Slack       24.813ns,  Total Violation        0.000ns
Hold  :            0  Failing Endpoints,  Worst Slack        0.037ns,  Total Violation        0.000ns
---------------------------------------------------------------------------------------------------


Max Delay Paths
--------------------------------------------------------------------------------------
Slack (MET) :             24.813ns  (required time - arrival time)
  Source:                 u_periph/u_vga/vsync_module/_lineCounter_reg[1]/C
                            (rising edge-triggered cell FDRE clocked by clk_out2_clk_wiz_0_1  {rise@0.000ns fall@19.789ns period=39.579ns})
  Destination:            u_periph/u_vga/hsync_module/_vga_green_reg[3]/D
                            (rising edge-triggered cell FDRE clocked by clk_out2_clk_wiz_0  {rise@0.000ns fall@19.789ns period=39.579ns})
  Path Group:             clk_out2_clk_wiz_0
  Path Type:              Setup (Max at Slow Process Corner)
  Requirement:            39.579ns  (clk_out2_clk_wiz_0 rise@39.579ns - clk_out2_clk_wiz_0_1 rise@0.000ns)
  Data Path Delay:        14.652ns  (logic 2.089ns (14.258%)  route 12.563ns (85.742%))
  Logic Levels:           10  (LUT5=2 LUT6=6 MUXF7=1 MUXF8=1)
  Clock Path Skew:        -0.060ns (DCD - SCD + CPR)
    Destination Clock Delay (DCD):    -1.331ns = ( 38.248 - 39.579 ) 
    Source Clock Delay      (SCD):    -0.683ns
    Clock Pessimism Removal (CPR):    0.588ns
  Clock Uncertainty:      0.085ns  ((TSJ^2 + DJ^2)^1/2) / 2 + PE
    Total System Jitter     (TSJ):    0.071ns
    Discrete Jitter          (DJ):    0.155ns
    Phase Error              (PE):    0.000ns
  Clock Domain Crossing:  Inter clock paths are considered valid unless explicitly excluded by timing constraints such as set_clock_groups or set_false_path.

    Location             Delay type                Incr(ns)  Path(ns)    Netlist Resource(s)
  -------------------------------------------------------------------    -------------------
                         (clock clk_out2_clk_wiz_0_1 rise edge)
                                                      0.000     0.000 r  
    K17                                               0.000     0.000 r  i_clk (IN)
                         net (fo=0)                   0.000     0.000    clk_gen/inst/clk_in1
    K17                  IBUF (Prop_ibuf_I_O)         1.492     1.492 r  clk_gen/inst/clkin1_ibufg/O
                         net (fo=1, routed)           1.285     2.777    clk_gen/inst/clk_in1_clk_wiz_0
    MMCME2_ADV_X0Y1      MMCME2_ADV (Prop_mmcme2_adv_CLKIN1_CLKOUT1)
                                                     -6.996    -4.219 r  clk_gen/inst/mmcm_adv_inst/CLKOUT1
                         net (fo=1, routed)           1.760    -2.459    clk_gen/inst/clk_out2_clk_wiz_0
    BUFGCTRL_X0Y17       BUFG (Prop_bufg_I_O)         0.101    -2.358 r  clk_gen/inst/clkout2_buf/O
                         net (fo=175, routed)         1.675    -0.683    u_periph/u_vga/vsync_module/i_clk
    SLICE_X17Y9          FDRE                                         r  u_periph/u_vga/vsync_module/_lineCounter_reg[1]/C
  -------------------------------------------------------------------    -------------------
    SLICE_X17Y9          FDRE (Prop_fdre_C_Q)         0.419    -0.264 r  u_periph/u_vga/vsync_module/_lineCounter_reg[1]/Q
                         net (fo=418, routed)         6.859     6.595    <hidden>
    SLICE_X32Y5          LUT6 (Prop_lut6_I4_O)        0.299     6.894 r  <hidden>
                         net (fo=1, routed)           0.955     7.849    <hidden>
    SLICE_X31Y4          LUT6 (Prop_lut6_I3_O)        0.124     7.973 r  <hidden>
                         net (fo=1, routed)           0.720     8.693    <hidden>
    SLICE_X29Y2          LUT6 (Prop_lut6_I0_O)        0.124     8.817 r  <hidden>
                         net (fo=1, routed)           0.000     8.817    <hidden>
    SLICE_X29Y2          MUXF7 (Prop_muxf7_I1_O)      0.217     9.034 r  <hidden>
                         net (fo=1, routed)           0.000     9.034    <hidden>
    SLICE_X29Y2          MUXF8 (Prop_muxf8_I1_O)      0.094     9.128 r  <hidden>
                         net (fo=1, routed)           0.955    10.084    u_periph/u_vga/_font_data[7]
    SLICE_X29Y6          LUT5 (Prop_lut5_I2_O)        0.316    10.400 r  u_periph/u_vga/hsync_module_i_4/O
                         net (fo=1, routed)           0.665    11.065    u_periph/u_vga/hsync_module_i_4_n_0
    SLICE_X29Y6          LUT6 (Prop_lut6_I5_O)        0.124    11.189 r  u_periph/u_vga/hsync_module_i_3/O
                         net (fo=1, routed)           0.668    11.857    u_periph/u_vga/hsync_module_i_3_n_0
    SLICE_X24Y6          LUT6 (Prop_lut6_I0_O)        0.124    11.981 r  u_periph/u_vga/hsync_module_i_2/O
                         net (fo=1, routed)           0.282    12.263    u_periph/u_vga/hsync_module_i_2_n_0
    SLICE_X24Y6          LUT6 (Prop_lut6_I0_O)        0.124    12.387 r  u_periph/u_vga/hsync_module_i_1/O
                         net (fo=12, routed)          1.458    13.845    u_periph/u_vga/hsync_module/i_pixel_activo
    SLICE_X21Y9          LUT5 (Prop_lut5_I4_O)        0.124    13.969 r  u_periph/u_vga/hsync_module/_vga_green[3]_i_1/O
                         net (fo=1, routed)           0.000    13.969    u_periph/u_vga/hsync_module/_vga_green[3]_i_1_n_0
    SLICE_X21Y9          FDRE                                         r  u_periph/u_vga/hsync_module/_vga_green_reg[3]/D
  -------------------------------------------------------------------    -------------------

                         (clock clk_out2_clk_wiz_0 rise edge)
                                                     39.579    39.579 r  
    K17                                               0.000    39.579 r  i_clk (IN)
                         net (fo=0)                   0.000    39.579    clk_gen/inst/clk_in1
    K17                  IBUF (Prop_ibuf_I_O)         1.421    41.000 r  clk_gen/inst/clkin1_ibufg/O
                         net (fo=1, routed)           1.162    42.162    clk_gen/inst/clk_in1_clk_wiz_0
    MMCME2_ADV_X0Y1      MMCME2_ADV (Prop_mmcme2_adv_CLKIN1_CLKOUT1)
                                                     -7.105    35.057 r  clk_gen/inst/mmcm_adv_inst/CLKOUT1
                         net (fo=1, routed)           1.599    36.656    clk_gen/inst/clk_out2_clk_wiz_0
    BUFGCTRL_X0Y17       BUFG (Prop_bufg_I_O)         0.091    36.747 r  clk_gen/inst/clkout2_buf/O
                         net (fo=175, routed)         1.500    38.248    u_periph/u_vga/hsync_module/i_clk
    SLICE_X21Y9          FDRE                                         r  u_periph/u_vga/hsync_module/_vga_green_reg[3]/C
                         clock pessimism              0.588    38.836    
                         clock uncertainty           -0.085    38.750    
    SLICE_X21Y9          FDRE (Setup_fdre_C_D)        0.031    38.781    u_periph/u_vga/hsync_module/_vga_green_reg[3]
  -------------------------------------------------------------------
                         required time                         38.781    
                         arrival time                         -13.969    
  -------------------------------------------------------------------
                         slack                                 24.813    





Min Delay Paths
--------------------------------------------------------------------------------------
Slack (MET) :             0.037ns  (arrival time - required time)
  Source:                 u_periph/u_vga/u_system/vga_system_i/axi_vdma_0/U0/I_RST_MODULE/GEN_RESET_FOR_MM2S.RESET_I/GEN_RESET_FOR_ASYNC.AXIS_RESET_CDC_I/syncstages_ff_reg[0]/C
                            (rising edge-triggered cell FDRE clocked by clk_out2_clk_wiz_0_1  {rise@0.000ns fall@19.789ns period=39.579ns})
  Destination:            u_periph/u_vga/u_system/vga_system_i/axi_vdma_0/U0/I_RST_MODULE/GEN_RESET_FOR_MM2S.RESET_I/GEN_RESET_FOR_ASYNC.AXIS_RESET_CDC_I/syncstages_ff_reg[1]/D
                            (rising edge-triggered cell FDRE clocked by clk_out2_clk_wiz_0  {rise@0.000ns fall@19.789ns period=39.579ns})
  Path Group:             clk_out2_clk_wiz_0
  Path Type:              Hold (Min at Fast Process Corner)
  Requirement:            0.000ns  (clk_out2_clk_wiz_0 rise@0.000ns - clk_out2_clk_wiz_0_1 rise@0.000ns)
  Data Path Delay:        0.197ns  (logic 0.141ns (71.611%)  route 0.056ns (28.389%))
  Logic Levels:           0  
  Clock Path Skew:        0.000ns (DCD - SCD - CPR)
    Destination Clock Delay (DCD):    -0.740ns
    Source Clock Delay      (SCD):    -0.502ns
    Clock Pessimism Removal (CPR):    -0.237ns
  Clock Uncertainty:      0.085ns  ((TSJ^2 + DJ^2)^1/2) / 2 + PE
    Total System Jitter     (TSJ):    0.071ns
    Discrete Jitter          (DJ):    0.155ns
    Phase Error              (PE):    0.000ns
  Clock Domain Crossing:  Inter clock paths are considered valid unless explicitly excluded by timing constraints such as set_clock_groups or set_false_path.

    Location             Delay type                Incr(ns)  Path(ns)    Netlist Resource(s)
  -------------------------------------------------------------------    -------------------
                         (clock clk_out2_clk_wiz_0_1 rise edge)
                                                      0.000     0.000 r  
    K17                                               0.000     0.000 r  i_clk (IN)
                         net (fo=0)                   0.000     0.000    clk_gen/inst/clk_in1
    K17                  IBUF (Prop_ibuf_I_O)         0.259     0.259 r  clk_gen/inst/clkin1_ibufg/O
                         net (fo=1, routed)           0.440     0.700    clk_gen/inst/clk_in1_clk_wiz_0
    MMCME2_ADV_X0Y1      MMCME2_ADV (Prop_mmcme2_adv_CLKIN1_CLKOUT1)
                                                     -2.268    -1.568 r  clk_gen/inst/mmcm_adv_inst/CLKOUT1
                         net (fo=1, routed)           0.482    -1.086    clk_gen/inst/clk_out2_clk_wiz_0
    BUFGCTRL_X0Y17       BUFG (Prop_bufg_I_O)         0.026    -1.060 r  clk_gen/inst/clkout2_buf/O
                         net (fo=175, routed)         0.558    -0.502    u_periph/u_vga/u_system/vga_system_i/axi_vdma_0/U0/I_RST_MODULE/GEN_RESET_FOR_MM2S.RESET_I/GEN_RESET_FOR_ASYNC.AXIS_RESET_CDC_I/dest_clk
    SLICE_X11Y22         FDRE                                         r  u_periph/u_vga/u_system/vga_system_i/axi_vdma_0/U0/I_RST_MODULE/GEN_RESET_FOR_MM2S.RESET_I/GEN_RESET_FOR_ASYNC.AXIS_RESET_CDC_I/syncstages_ff_reg[0]/C
  -------------------------------------------------------------------    -------------------
    SLICE_X11Y22         FDRE (Prop_fdre_C_Q)         0.141    -0.361 r  u_periph/u_vga/u_system/vga_system_i/axi_vdma_0/U0/I_RST_MODULE/GEN_RESET_FOR_MM2S.RESET_I/GEN_RESET_FOR_ASYNC.AXIS_RESET_CDC_I/syncstages_ff_reg[0]/Q
                         net (fo=1, routed)           0.056    -0.306    u_periph/u_vga/u_system/vga_system_i/axi_vdma_0/U0/I_RST_MODULE/GEN_RESET_FOR_MM2S.RESET_I/GEN_RESET_FOR_ASYNC.AXIS_RESET_CDC_I/syncstages_ff[0]
    SLICE_X11Y22         FDRE                                         r  u_periph/u_vga/u_system/vga_system_i/axi_vdma_0/U0/I_RST_MODULE/GEN_RESET_FOR_MM2S.RESET_I/GEN_RESET_FOR_ASYNC.AXIS_RESET_CDC_I/syncstages_ff_reg[1]/D
  -------------------------------------------------------------------    -------------------

                         (clock clk_out2_clk_wiz_0 rise edge)
                                                      0.000     0.000 r  
    K17                                               0.000     0.000 r  i_clk (IN)
                         net (fo=0)                   0.000     0.000    clk_gen/inst/clk_in1
    K17                  IBUF (Prop_ibuf_I_O)         0.447     0.447 r  clk_gen/inst/clkin1_ibufg/O
                         net (fo=1, routed)           0.480     0.927    clk_gen/inst/clk_in1_clk_wiz_0
    MMCME2_ADV_X0Y1      MMCME2_ADV (Prop_mmcme2_adv_CLKIN1_CLKOUT1)
                                                     -3.047    -2.120 r  clk_gen/inst/mmcm_adv_inst/CLKOUT1
                         net (fo=1, routed)           0.528    -1.592    clk_gen/inst/clk_out2_clk_wiz_0
    BUFGCTRL_X0Y17       BUFG (Prop_bufg_I_O)         0.029    -1.563 r  clk_gen/inst/clkout2_buf/O
                         net (fo=175, routed)         0.823    -0.740    u_periph/u_vga/u_system/vga_system_i/axi_vdma_0/U0/I_RST_MODULE/GEN_RESET_FOR_MM2S.RESET_I/GEN_RESET_FOR_ASYNC.AXIS_RESET_CDC_I/dest_clk
    SLICE_X11Y22         FDRE                                         r  u_periph/u_vga/u_system/vga_system_i/axi_vdma_0/U0/I_RST_MODULE/GEN_RESET_FOR_MM2S.RESET_I/GEN_RESET_FOR_ASYNC.AXIS_RESET_CDC_I/syncstages_ff_reg[1]/C
                         clock pessimism              0.237    -0.502    
                         clock uncertainty            0.085    -0.417    
    SLICE_X11Y22         FDRE (Hold_fdre_C_D)         0.075    -0.342    u_periph/u_vga/u_system/vga_system_i/axi_vdma_0/U0/I_RST_MODULE/GEN_RESET_FOR_MM2S.RESET_I/GEN_RESET_FOR_ASYNC.AXIS_RESET_CDC_I/syncstages_ff_reg[1]
  -------------------------------------------------------------------
                         required time                          0.342    
                         arrival time                          -0.306    
  -------------------------------------------------------------------
                         slack                                  0.037    





---------------------------------------------------------------------------------------------------
From Clock:  clk_out1_clk_wiz_0
  To Clock:  clk_out1_clk_wiz_0_1

Setup :            0  Failing Endpoints,  Worst Slack        0.165ns,  Total Violation        0.000ns
Hold  :            0  Failing Endpoints,  Worst Slack        0.032ns,  Total Violation        0.000ns
---------------------------------------------------------------------------------------------------


Max Delay Paths
--------------------------------------------------------------------------------------
Slack (MET) :             0.165ns  (required time - arrival time)
  Source:                 u_cpu/u_pipe_id_ex/o_rd_reg[2]/C
                            (rising edge-triggered cell FDRE clocked by clk_out1_clk_wiz_0  {rise@0.000ns fall@5.000ns period=10.000ns})
  Destination:            u_cpu/u_pipe_id_ex/o_lookup_ghr_reg[5]/R
                            (rising edge-triggered cell FDRE clocked by clk_out1_clk_wiz_0_1  {rise@0.000ns fall@5.000ns period=10.000ns})
  Path Group:             clk_out1_clk_wiz_0_1
  Path Type:              Setup (Max at Slow Process Corner)
  Requirement:            10.000ns  (clk_out1_clk_wiz_0_1 rise@10.000ns - clk_out1_clk_wiz_0 rise@0.000ns)
  Data Path Delay:        9.187ns  (logic 3.179ns (34.605%)  route 6.008ns (65.395%))
  Logic Levels:           12  (CARRY4=4 LUT3=4 LUT4=1 LUT6=3)
  Clock Path Skew:        -0.056ns (DCD - SCD + CPR)
    Destination Clock Delay (DCD):    -1.339ns = ( 8.661 - 10.000 ) 
    Source Clock Delay      (SCD):    -0.695ns
    Clock Pessimism Removal (CPR):    0.588ns
  Clock Uncertainty:      0.068ns  ((TSJ^2 + DJ^2)^1/2) / 2 + PE
    Total System Jitter     (TSJ):    0.071ns
    Discrete Jitter          (DJ):    0.116ns
    Phase Error              (PE):    0.000ns
  Clock Domain Crossing:  Inter clock paths are considered valid unless explicitly excluded by timing constraints such as set_clock_groups or set_false_path.

    Location             Delay type                Incr(ns)  Path(ns)    Netlist Resource(s)
  -------------------------------------------------------------------    -------------------
                         (clock clk_out1_clk_wiz_0 rise edge)
                                                      0.000     0.000 r  
    K17                                               0.000     0.000 r  i_clk (IN)
                         net (fo=0)                   0.000     0.000    clk_gen/inst/clk_in1
    K17                  IBUF (Prop_ibuf_I_O)         1.492     1.492 r  clk_gen/inst/clkin1_ibufg/O
                         net (fo=1, routed)           1.285     2.777    clk_gen/inst/clk_in1_clk_wiz_0
    MMCME2_ADV_X0Y1      MMCME2_ADV (Prop_mmcme2_adv_CLKIN1_CLKOUT0)
                                                     -6.996    -4.219 r  clk_gen/inst/mmcm_adv_inst/CLKOUT0
                         net (fo=1, routed)           1.760    -2.459    clk_gen/inst/clk_out1_clk_wiz_0
    BUFGCTRL_X0Y16       BUFG (Prop_bufg_I_O)         0.101    -2.358 r  clk_gen/inst/clkout1_buf/O
                         net (fo=5738, routed)        1.663    -0.695    u_cpu/u_pipe_id_ex/clk_out1
    SLICE_X27Y20         FDRE                                         r  u_cpu/u_pipe_id_ex/o_rd_reg[2]/C
  -------------------------------------------------------------------    -------------------
    SLICE_X27Y20         FDRE (Prop_fdre_C_Q)         0.456    -0.239 r  u_cpu/u_pipe_id_ex/o_rd_reg[2]/Q
                         net (fo=8, routed)           0.682     0.443    u_cpu/u_pipe_id_ex/_idex_rd_second[2]
    SLICE_X27Y20         LUT4 (Prop_lut4_I2_O)        0.124     0.567 f  u_cpu/u_pipe_id_ex/_pred_taken_d1_i_15/O
                         net (fo=2, routed)           0.275     0.842    u_cpu/u_pipe_ex_mem/o_store_data_reg[15]_2
    SLICE_X27Y20         LUT6 (Prop_lut6_I0_O)        0.124     0.966 r  u_cpu/u_pipe_ex_mem/_rd_fwd_inferred_i_17/O
                         net (fo=16, routed)          0.673     1.639    u_cpu/u_pipe_ex_mem/_rd_fwd_inferred_i_17_n_0
    SLICE_X26Y17         LUT3 (Prop_lut3_I1_O)        0.124     1.763 r  u_cpu/u_pipe_ex_mem/_rd_fwd_inferred_i_14/O
                         net (fo=5, routed)           0.448     2.211    u_cpu/u_pipe_id_ex/o_wb_pre_data_reg[15]_0[2]
    SLICE_X26Y15         LUT3 (Prop_lut3_I0_O)        0.124     2.335 r  u_cpu/u_pipe_id_ex/o_d_ad[3]_i_3/O
                         net (fo=1, routed)           0.561     2.896    u_cpu/u_pipe_id_ex/u_ex_stage/_a[2]
    SLICE_X22Y15         CARRY4 (Prop_carry4_DI[3]_CO[3])
                                                      0.385     3.281 r  u_cpu/u_pipe_id_ex/o_d_ad_reg[3]_i_1/CO[3]
                         net (fo=1, routed)           0.000     3.281    u_cpu/u_pipe_id_ex/o_d_ad_reg[3]_i_1_n_0
    SLICE_X22Y16         CARRY4 (Prop_carry4_CI_O[2])
                                                      0.256     3.537 r  u_cpu/u_pipe_id_ex/o_d_ad_reg[7]_i_1/O[2]
                         net (fo=5, routed)           0.448     3.986    u_cpu/u_pipe_id_ex/_ex_d_ad[5]
    SLICE_X23Y15         LUT3 (Prop_lut3_I0_O)        0.302     4.288 r  u_cpu/u_pipe_id_ex/_btb_target_reg_0_63_3_5_i_3/O
                         net (fo=3, routed)           0.746     5.034    u_cpu/u_pipe_id_ex/_ex_branch_target_out[5]
    SLICE_X21Y16         LUT6 (Prop_lut6_I4_O)        0.124     5.158 r  u_cpu/u_pipe_id_ex/_pc_d1[15]_i_14/O
                         net (fo=1, routed)           0.000     5.158    u_cpu/u_pipe_id_ex/_pc_d1[15]_i_14_n_0
    SLICE_X21Y16         CARRY4 (Prop_carry4_S[1]_CO[3])
                                                      0.550     5.708 r  u_cpu/u_pipe_id_ex/_pc_d1_reg[15]_i_9/CO[3]
                         net (fo=1, routed)           0.000     5.708    u_cpu/u_pipe_id_ex/_pc_d1_reg[15]_i_9_n_0
    SLICE_X21Y17         CARRY4 (Prop_carry4_CI_CO[1])
                                                      0.157     5.865 r  u_cpu/u_pipe_id_ex/_pc_d1_reg[15]_i_6/CO[1]
                         net (fo=2, routed)           0.423     6.288    u_cpu/u_pipe_id_ex/_bx_mispredict2
    SLICE_X21Y15         LUT3 (Prop_lut3_I2_O)        0.329     6.617 f  u_cpu/u_pipe_id_ex/_pred_taken_d1_i_5/O
                         net (fo=2, routed)           0.883     7.500    u_cpu/u_pipe_id_ex/_pred_taken_d1_i_5_n_0
    SLICE_X25Y15         LUT6 (Prop_lut6_I4_O)        0.124     7.624 r  u_cpu/u_pipe_id_ex/o_valid_i_1_comp/O
                         net (fo=135, routed)         0.867     8.491    u_cpu/u_pipe_id_ex/o_valid_i_1_n_0
    SLICE_X24Y15         FDRE                                         r  u_cpu/u_pipe_id_ex/o_lookup_ghr_reg[5]/R
  -------------------------------------------------------------------    -------------------

                         (clock clk_out1_clk_wiz_0_1 rise edge)
                                                     10.000    10.000 r  
    K17                                               0.000    10.000 r  i_clk (IN)
                         net (fo=0)                   0.000    10.000    clk_gen/inst/clk_in1
    K17                  IBUF (Prop_ibuf_I_O)         1.421    11.421 r  clk_gen/inst/clkin1_ibufg/O
                         net (fo=1, routed)           1.162    12.583    clk_gen/inst/clk_in1_clk_wiz_0
    MMCME2_ADV_X0Y1      MMCME2_ADV (Prop_mmcme2_adv_CLKIN1_CLKOUT0)
                                                     -7.105     5.478 r  clk_gen/inst/mmcm_adv_inst/CLKOUT0
                         net (fo=1, routed)           1.599     7.077    clk_gen/inst/clk_out1_clk_wiz_0
    BUFGCTRL_X0Y16       BUFG (Prop_bufg_I_O)         0.091     7.168 r  clk_gen/inst/clkout1_buf/O
                         net (fo=5738, routed)        1.492     8.661    u_cpu/u_pipe_id_ex/clk_out1
    SLICE_X24Y15         FDRE                                         r  u_cpu/u_pipe_id_ex/o_lookup_ghr_reg[5]/C
                         clock pessimism              0.588     9.249    
                         clock uncertainty           -0.068     9.181    
    SLICE_X24Y15         FDRE (Setup_fdre_C_R)       -0.524     8.657    u_cpu/u_pipe_id_ex/o_lookup_ghr_reg[5]
  -------------------------------------------------------------------
                         required time                          8.657    
                         arrival time                          -8.491    
  -------------------------------------------------------------------
                         slack                                  0.165    





Min Delay Paths
--------------------------------------------------------------------------------------
Slack (MET) :             0.032ns  (arrival time - required time)
  Source:                 u_periph/u_vga/_char_waddr_reg[10]/C
                            (rising edge-triggered cell FDRE clocked by clk_out1_clk_wiz_0  {rise@0.000ns fall@5.000ns period=10.000ns})
  Destination:            <hidden>
                            (rising edge-triggered cell RAMB36E1 clocked by clk_out1_clk_wiz_0_1  {rise@0.000ns fall@5.000ns period=10.000ns})
  Path Group:             clk_out1_clk_wiz_0_1
  Path Type:              Hold (Min at Fast Process Corner)
  Requirement:            0.000ns  (clk_out1_clk_wiz_0_1 rise@0.000ns - clk_out1_clk_wiz_0 rise@0.000ns)
  Data Path Delay:        0.360ns  (logic 0.141ns (39.191%)  route 0.219ns (60.809%))
  Logic Levels:           0  
  Clock Path Skew:        0.076ns (DCD - SCD - CPR)
    Destination Clock Delay (DCD):    -0.688ns
    Source Clock Delay      (SCD):    -0.495ns
    Clock Pessimism Removal (CPR):    -0.269ns
  Clock Uncertainty:      0.068ns  ((TSJ^2 + DJ^2)^1/2) / 2 + PE
    Total System Jitter     (TSJ):    0.071ns
    Discrete Jitter          (DJ):    0.116ns
    Phase Error              (PE):    0.000ns
  Clock Domain Crossing:  Inter clock paths are considered valid unless explicitly excluded by timing constraints such as set_clock_groups or set_false_path.

    Location             Delay type                Incr(ns)  Path(ns)    Netlist Resource(s)
  -------------------------------------------------------------------    -------------------
                         (clock clk_out1_clk_wiz_0 rise edge)
                                                      0.000     0.000 r  
    K17                                               0.000     0.000 r  i_clk (IN)
                         net (fo=0)                   0.000     0.000    clk_gen/inst/clk_in1
    K17                  IBUF (Prop_ibuf_I_O)         0.259     0.259 r  clk_gen/inst/clkin1_ibufg/O
                         net (fo=1, routed)           0.440     0.700    clk_gen/inst/clk_in1_clk_wiz_0
    MMCME2_ADV_X0Y1      MMCME2_ADV (Prop_mmcme2_adv_CLKIN1_CLKOUT0)
                                                     -2.268    -1.568 r  clk_gen/inst/mmcm_adv_inst/CLKOUT0
                         net (fo=1, routed)           0.482    -1.086    clk_gen/inst/clk_out1_clk_wiz_0
    BUFGCTRL_X0Y16       BUFG (Prop_bufg_I_O)         0.026    -1.060 r  clk_gen/inst/clkout1_buf/O
                         net (fo=5738, routed)        0.565    -0.495    u_periph/u_vga/clk_out1
    SLICE_X29Y5          FDRE                                         r  u_periph/u_vga/_char_waddr_reg[10]/C
  -------------------------------------------------------------------    -------------------
    SLICE_X29Y5          FDRE (Prop_fdre_C_Q)         0.141    -0.354 r  u_periph/u_vga/_char_waddr_reg[10]/Q
                         net (fo=1, routed)           0.219    -0.136    <hidden>
    RAMB36_X1Y1          RAMB36E1                                     r  <hidden>
  -------------------------------------------------------------------    -------------------

                         (clock clk_out1_clk_wiz_0_1 rise edge)
                                                      0.000     0.000 r  
    K17                                               0.000     0.000 r  i_clk (IN)
                         net (fo=0)                   0.000     0.000    clk_gen/inst/clk_in1
    K17                  IBUF (Prop_ibuf_I_O)         0.447     0.447 r  clk_gen/inst/clkin1_ibufg/O
                         net (fo=1, routed)           0.480     0.927    clk_gen/inst/clk_in1_clk_wiz_0
    MMCME2_ADV_X0Y1      MMCME2_ADV (Prop_mmcme2_adv_CLKIN1_CLKOUT0)
                                                     -3.047    -2.120 r  clk_gen/inst/mmcm_adv_inst/CLKOUT0
                         net (fo=1, routed)           0.528    -1.592    clk_gen/inst/clk_out1_clk_wiz_0
    BUFGCTRL_X0Y16       BUFG (Prop_bufg_I_O)         0.029    -1.563 r  clk_gen/inst/clkout1_buf/O
                         net (fo=5738, routed)        0.874    -0.688    <hidden>
    RAMB36_X1Y1          RAMB36E1                                     r  <hidden>
                         clock pessimism              0.269    -0.419    
                         clock uncertainty            0.068    -0.351    
    RAMB36_X1Y1          RAMB36E1 (Hold_ramb36e1_CLKARDCLK_ADDRARDADDR[13])
                                                      0.183    -0.168    <hidden>
  -------------------------------------------------------------------
                         required time                          0.168    
                         arrival time                          -0.136    
  -------------------------------------------------------------------
                         slack                                  0.032    





---------------------------------------------------------------------------------------------------
From Clock:  clk_out2_clk_wiz_0
  To Clock:  clk_out2_clk_wiz_0_1

Setup :            0  Failing Endpoints,  Worst Slack       24.813ns,  Total Violation        0.000ns
Hold  :            0  Failing Endpoints,  Worst Slack        0.037ns,  Total Violation        0.000ns
---------------------------------------------------------------------------------------------------


Max Delay Paths
--------------------------------------------------------------------------------------
Slack (MET) :             24.813ns  (required time - arrival time)
  Source:                 u_periph/u_vga/vsync_module/_lineCounter_reg[1]/C
                            (rising edge-triggered cell FDRE clocked by clk_out2_clk_wiz_0  {rise@0.000ns fall@19.789ns period=39.579ns})
  Destination:            u_periph/u_vga/hsync_module/_vga_green_reg[3]/D
                            (rising edge-triggered cell FDRE clocked by clk_out2_clk_wiz_0_1  {rise@0.000ns fall@19.789ns period=39.579ns})
  Path Group:             clk_out2_clk_wiz_0_1
  Path Type:              Setup (Max at Slow Process Corner)
  Requirement:            39.579ns  (clk_out2_clk_wiz_0_1 rise@39.579ns - clk_out2_clk_wiz_0 rise@0.000ns)
  Data Path Delay:        14.652ns  (logic 2.089ns (14.258%)  route 12.563ns (85.742%))
  Logic Levels:           10  (LUT5=2 LUT6=6 MUXF7=1 MUXF8=1)
  Clock Path Skew:        -0.060ns (DCD - SCD + CPR)
    Destination Clock Delay (DCD):    -1.331ns = ( 38.248 - 39.579 ) 
    Source Clock Delay      (SCD):    -0.683ns
    Clock Pessimism Removal (CPR):    0.588ns
  Clock Uncertainty:      0.085ns  ((TSJ^2 + DJ^2)^1/2) / 2 + PE
    Total System Jitter     (TSJ):    0.071ns
    Discrete Jitter          (DJ):    0.155ns
    Phase Error              (PE):    0.000ns
  Clock Domain Crossing:  Inter clock paths are considered valid unless explicitly excluded by timing constraints such as set_clock_groups or set_false_path.

    Location             Delay type                Incr(ns)  Path(ns)    Netlist Resource(s)
  -------------------------------------------------------------------    -------------------
                         (clock clk_out2_clk_wiz_0 rise edge)
                                                      0.000     0.000 r  
    K17                                               0.000     0.000 r  i_clk (IN)
                         net (fo=0)                   0.000     0.000    clk_gen/inst/clk_in1
    K17                  IBUF (Prop_ibuf_I_O)         1.492     1.492 r  clk_gen/inst/clkin1_ibufg/O
                         net (fo=1, routed)           1.285     2.777    clk_gen/inst/clk_in1_clk_wiz_0
    MMCME2_ADV_X0Y1      MMCME2_ADV (Prop_mmcme2_adv_CLKIN1_CLKOUT1)
                                                     -6.996    -4.219 r  clk_gen/inst/mmcm_adv_inst/CLKOUT1
                         net (fo=1, routed)           1.760    -2.459    clk_gen/inst/clk_out2_clk_wiz_0
    BUFGCTRL_X0Y17       BUFG (Prop_bufg_I_O)         0.101    -2.358 r  clk_gen/inst/clkout2_buf/O
                         net (fo=175, routed)         1.675    -0.683    u_periph/u_vga/vsync_module/i_clk
    SLICE_X17Y9          FDRE                                         r  u_periph/u_vga/vsync_module/_lineCounter_reg[1]/C
  -------------------------------------------------------------------    -------------------
    SLICE_X17Y9          FDRE (Prop_fdre_C_Q)         0.419    -0.264 r  u_periph/u_vga/vsync_module/_lineCounter_reg[1]/Q
                         net (fo=418, routed)         6.859     6.595    <hidden>
    SLICE_X32Y5          LUT6 (Prop_lut6_I4_O)        0.299     6.894 r  <hidden>
                         net (fo=1, routed)           0.955     7.849    <hidden>
    SLICE_X31Y4          LUT6 (Prop_lut6_I3_O)        0.124     7.973 r  <hidden>
                         net (fo=1, routed)           0.720     8.693    <hidden>
    SLICE_X29Y2          LUT6 (Prop_lut6_I0_O)        0.124     8.817 r  <hidden>
                         net (fo=1, routed)           0.000     8.817    <hidden>
    SLICE_X29Y2          MUXF7 (Prop_muxf7_I1_O)      0.217     9.034 r  <hidden>
                         net (fo=1, routed)           0.000     9.034    <hidden>
    SLICE_X29Y2          MUXF8 (Prop_muxf8_I1_O)      0.094     9.128 r  <hidden>
                         net (fo=1, routed)           0.955    10.084    u_periph/u_vga/_font_data[7]
    SLICE_X29Y6          LUT5 (Prop_lut5_I2_O)        0.316    10.400 r  u_periph/u_vga/hsync_module_i_4/O
                         net (fo=1, routed)           0.665    11.065    u_periph/u_vga/hsync_module_i_4_n_0
    SLICE_X29Y6          LUT6 (Prop_lut6_I5_O)        0.124    11.189 r  u_periph/u_vga/hsync_module_i_3/O
                         net (fo=1, routed)           0.668    11.857    u_periph/u_vga/hsync_module_i_3_n_0
    SLICE_X24Y6          LUT6 (Prop_lut6_I0_O)        0.124    11.981 r  u_periph/u_vga/hsync_module_i_2/O
                         net (fo=1, routed)           0.282    12.263    u_periph/u_vga/hsync_module_i_2_n_0
    SLICE_X24Y6          LUT6 (Prop_lut6_I0_O)        0.124    12.387 r  u_periph/u_vga/hsync_module_i_1/O
                         net (fo=12, routed)          1.458    13.845    u_periph/u_vga/hsync_module/i_pixel_activo
    SLICE_X21Y9          LUT5 (Prop_lut5_I4_O)        0.124    13.969 r  u_periph/u_vga/hsync_module/_vga_green[3]_i_1/O
                         net (fo=1, routed)           0.000    13.969    u_periph/u_vga/hsync_module/_vga_green[3]_i_1_n_0
    SLICE_X21Y9          FDRE                                         r  u_periph/u_vga/hsync_module/_vga_green_reg[3]/D
  -------------------------------------------------------------------    -------------------

                         (clock clk_out2_clk_wiz_0_1 rise edge)
                                                     39.579    39.579 r  
    K17                                               0.000    39.579 r  i_clk (IN)
                         net (fo=0)                   0.000    39.579    clk_gen/inst/clk_in1
    K17                  IBUF (Prop_ibuf_I_O)         1.421    41.000 r  clk_gen/inst/clkin1_ibufg/O
                         net (fo=1, routed)           1.162    42.162    clk_gen/inst/clk_in1_clk_wiz_0
    MMCME2_ADV_X0Y1      MMCME2_ADV (Prop_mmcme2_adv_CLKIN1_CLKOUT1)
                                                     -7.105    35.057 r  clk_gen/inst/mmcm_adv_inst/CLKOUT1
                         net (fo=1, routed)           1.599    36.656    clk_gen/inst/clk_out2_clk_wiz_0
    BUFGCTRL_X0Y17       BUFG (Prop_bufg_I_O)         0.091    36.747 r  clk_gen/inst/clkout2_buf/O
                         net (fo=175, routed)         1.500    38.248    u_periph/u_vga/hsync_module/i_clk
    SLICE_X21Y9          FDRE                                         r  u_periph/u_vga/hsync_module/_vga_green_reg[3]/C
                         clock pessimism              0.588    38.836    
                         clock uncertainty           -0.085    38.750    
    SLICE_X21Y9          FDRE (Setup_fdre_C_D)        0.031    38.781    u_periph/u_vga/hsync_module/_vga_green_reg[3]
  -------------------------------------------------------------------
                         required time                         38.781    
                         arrival time                         -13.969    
  -------------------------------------------------------------------
                         slack                                 24.813    





Min Delay Paths
--------------------------------------------------------------------------------------
Slack (MET) :             0.037ns  (arrival time - required time)
  Source:                 u_periph/u_vga/u_system/vga_system_i/axi_vdma_0/U0/I_RST_MODULE/GEN_RESET_FOR_MM2S.RESET_I/GEN_RESET_FOR_ASYNC.AXIS_RESET_CDC_I/syncstages_ff_reg[0]/C
                            (rising edge-triggered cell FDRE clocked by clk_out2_clk_wiz_0  {rise@0.000ns fall@19.789ns period=39.579ns})
  Destination:            u_periph/u_vga/u_system/vga_system_i/axi_vdma_0/U0/I_RST_MODULE/GEN_RESET_FOR_MM2S.RESET_I/GEN_RESET_FOR_ASYNC.AXIS_RESET_CDC_I/syncstages_ff_reg[1]/D
                            (rising edge-triggered cell FDRE clocked by clk_out2_clk_wiz_0_1  {rise@0.000ns fall@19.789ns period=39.579ns})
  Path Group:             clk_out2_clk_wiz_0_1
  Path Type:              Hold (Min at Fast Process Corner)
  Requirement:            0.000ns  (clk_out2_clk_wiz_0_1 rise@0.000ns - clk_out2_clk_wiz_0 rise@0.000ns)
  Data Path Delay:        0.197ns  (logic 0.141ns (71.611%)  route 0.056ns (28.389%))
  Logic Levels:           0  
  Clock Path Skew:        0.000ns (DCD - SCD - CPR)
    Destination Clock Delay (DCD):    -0.740ns
    Source Clock Delay      (SCD):    -0.502ns
    Clock Pessimism Removal (CPR):    -0.237ns
  Clock Uncertainty:      0.085ns  ((TSJ^2 + DJ^2)^1/2) / 2 + PE
    Total System Jitter     (TSJ):    0.071ns
    Discrete Jitter          (DJ):    0.155ns
    Phase Error              (PE):    0.000ns
  Clock Domain Crossing:  Inter clock paths are considered valid unless explicitly excluded by timing constraints such as set_clock_groups or set_false_path.

    Location             Delay type                Incr(ns)  Path(ns)    Netlist Resource(s)
  -------------------------------------------------------------------    -------------------
                         (clock clk_out2_clk_wiz_0 rise edge)
                                                      0.000     0.000 r  
    K17                                               0.000     0.000 r  i_clk (IN)
                         net (fo=0)                   0.000     0.000    clk_gen/inst/clk_in1
    K17                  IBUF (Prop_ibuf_I_O)         0.259     0.259 r  clk_gen/inst/clkin1_ibufg/O
                         net (fo=1, routed)           0.440     0.700    clk_gen/inst/clk_in1_clk_wiz_0
    MMCME2_ADV_X0Y1      MMCME2_ADV (Prop_mmcme2_adv_CLKIN1_CLKOUT1)
                                                     -2.268    -1.568 r  clk_gen/inst/mmcm_adv_inst/CLKOUT1
                         net (fo=1, routed)           0.482    -1.086    clk_gen/inst/clk_out2_clk_wiz_0
    BUFGCTRL_X0Y17       BUFG (Prop_bufg_I_O)         0.026    -1.060 r  clk_gen/inst/clkout2_buf/O
                         net (fo=175, routed)         0.558    -0.502    u_periph/u_vga/u_system/vga_system_i/axi_vdma_0/U0/I_RST_MODULE/GEN_RESET_FOR_MM2S.RESET_I/GEN_RESET_FOR_ASYNC.AXIS_RESET_CDC_I/dest_clk
    SLICE_X11Y22         FDRE                                         r  u_periph/u_vga/u_system/vga_system_i/axi_vdma_0/U0/I_RST_MODULE/GEN_RESET_FOR_MM2S.RESET_I/GEN_RESET_FOR_ASYNC.AXIS_RESET_CDC_I/syncstages_ff_reg[0]/C
  -------------------------------------------------------------------    -------------------
    SLICE_X11Y22         FDRE (Prop_fdre_C_Q)         0.141    -0.361 r  u_periph/u_vga/u_system/vga_system_i/axi_vdma_0/U0/I_RST_MODULE/GEN_RESET_FOR_MM2S.RESET_I/GEN_RESET_FOR_ASYNC.AXIS_RESET_CDC_I/syncstages_ff_reg[0]/Q
                         net (fo=1, routed)           0.056    -0.306    u_periph/u_vga/u_system/vga_system_i/axi_vdma_0/U0/I_RST_MODULE/GEN_RESET_FOR_MM2S.RESET_I/GEN_RESET_FOR_ASYNC.AXIS_RESET_CDC_I/syncstages_ff[0]
    SLICE_X11Y22         FDRE                                         r  u_periph/u_vga/u_system/vga_system_i/axi_vdma_0/U0/I_RST_MODULE/GEN_RESET_FOR_MM2S.RESET_I/GEN_RESET_FOR_ASYNC.AXIS_RESET_CDC_I/syncstages_ff_reg[1]/D
  -------------------------------------------------------------------    -------------------

                         (clock clk_out2_clk_wiz_0_1 rise edge)
                                                      0.000     0.000 r  
    K17                                               0.000     0.000 r  i_clk (IN)
                         net (fo=0)                   0.000     0.000    clk_gen/inst/clk_in1
    K17                  IBUF (Prop_ibuf_I_O)         0.447     0.447 r  clk_gen/inst/clkin1_ibufg/O
                         net (fo=1, routed)           0.480     0.927    clk_gen/inst/clk_in1_clk_wiz_0
    MMCME2_ADV_X0Y1      MMCME2_ADV (Prop_mmcme2_adv_CLKIN1_CLKOUT1)
                                                     -3.047    -2.120 r  clk_gen/inst/mmcm_adv_inst/CLKOUT1
                         net (fo=1, routed)           0.528    -1.592    clk_gen/inst/clk_out2_clk_wiz_0
    BUFGCTRL_X0Y17       BUFG (Prop_bufg_I_O)         0.029    -1.563 r  clk_gen/inst/clkout2_buf/O
                         net (fo=175, routed)         0.823    -0.740    u_periph/u_vga/u_system/vga_system_i/axi_vdma_0/U0/I_RST_MODULE/GEN_RESET_FOR_MM2S.RESET_I/GEN_RESET_FOR_ASYNC.AXIS_RESET_CDC_I/dest_clk
    SLICE_X11Y22         FDRE                                         r  u_periph/u_vga/u_system/vga_system_i/axi_vdma_0/U0/I_RST_MODULE/GEN_RESET_FOR_MM2S.RESET_I/GEN_RESET_FOR_ASYNC.AXIS_RESET_CDC_I/syncstages_ff_reg[1]/C
                         clock pessimism              0.237    -0.502    
                         clock uncertainty            0.085    -0.417    
    SLICE_X11Y22         FDRE (Hold_fdre_C_D)         0.075    -0.342    u_periph/u_vga/u_system/vga_system_i/axi_vdma_0/U0/I_RST_MODULE/GEN_RESET_FOR_MM2S.RESET_I/GEN_RESET_FOR_ASYNC.AXIS_RESET_CDC_I/syncstages_ff_reg[1]
  -------------------------------------------------------------------
                         required time                          0.342    
                         arrival time                          -0.306    
  -------------------------------------------------------------------
                         slack                                  0.037    





