Copyright 1986-2022 Xilinx, Inc. All Rights Reserved. Copyright 2022-2025 Advanced Micro Devices, Inc. All Rights Reserved.
------------------------------------------------------------------------------------------------------------------------------------------------------------------------------------------------------------------------------------------
| Tool Version : Vivado v.2025.1 (lin64) Build 6140274 Wed May 21 22:58:25 MDT 2025
| Date         : Tue Mar 17 17:18:38 2026
| Host         : panda running 64-bit Ubuntu 22.04.5 LTS
| Command      : report_timing_summary -max_paths 10 -routable_nets -report_unconstrained -file controller_timing_summary_routed.rpt -pb controller_timing_summary_routed.pb -rpx controller_timing_summary_routed.rpx -warn_on_violation
| Design       : controller
| Device       : 7z010-clg400
| Speed File   : -1  PRODUCTION 1.12 2019-11-22
| Design State : Routed
------------------------------------------------------------------------------------------------------------------------------------------------------------------------------------------------------------------------------------------

Timing Summary Report

------------------------------------------------------------------------------------------------
| Timer Settings
| --------------
------------------------------------------------------------------------------------------------

  Enable Multi Corner Analysis               :  Yes
  Enable Pessimism Removal                   :  Yes
  Pessimism Removal Resolution               :  Nearest Common Node
  Enable Input Delay Default Clock           :  No
  Enable Preset / Clear Arcs                 :  No
  Disable Flight Delays                      :  No
  Ignore I/O Paths                           :  No
  Timing Early Launch at Borrowing Latches   :  No
  Borrow Time for Max Delay Exceptions       :  Yes
  Merge Timing Exceptions                    :  Yes
  Inter-SLR Compensation                     :  Conservative

  Corner  Analyze    Analyze    
  Name    Max Paths  Min Paths  
  ------  ---------  ---------  
  Slow    Yes        Yes        
  Fast    Yes        Yes        


------------------------------------------------------------------------------------------------
| Report Methodology
| ------------------
------------------------------------------------------------------------------------------------

Rule       Severity  Description                                           Violations  
---------  --------  ----------------------------------------------------  ----------  
LUTAR-1    Warning   LUT drives async reset alert                          1           
TIMING-28  Warning   Auto-derived clock referenced by a timing constraint  2           
XDCH-2     Warning   Same min and max delay values on IO port              14          

Note: This report is based on the most recent report_methodology run and may not be up-to-date. Run report_methodology on the current design for the latest report.



check_timing report

Table of Contents
-----------------
1. checking no_clock (0)
2. checking constant_clock (0)
3. checking pulse_width_clock (0)
4. checking unconstrained_internal_endpoints (0)
5. checking no_input_delay (1)
6. checking no_output_delay (0)
7. checking multiple_clock (0)
8. checking generated_clocks (0)
9. checking loops (0)
10. checking partial_input_delay (0)
11. checking partial_output_delay (0)
12. checking latch_loops (0)

1. checking no_clock (0)
------------------------
 There are 0 register/latch pins with no clock.


2. checking constant_clock (0)
------------------------------
 There are 0 register/latch pins with constant_clock.


3. checking pulse_width_clock (0)
---------------------------------
 There are 0 register/latch pins which need pulse_width check


4. checking unconstrained_internal_endpoints (0)
------------------------------------------------
 There are 0 pins that are not constrained for maximum delay.

 There are 0 pins that are not constrained for maximum delay due to constant clock.


5. checking no_input_delay (1)
------------------------------
 There are 0 input ports with no input delay specified.

 There is 1 input port with no input delay but user has a false path constraint. (MEDIUM)


6. checking no_output_delay (0)
-------------------------------
 There are 0 ports with no output delay specified.

 There are 0 ports with no output delay but user has a false path constraint

 There are 0 ports with no output delay but with a timing clock defined on it or propagating through it


7. checking multiple_clock (0)
------------------------------
 There are 0 register/latch pins with multiple clocks.


8. checking generated_clocks (0)
--------------------------------
 There are 0 generated clocks that are not connected to a clock source.


9. checking loops (0)
---------------------
 There are 0 combinational loops in the design.


10. checking partial_input_delay (0)
------------------------------------
 There are 0 input ports with partial input delay specified.


11. checking partial_output_delay (0)
-------------------------------------
 There are 0 ports with partial output delay specified.


12. checking latch_loops (0)
----------------------------
 There are 0 combinational latch loops in the design through latch input



------------------------------------------------------------------------------------------------
| Design Timing Summary
| ---------------------
------------------------------------------------------------------------------------------------

    WNS(ns)      TNS(ns)  TNS Failing Endpoints  TNS Total Endpoints      WHS(ns)      THS(ns)  THS Failing Endpoints  THS Total Endpoints     WPWS(ns)     TPWS(ns)  TPWS Failing Endpoints  TPWS Total Endpoints  
    -------      -------  ---------------------  -------------------      -------      -------  ---------------------  -------------------     --------     --------  ----------------------  --------------------  
      3.304        0.000                      0                 6692        0.045        0.000                      0                 6692        2.000        0.000                       0                  2583  


All user specified timing constraints are met.


------------------------------------------------------------------------------------------------
| Clock Summary
| -------------
------------------------------------------------------------------------------------------------

Clock                               Waveform(ns)         Period(ns)      Frequency(MHz)
-----                               ------------         ----------      --------------
clk_fpga_0                          {0.000 5.000}        10.000          100.000         
i_clk                               {0.000 4.000}        8.000           125.000         
  clk_out1_clk_wiz_0                {0.000 10.000}       20.000          50.000          
  clk_pixel_vga_system_clk_wiz_0_1  {0.000 19.862}       39.724          25.174          
  clkfbout_clk_wiz_0                {0.000 4.000}        8.000           125.000         
  clkfbout_vga_system_clk_wiz_0_1   {0.000 24.000}       48.000          20.833          


------------------------------------------------------------------------------------------------
| Intra Clock Table
| -----------------
------------------------------------------------------------------------------------------------

Clock                                   WNS(ns)      TNS(ns)  TNS Failing Endpoints  TNS Total Endpoints      WHS(ns)      THS(ns)  THS Failing Endpoints  THS Total Endpoints     WPWS(ns)     TPWS(ns)  TPWS Failing Endpoints  TPWS Total Endpoints  
-----                                   -------      -------  ---------------------  -------------------      -------      -------  ---------------------  -------------------     --------     --------  ----------------------  --------------------  
clk_fpga_0                                3.304        0.000                      0                 6380        0.045        0.000                      0                 6380        3.750        0.000                       0                  2394  
i_clk                                                                                                                                                                                 2.000        0.000                       0                     2  
  clk_out1_clk_wiz_0                     17.807        0.000                      0                    7        0.225        0.000                      0                    7        9.500        0.000                       0                    10  
  clk_pixel_vga_system_clk_wiz_0_1       28.839        0.000                      0                  305        0.104        0.000                      0                  305       18.882        0.000                       0                   171  
  clkfbout_clk_wiz_0                                                                                                                                                                  5.845        0.000                       0                     3  
  clkfbout_vga_system_clk_wiz_0_1                                                                                                                                                    45.845        0.000                       0                     3  


------------------------------------------------------------------------------------------------
| Inter Clock Table
| -----------------
------------------------------------------------------------------------------------------------

From Clock    To Clock          WNS(ns)      TNS(ns)  TNS Failing Endpoints  TNS Total Endpoints      WHS(ns)      THS(ns)  THS Failing Endpoints  THS Total Endpoints  
----------    --------          -------      -------  ---------------------  -------------------      -------      -------  ---------------------  -------------------  


------------------------------------------------------------------------------------------------
| Other Path Groups Table
| -----------------------
------------------------------------------------------------------------------------------------

Path Group    From Clock    To Clock          WNS(ns)      TNS(ns)  TNS Failing Endpoints  TNS Total Endpoints      WHS(ns)      THS(ns)  THS Failing Endpoints  THS Total Endpoints  
----------    ----------    --------          -------      -------  ---------------------  -------------------      -------      -------  ---------------------  -------------------  


------------------------------------------------------------------------------------------------
| User Ignored Path Table
| -----------------------
------------------------------------------------------------------------------------------------

Path Group                        From Clock                        To Clock                        
----------                        ----------                        --------                        
(none)                                                              clk_fpga_0                        
(none)                            clk_fpga_0                        clk_fpga_0                        
(none)                            clk_pixel_vga_system_clk_wiz_0_1  clk_fpga_0                        
(none)                                                              clk_out1_clk_wiz_0                
(none)                            clk_fpga_0                        clk_pixel_vga_system_clk_wiz_0_1  
(none)                            clk_out1_clk_wiz_0                clk_pixel_vga_system_clk_wiz_0_1  
(none)                            clk_pixel_vga_system_clk_wiz_0_1  clk_pixel_vga_system_clk_wiz_0_1  


------------------------------------------------------------------------------------------------
| Unconstrained Path Table
| ------------------------
------------------------------------------------------------------------------------------------

Path Group          From Clock          To Clock          
----------          ----------          --------          
(none)                                  clk_fpga_0          
(none)                                  clk_out1_clk_wiz_0  


------------------------------------------------------------------------------------------------
| Timing Details
| --------------
------------------------------------------------------------------------------------------------


---------------------------------------------------------------------------------------------------
From Clock:  clk_fpga_0
  To Clock:  clk_fpga_0

Setup :            0  Failing Endpoints,  Worst Slack        3.304ns,  Total Violation        0.000ns
Hold  :            0  Failing Endpoints,  Worst Slack        0.045ns,  Total Violation        0.000ns
PW    :            0  Failing Endpoints,  Worst Slack        3.750ns,  Total Violation        0.000ns
---------------------------------------------------------------------------------------------------


Max Delay Paths
--------------------------------------------------------------------------------------
Slack (MET) :             3.304ns  (required time - arrival time)
  Source:                 <hidden>
                            (rising edge-triggered cell FDRE clocked by clk_fpga_0  {rise@0.000ns fall@5.000ns period=10.000ns})
  Destination:            periph_vga/u_system/vga_system_i/processing_system7_0/inst/PS7_i/SAXIHP0ARSIZE[0]
                            (rising edge-triggered cell PS7 clocked by clk_fpga_0  {rise@0.000ns fall@5.000ns period=10.000ns})
  Path Group:             clk_fpga_0
  Path Type:              Setup (Max at Slow Process Corner)
  Requirement:            10.000ns  (clk_fpga_0 rise@10.000ns - clk_fpga_0 rise@0.000ns)
  Data Path Delay:        5.954ns  (logic 1.076ns (18.072%)  route 4.878ns (81.928%))
  Logic Levels:           5  (LUT4=1 LUT6=4)
  Clock Path Skew:        0.106ns (DCD - SCD + CPR)
    Destination Clock Delay (DCD):    2.865ns = ( 12.865 - 10.000 ) 
    Source Clock Delay      (SCD):    2.989ns
    Clock Pessimism Removal (CPR):    0.230ns
  Clock Uncertainty:      0.154ns  ((TSJ^2 + TIJ^2)^1/2 + DJ) / 2 + PE
    Total System Jitter     (TSJ):    0.071ns
    Total Input Jitter      (TIJ):    0.300ns
    Discrete Jitter          (DJ):    0.000ns
    Phase Error              (PE):    0.000ns

    Location             Delay type                Incr(ns)  Path(ns)    Netlist Resource(s)
  -------------------------------------------------------------------    -------------------
                         (clock clk_fpga_0 rise edge)
                                                      0.000     0.000 r  
    PS7_X0Y0             PS7                          0.000     0.000 r  periph_vga/u_system/vga_system_i/processing_system7_0/inst/PS7_i/FCLKCLK[0]
                         net (fo=1, routed)           1.207     1.207    periph_vga/u_system/vga_system_i/processing_system7_0/inst/FCLK_CLK_unbuffered[0]
    BUFGCTRL_X0Y15       BUFG (Prop_bufg_I_O)         0.101     1.308 r  periph_vga/u_system/vga_system_i/processing_system7_0/inst/buffer_fclk_clk_0.FCLK_CLK_0_BUFG/O
                         net (fo=2395, routed)        1.681     2.989    <hidden>
    SLICE_X11Y4          FDRE                                         r  <hidden>
  -------------------------------------------------------------------    -------------------
    SLICE_X11Y4          FDRE (Prop_fdre_C_Q)         0.456     3.445 r  <hidden>
                         net (fo=4, routed)           0.969     4.414    <hidden>
    SLICE_X12Y4          LUT6 (Prop_lut6_I1_O)        0.124     4.538 r  <hidden>
                         net (fo=4, routed)           0.641     5.180    <hidden>
    SLICE_X13Y4          LUT4 (Prop_lut4_I2_O)        0.124     5.304 r  <hidden>
                         net (fo=9, routed)           0.883     6.186    <hidden>
    SLICE_X6Y1           LUT6 (Prop_lut6_I2_O)        0.124     6.310 r  <hidden>
                         net (fo=2, routed)           0.987     7.297    <hidden>
    SLICE_X1Y1           LUT6 (Prop_lut6_I0_O)        0.124     7.421 r  <hidden>
                         net (fo=2, routed)           0.848     8.269    <hidden>
    SLICE_X2Y0           LUT6 (Prop_lut6_I1_O)        0.124     8.393 r  <hidden>
                         net (fo=1, routed)           0.550     8.943    periph_vga/u_system/vga_system_i/processing_system7_0/inst/S_AXI_HP0_ARSIZE[0]
    PS7_X0Y0             PS7                                          r  periph_vga/u_system/vga_system_i/processing_system7_0/inst/PS7_i/SAXIHP0ARSIZE[0]
  -------------------------------------------------------------------    -------------------

                         (clock clk_fpga_0 rise edge)
                                                     10.000    10.000 r  
    PS7_X0Y0             PS7                          0.000    10.000 r  periph_vga/u_system/vga_system_i/processing_system7_0/inst/PS7_i/FCLKCLK[0]
                         net (fo=1, routed)           1.101    11.101    periph_vga/u_system/vga_system_i/processing_system7_0/inst/FCLK_CLK_unbuffered[0]
    BUFGCTRL_X0Y15       BUFG (Prop_bufg_I_O)         0.091    11.192 r  periph_vga/u_system/vga_system_i/processing_system7_0/inst/buffer_fclk_clk_0.FCLK_CLK_0_BUFG/O
                         net (fo=2395, routed)        1.673    12.865    periph_vga/u_system/vga_system_i/processing_system7_0/inst/FCLK_CLK0
    PS7_X0Y0             PS7                                          r  periph_vga/u_system/vga_system_i/processing_system7_0/inst/PS7_i/SAXIHP0ACLK
                         clock pessimism              0.230    13.095    
                         clock uncertainty           -0.154    12.941    
    PS7_X0Y0             PS7 (Setup_ps7_SAXIHP0ACLK_SAXIHP0ARSIZE[0])
                                                     -0.694    12.247    periph_vga/u_system/vga_system_i/processing_system7_0/inst/PS7_i
  -------------------------------------------------------------------
                         required time                         12.247    
                         arrival time                          -8.943    
  -------------------------------------------------------------------
                         slack                                  3.304    

Slack (MET) :             3.488ns  (required time - arrival time)
  Source:                 <hidden>
                            (rising edge-triggered cell FDRE clocked by clk_fpga_0  {rise@0.000ns fall@5.000ns period=10.000ns})
  Destination:            periph_vga/u_system/vga_system_i/processing_system7_0/inst/PS7_i/SAXIHP0ARSIZE[1]
                            (rising edge-triggered cell PS7 clocked by clk_fpga_0  {rise@0.000ns fall@5.000ns period=10.000ns})
  Path Group:             clk_fpga_0
  Path Type:              Setup (Max at Slow Process Corner)
  Requirement:            10.000ns  (clk_fpga_0 rise@10.000ns - clk_fpga_0 rise@0.000ns)
  Data Path Delay:        5.770ns  (logic 1.076ns (18.649%)  route 4.694ns (81.351%))
  Logic Levels:           5  (LUT4=1 LUT6=4)
  Clock Path Skew:        0.106ns (DCD - SCD + CPR)
    Destination Clock Delay (DCD):    2.865ns = ( 12.865 - 10.000 ) 
    Source Clock Delay      (SCD):    2.989ns
    Clock Pessimism Removal (CPR):    0.230ns
  Clock Uncertainty:      0.154ns  ((TSJ^2 + TIJ^2)^1/2 + DJ) / 2 + PE
    Total System Jitter     (TSJ):    0.071ns
    Total Input Jitter      (TIJ):    0.300ns
    Discrete Jitter          (DJ):    0.000ns
    Phase Error              (PE):    0.000ns

    Location             Delay type                Incr(ns)  Path(ns)    Netlist Resource(s)
  -------------------------------------------------------------------    -------------------
                         (clock clk_fpga_0 rise edge)
                                                      0.000     0.000 r  
    PS7_X0Y0             PS7                          0.000     0.000 r  periph_vga/u_system/vga_system_i/processing_system7_0/inst/PS7_i/FCLKCLK[0]
                         net (fo=1, routed)           1.207     1.207    periph_vga/u_system/vga_system_i/processing_system7_0/inst/FCLK_CLK_unbuffered[0]
    BUFGCTRL_X0Y15       BUFG (Prop_bufg_I_O)         0.101     1.308 r  periph_vga/u_system/vga_system_i/processing_system7_0/inst/buffer_fclk_clk_0.FCLK_CLK_0_BUFG/O
                         net (fo=2395, routed)        1.681     2.989    <hidden>
    SLICE_X11Y4          FDRE                                         r  <hidden>
  -------------------------------------------------------------------    -------------------
    SLICE_X11Y4          FDRE (Prop_fdre_C_Q)         0.456     3.445 r  <hidden>
                         net (fo=4, routed)           0.969     4.414    <hidden>
    SLICE_X12Y4          LUT6 (Prop_lut6_I1_O)        0.124     4.538 r  <hidden>
                         net (fo=4, routed)           0.641     5.180    <hidden>
    SLICE_X13Y4          LUT4 (Prop_lut4_I2_O)        0.124     5.304 r  <hidden>
                         net (fo=9, routed)           0.745     6.048    <hidden>
    SLICE_X7Y1           LUT6 (Prop_lut6_I2_O)        0.124     6.172 r  <hidden>
                         net (fo=2, routed)           0.853     7.025    <hidden>
    SLICE_X2Y1           LUT6 (Prop_lut6_I0_O)        0.124     7.149 r  <hidden>
                         net (fo=2, routed)           0.950     8.099    <hidden>
    SLICE_X2Y0           LUT6 (Prop_lut6_I0_O)        0.124     8.223 r  <hidden>
                         net (fo=1, routed)           0.536     8.759    periph_vga/u_system/vga_system_i/processing_system7_0/inst/S_AXI_HP0_ARSIZE[1]
    PS7_X0Y0             PS7                                          r  periph_vga/u_system/vga_system_i/processing_system7_0/inst/PS7_i/SAXIHP0ARSIZE[1]
  -------------------------------------------------------------------    -------------------

                         (clock clk_fpga_0 rise edge)
                                                     10.000    10.000 r  
    PS7_X0Y0             PS7                          0.000    10.000 r  periph_vga/u_system/vga_system_i/processing_system7_0/inst/PS7_i/FCLKCLK[0]
                         net (fo=1, routed)           1.101    11.101    periph_vga/u_system/vga_system_i/processing_system7_0/inst/FCLK_CLK_unbuffered[0]
    BUFGCTRL_X0Y15       BUFG (Prop_bufg_I_O)         0.091    11.192 r  periph_vga/u_system/vga_system_i/processing_system7_0/inst/buffer_fclk_clk_0.FCLK_CLK_0_BUFG/O
                         net (fo=2395, routed)        1.673    12.865    periph_vga/u_system/vga_system_i/processing_system7_0/inst/FCLK_CLK0
    PS7_X0Y0             PS7                                          r  periph_vga/u_system/vga_system_i/processing_system7_0/inst/PS7_i/SAXIHP0ACLK
                         clock pessimism              0.230    13.095    
                         clock uncertainty           -0.154    12.941    
    PS7_X0Y0             PS7 (Setup_ps7_SAXIHP0ACLK_SAXIHP0ARSIZE[1])
                                                     -0.694    12.247    periph_vga/u_system/vga_system_i/processing_system7_0/inst/PS7_i
  -------------------------------------------------------------------
                         required time                         12.247    
                         arrival time                          -8.759    
  -------------------------------------------------------------------
                         slack                                  3.488    

Slack (MET) :             3.593ns  (required time - arrival time)
  Source:                 <hidden>
                            (rising edge-triggered cell FDRE clocked by clk_fpga_0  {rise@0.000ns fall@5.000ns period=10.000ns})
  Destination:            <hidden>
                            (rising edge-triggered cell FDRE clocked by clk_fpga_0  {rise@0.000ns fall@5.000ns period=10.000ns})
  Path Group:             clk_fpga_0
  Path Type:              Setup (Max at Slow Process Corner)
  Requirement:            10.000ns  (clk_fpga_0 rise@10.000ns - clk_fpga_0 rise@0.000ns)
  Data Path Delay:        6.177ns  (logic 2.124ns (34.384%)  route 4.053ns (65.616%))
  Logic Levels:           7  (CARRY4=1 LUT5=2 LUT6=4)
  Clock Path Skew:        -0.107ns (DCD - SCD + CPR)
    Destination Clock Delay (DCD):    2.698ns = ( 12.698 - 10.000 ) 
    Source Clock Delay      (SCD):    3.036ns
    Clock Pessimism Removal (CPR):    0.230ns
  Clock Uncertainty:      0.154ns  ((TSJ^2 + TIJ^2)^1/2 + DJ) / 2 + PE
    Total System Jitter     (TSJ):    0.071ns
    Total Input Jitter      (TIJ):    0.300ns
    Discrete Jitter          (DJ):    0.000ns
    Phase Error              (PE):    0.000ns

    Location             Delay type                Incr(ns)  Path(ns)    Netlist Resource(s)
  -------------------------------------------------------------------    -------------------
                         (clock clk_fpga_0 rise edge)
                                                      0.000     0.000 r  
    PS7_X0Y0             PS7                          0.000     0.000 r  periph_vga/u_system/vga_system_i/processing_system7_0/inst/PS7_i/FCLKCLK[0]
                         net (fo=1, routed)           1.207     1.207    periph_vga/u_system/vga_system_i/processing_system7_0/inst/FCLK_CLK_unbuffered[0]
    BUFGCTRL_X0Y15       BUFG (Prop_bufg_I_O)         0.101     1.308 r  periph_vga/u_system/vga_system_i/processing_system7_0/inst/buffer_fclk_clk_0.FCLK_CLK_0_BUFG/O
                         net (fo=2395, routed)        1.728     3.036    <hidden>
    SLICE_X3Y46          FDRE                                         r  <hidden>
  -------------------------------------------------------------------    -------------------
    SLICE_X3Y46          FDRE (Prop_fdre_C_Q)         0.419     3.455 f  <hidden>
                         net (fo=10, routed)          1.203     4.658    <hidden>
    SLICE_X4Y44          LUT6 (Prop_lut6_I1_O)        0.297     4.955 r  <hidden>
                         net (fo=3, routed)           0.792     5.747    <hidden>
    SLICE_X5Y46          LUT6 (Prop_lut6_I0_O)        0.124     5.871 r  <hidden>
                         net (fo=1, routed)           0.000     5.871    <hidden>
    SLICE_X5Y46          CARRY4 (Prop_carry4_S[0]_O[3])
                                                      0.606     6.477 r  <hidden>
                         net (fo=1, routed)           0.478     6.955    <hidden>
    SLICE_X4Y46          LUT6 (Prop_lut6_I0_O)        0.306     7.261 r  <hidden>
                         net (fo=1, routed)           0.293     7.554    <hidden>
    SLICE_X5Y44          LUT5 (Prop_lut5_I0_O)        0.124     7.678 r  <hidden>
                         net (fo=1, routed)           0.670     8.348    <hidden>
    SLICE_X7Y46          LUT5 (Prop_lut5_I0_O)        0.124     8.472 r  <hidden>
                         net (fo=12, routed)          0.617     9.089    <hidden>
    SLICE_X7Y44          LUT6 (Prop_lut6_I5_O)        0.124     9.213 r  <hidden>
                         net (fo=1, routed)           0.000     9.213    <hidden>
    SLICE_X7Y44          FDRE                                         r  <hidden>
  -------------------------------------------------------------------    -------------------

                         (clock clk_fpga_0 rise edge)
                                                     10.000    10.000 r  
    PS7_X0Y0             PS7                          0.000    10.000 r  periph_vga/u_system/vga_system_i/processing_system7_0/inst/PS7_i/FCLKCLK[0]
                         net (fo=1, routed)           1.101    11.101    periph_vga/u_system/vga_system_i/processing_system7_0/inst/FCLK_CLK_unbuffered[0]
    BUFGCTRL_X0Y15       BUFG (Prop_bufg_I_O)         0.091    11.192 r  periph_vga/u_system/vga_system_i/processing_system7_0/inst/buffer_fclk_clk_0.FCLK_CLK_0_BUFG/O
                         net (fo=2395, routed)        1.506    12.698    <hidden>
    SLICE_X7Y44          FDRE                                         r  <hidden>
                         clock pessimism              0.230    12.929    
                         clock uncertainty           -0.154    12.775    
    SLICE_X7Y44          FDRE (Setup_fdre_C_D)        0.031    12.806    <hidden>
  -------------------------------------------------------------------
                         required time                         12.806    
                         arrival time                          -9.213    
  -------------------------------------------------------------------
                         slack                                  3.593    

Slack (MET) :             3.595ns  (required time - arrival time)
  Source:                 <hidden>
                            (rising edge-triggered cell FDRE clocked by clk_fpga_0  {rise@0.000ns fall@5.000ns period=10.000ns})
  Destination:            <hidden>
                            (rising edge-triggered cell FDRE clocked by clk_fpga_0  {rise@0.000ns fall@5.000ns period=10.000ns})
  Path Group:             clk_fpga_0
  Path Type:              Setup (Max at Slow Process Corner)
  Requirement:            10.000ns  (clk_fpga_0 rise@10.000ns - clk_fpga_0 rise@0.000ns)
  Data Path Delay:        6.173ns  (logic 2.124ns (34.406%)  route 4.049ns (65.594%))
  Logic Levels:           7  (CARRY4=1 LUT5=2 LUT6=4)
  Clock Path Skew:        -0.107ns (DCD - SCD + CPR)
    Destination Clock Delay (DCD):    2.698ns = ( 12.698 - 10.000 ) 
    Source Clock Delay      (SCD):    3.036ns
    Clock Pessimism Removal (CPR):    0.230ns
  Clock Uncertainty:      0.154ns  ((TSJ^2 + TIJ^2)^1/2 + DJ) / 2 + PE
    Total System Jitter     (TSJ):    0.071ns
    Total Input Jitter      (TIJ):    0.300ns
    Discrete Jitter          (DJ):    0.000ns
    Phase Error              (PE):    0.000ns

    Location             Delay type                Incr(ns)  Path(ns)    Netlist Resource(s)
  -------------------------------------------------------------------    -------------------
                         (clock clk_fpga_0 rise edge)
                                                      0.000     0.000 r  
    PS7_X0Y0             PS7                          0.000     0.000 r  periph_vga/u_system/vga_system_i/processing_system7_0/inst/PS7_i/FCLKCLK[0]
                         net (fo=1, routed)           1.207     1.207    periph_vga/u_system/vga_system_i/processing_system7_0/inst/FCLK_CLK_unbuffered[0]
    BUFGCTRL_X0Y15       BUFG (Prop_bufg_I_O)         0.101     1.308 r  periph_vga/u_system/vga_system_i/processing_system7_0/inst/buffer_fclk_clk_0.FCLK_CLK_0_BUFG/O
                         net (fo=2395, routed)        1.728     3.036    <hidden>
    SLICE_X3Y46          FDRE                                         r  <hidden>
  -------------------------------------------------------------------    -------------------
    SLICE_X3Y46          FDRE (Prop_fdre_C_Q)         0.419     3.455 f  <hidden>
                         net (fo=10, routed)          1.203     4.658    <hidden>
    SLICE_X4Y44          LUT6 (Prop_lut6_I1_O)        0.297     4.955 r  <hidden>
                         net (fo=3, routed)           0.792     5.747    <hidden>
    SLICE_X5Y46          LUT6 (Prop_lut6_I0_O)        0.124     5.871 r  <hidden>
                         net (fo=1, routed)           0.000     5.871    <hidden>
    SLICE_X5Y46          CARRY4 (Prop_carry4_S[0]_O[3])
                                                      0.606     6.477 r  <hidden>
                         net (fo=1, routed)           0.478     6.955    <hidden>
    SLICE_X4Y46          LUT6 (Prop_lut6_I0_O)        0.306     7.261 r  <hidden>
                         net (fo=1, routed)           0.293     7.554    <hidden>
    SLICE_X5Y44          LUT5 (Prop_lut5_I0_O)        0.124     7.678 r  <hidden>
                         net (fo=1, routed)           0.670     8.348    <hidden>
    SLICE_X7Y46          LUT5 (Prop_lut5_I0_O)        0.124     8.472 r  <hidden>
                         net (fo=12, routed)          0.613     9.085    <hidden>
    SLICE_X7Y44          LUT6 (Prop_lut6_I5_O)        0.124     9.209 r  <hidden>
                         net (fo=1, routed)           0.000     9.209    <hidden>
    SLICE_X7Y44          FDRE                                         r  <hidden>
  -------------------------------------------------------------------    -------------------

                         (clock clk_fpga_0 rise edge)
                                                     10.000    10.000 r  
    PS7_X0Y0             PS7                          0.000    10.000 r  periph_vga/u_system/vga_system_i/processing_system7_0/inst/PS7_i/FCLKCLK[0]
                         net (fo=1, routed)           1.101    11.101    periph_vga/u_system/vga_system_i/processing_system7_0/inst/FCLK_CLK_unbuffered[0]
    BUFGCTRL_X0Y15       BUFG (Prop_bufg_I_O)         0.091    11.192 r  periph_vga/u_system/vga_system_i/processing_system7_0/inst/buffer_fclk_clk_0.FCLK_CLK_0_BUFG/O
                         net (fo=2395, routed)        1.506    12.698    <hidden>
    SLICE_X7Y44          FDRE                                         r  <hidden>
                         clock pessimism              0.230    12.929    
                         clock uncertainty           -0.154    12.775    
    SLICE_X7Y44          FDRE (Setup_fdre_C_D)        0.029    12.804    <hidden>
  -------------------------------------------------------------------
                         required time                         12.804    
                         arrival time                          -9.209    
  -------------------------------------------------------------------
                         slack                                  3.595    

Slack (MET) :             3.685ns  (required time - arrival time)
  Source:                 <hidden>
                            (rising edge-triggered cell FDRE clocked by clk_fpga_0  {rise@0.000ns fall@5.000ns period=10.000ns})
  Destination:            <hidden>
                            (rising edge-triggered cell FDRE clocked by clk_fpga_0  {rise@0.000ns fall@5.000ns period=10.000ns})
  Path Group:             clk_fpga_0
  Path Type:              Setup (Max at Slow Process Corner)
  Requirement:            10.000ns  (clk_fpga_0 rise@10.000ns - clk_fpga_0 rise@0.000ns)
  Data Path Delay:        6.083ns  (logic 2.124ns (34.916%)  route 3.959ns (65.084%))
  Logic Levels:           7  (CARRY4=1 LUT5=2 LUT6=4)
  Clock Path Skew:        -0.107ns (DCD - SCD + CPR)
    Destination Clock Delay (DCD):    2.698ns = ( 12.698 - 10.000 ) 
    Source Clock Delay      (SCD):    3.036ns
    Clock Pessimism Removal (CPR):    0.230ns
  Clock Uncertainty:      0.154ns  ((TSJ^2 + TIJ^2)^1/2 + DJ) / 2 + PE
    Total System Jitter     (TSJ):    0.071ns
    Total Input Jitter      (TIJ):    0.300ns
    Discrete Jitter          (DJ):    0.000ns
    Phase Error              (PE):    0.000ns

    Location             Delay type                Incr(ns)  Path(ns)    Netlist Resource(s)
  -------------------------------------------------------------------    -------------------
                         (clock clk_fpga_0 rise edge)
                                                      0.000     0.000 r  
    PS7_X0Y0             PS7                          0.000     0.000 r  periph_vga/u_system/vga_system_i/processing_system7_0/inst/PS7_i/FCLKCLK[0]
                         net (fo=1, routed)           1.207     1.207    periph_vga/u_system/vga_system_i/processing_system7_0/inst/FCLK_CLK_unbuffered[0]
    BUFGCTRL_X0Y15       BUFG (Prop_bufg_I_O)         0.101     1.308 r  periph_vga/u_system/vga_system_i/processing_system7_0/inst/buffer_fclk_clk_0.FCLK_CLK_0_BUFG/O
                         net (fo=2395, routed)        1.728     3.036    <hidden>
    SLICE_X3Y46          FDRE                                         r  <hidden>
  -------------------------------------------------------------------    -------------------
    SLICE_X3Y46          FDRE (Prop_fdre_C_Q)         0.419     3.455 f  <hidden>
                         net (fo=10, routed)          1.203     4.658    <hidden>
    SLICE_X4Y44          LUT6 (Prop_lut6_I1_O)        0.297     4.955 r  <hidden>
                         net (fo=3, routed)           0.792     5.747    <hidden>
    SLICE_X5Y46          LUT6 (Prop_lut6_I0_O)        0.124     5.871 r  <hidden>
                         net (fo=1, routed)           0.000     5.871    <hidden>
    SLICE_X5Y46          CARRY4 (Prop_carry4_S[0]_O[3])
                                                      0.606     6.477 r  <hidden>
                         net (fo=1, routed)           0.478     6.955    <hidden>
    SLICE_X4Y46          LUT6 (Prop_lut6_I0_O)        0.306     7.261 r  <hidden>
                         net (fo=1, routed)           0.293     7.554    <hidden>
    SLICE_X5Y44          LUT5 (Prop_lut5_I0_O)        0.124     7.678 r  <hidden>
                         net (fo=1, routed)           0.670     8.348    <hidden>
    SLICE_X7Y46          LUT5 (Prop_lut5_I0_O)        0.124     8.472 r  <hidden>
                         net (fo=12, routed)          0.523     8.995    <hidden>
    SLICE_X7Y45          LUT6 (Prop_lut6_I5_O)        0.124     9.119 r  <hidden>
                         net (fo=1, routed)           0.000     9.119    <hidden>
    SLICE_X7Y45          FDRE                                         r  <hidden>
  -------------------------------------------------------------------    -------------------

                         (clock clk_fpga_0 rise edge)
                                                     10.000    10.000 r  
    PS7_X0Y0             PS7                          0.000    10.000 r  periph_vga/u_system/vga_system_i/processing_system7_0/inst/PS7_i/FCLKCLK[0]
                         net (fo=1, routed)           1.101    11.101    periph_vga/u_system/vga_system_i/processing_system7_0/inst/FCLK_CLK_unbuffered[0]
    BUFGCTRL_X0Y15       BUFG (Prop_bufg_I_O)         0.091    11.192 r  periph_vga/u_system/vga_system_i/processing_system7_0/inst/buffer_fclk_clk_0.FCLK_CLK_0_BUFG/O
                         net (fo=2395, routed)        1.506    12.698    <hidden>
    SLICE_X7Y45          FDRE                                         r  <hidden>
                         clock pessimism              0.230    12.929    
                         clock uncertainty           -0.154    12.775    
    SLICE_X7Y45          FDRE (Setup_fdre_C_D)        0.029    12.804    <hidden>
  -------------------------------------------------------------------
                         required time                         12.804    
                         arrival time                          -9.119    
  -------------------------------------------------------------------
                         slack                                  3.685    

Slack (MET) :             3.690ns  (required time - arrival time)
  Source:                 <hidden>
                            (rising edge-triggered cell FDRE clocked by clk_fpga_0  {rise@0.000ns fall@5.000ns period=10.000ns})
  Destination:            <hidden>
                            (rising edge-triggered cell FDRE clocked by clk_fpga_0  {rise@0.000ns fall@5.000ns period=10.000ns})
  Path Group:             clk_fpga_0
  Path Type:              Setup (Max at Slow Process Corner)
  Requirement:            10.000ns  (clk_fpga_0 rise@10.000ns - clk_fpga_0 rise@0.000ns)
  Data Path Delay:        6.080ns  (logic 2.124ns (34.933%)  route 3.956ns (65.067%))
  Logic Levels:           7  (CARRY4=1 LUT5=2 LUT6=4)
  Clock Path Skew:        -0.107ns (DCD - SCD + CPR)
    Destination Clock Delay (DCD):    2.698ns = ( 12.698 - 10.000 ) 
    Source Clock Delay      (SCD):    3.036ns
    Clock Pessimism Removal (CPR):    0.230ns
  Clock Uncertainty:      0.154ns  ((TSJ^2 + TIJ^2)^1/2 + DJ) / 2 + PE
    Total System Jitter     (TSJ):    0.071ns
    Total Input Jitter      (TIJ):    0.300ns
    Discrete Jitter          (DJ):    0.000ns
    Phase Error              (PE):    0.000ns

    Location             Delay type                Incr(ns)  Path(ns)    Netlist Resource(s)
  -------------------------------------------------------------------    -------------------
                         (clock clk_fpga_0 rise edge)
                                                      0.000     0.000 r  
    PS7_X0Y0             PS7                          0.000     0.000 r  periph_vga/u_system/vga_system_i/processing_system7_0/inst/PS7_i/FCLKCLK[0]
                         net (fo=1, routed)           1.207     1.207    periph_vga/u_system/vga_system_i/processing_system7_0/inst/FCLK_CLK_unbuffered[0]
    BUFGCTRL_X0Y15       BUFG (Prop_bufg_I_O)         0.101     1.308 r  periph_vga/u_system/vga_system_i/processing_system7_0/inst/buffer_fclk_clk_0.FCLK_CLK_0_BUFG/O
                         net (fo=2395, routed)        1.728     3.036    <hidden>
    SLICE_X3Y46          FDRE                                         r  <hidden>
  -------------------------------------------------------------------    -------------------
    SLICE_X3Y46          FDRE (Prop_fdre_C_Q)         0.419     3.455 f  <hidden>
                         net (fo=10, routed)          1.203     4.658    <hidden>
    SLICE_X4Y44          LUT6 (Prop_lut6_I1_O)        0.297     4.955 r  <hidden>
                         net (fo=3, routed)           0.792     5.747    <hidden>
    SLICE_X5Y46          LUT6 (Prop_lut6_I0_O)        0.124     5.871 r  <hidden>
                         net (fo=1, routed)           0.000     5.871    <hidden>
    SLICE_X5Y46          CARRY4 (Prop_carry4_S[0]_O[3])
                                                      0.606     6.477 r  <hidden>
                         net (fo=1, routed)           0.478     6.955    <hidden>
    SLICE_X4Y46          LUT6 (Prop_lut6_I0_O)        0.306     7.261 r  <hidden>
                         net (fo=1, routed)           0.293     7.554    <hidden>
    SLICE_X5Y44          LUT5 (Prop_lut5_I0_O)        0.124     7.678 r  <hidden>
                         net (fo=1, routed)           0.670     8.348    <hidden>
    SLICE_X7Y46          LUT5 (Prop_lut5_I0_O)        0.124     8.472 r  <hidden>
                         net (fo=12, routed)          0.520     8.992    <hidden>
    SLICE_X7Y45          LUT6 (Prop_lut6_I4_O)        0.124     9.116 r  <hidden>
                         net (fo=1, routed)           0.000     9.116    <hidden>
    SLICE_X7Y45          FDRE                                         r  <hidden>
  -------------------------------------------------------------------    -------------------

                         (clock clk_fpga_0 rise edge)
                                                     10.000    10.000 r  
    PS7_X0Y0             PS7                          0.000    10.000 r  periph_vga/u_system/vga_system_i/processing_system7_0/inst/PS7_i/FCLKCLK[0]
                         net (fo=1, routed)           1.101    11.101    periph_vga/u_system/vga_system_i/processing_system7_0/inst/FCLK_CLK_unbuffered[0]
    BUFGCTRL_X0Y15       BUFG (Prop_bufg_I_O)         0.091    11.192 r  periph_vga/u_system/vga_system_i/processing_system7_0/inst/buffer_fclk_clk_0.FCLK_CLK_0_BUFG/O
                         net (fo=2395, routed)        1.506    12.698    <hidden>
    SLICE_X7Y45          FDRE                                         r  <hidden>
                         clock pessimism              0.230    12.929    
                         clock uncertainty           -0.154    12.775    
    SLICE_X7Y45          FDRE (Setup_fdre_C_D)        0.031    12.806    <hidden>
  -------------------------------------------------------------------
                         required time                         12.806    
                         arrival time                          -9.116    
  -------------------------------------------------------------------
                         slack                                  3.690    

Slack (MET) :             3.747ns  (required time - arrival time)
  Source:                 <hidden>
                            (rising edge-triggered cell FDRE clocked by clk_fpga_0  {rise@0.000ns fall@5.000ns period=10.000ns})
  Destination:            <hidden>
                            (rising edge-triggered cell FDRE clocked by clk_fpga_0  {rise@0.000ns fall@5.000ns period=10.000ns})
  Path Group:             clk_fpga_0
  Path Type:              Setup (Max at Slow Process Corner)
  Requirement:            10.000ns  (clk_fpga_0 rise@10.000ns - clk_fpga_0 rise@0.000ns)
  Data Path Delay:        6.021ns  (logic 2.124ns (35.277%)  route 3.897ns (64.723%))
  Logic Levels:           7  (CARRY4=1 LUT5=2 LUT6=4)
  Clock Path Skew:        -0.107ns (DCD - SCD + CPR)
    Destination Clock Delay (DCD):    2.698ns = ( 12.698 - 10.000 ) 
    Source Clock Delay      (SCD):    3.036ns
    Clock Pessimism Removal (CPR):    0.230ns
  Clock Uncertainty:      0.154ns  ((TSJ^2 + TIJ^2)^1/2 + DJ) / 2 + PE
    Total System Jitter     (TSJ):    0.071ns
    Total Input Jitter      (TIJ):    0.300ns
    Discrete Jitter          (DJ):    0.000ns
    Phase Error              (PE):    0.000ns

    Location             Delay type                Incr(ns)  Path(ns)    Netlist Resource(s)
  -------------------------------------------------------------------    -------------------
                         (clock clk_fpga_0 rise edge)
                                                      0.000     0.000 r  
    PS7_X0Y0             PS7                          0.000     0.000 r  periph_vga/u_system/vga_system_i/processing_system7_0/inst/PS7_i/FCLKCLK[0]
                         net (fo=1, routed)           1.207     1.207    periph_vga/u_system/vga_system_i/processing_system7_0/inst/FCLK_CLK_unbuffered[0]
    BUFGCTRL_X0Y15       BUFG (Prop_bufg_I_O)         0.101     1.308 r  periph_vga/u_system/vga_system_i/processing_system7_0/inst/buffer_fclk_clk_0.FCLK_CLK_0_BUFG/O
                         net (fo=2395, routed)        1.728     3.036    <hidden>
    SLICE_X3Y46          FDRE                                         r  <hidden>
  -------------------------------------------------------------------    -------------------
    SLICE_X3Y46          FDRE (Prop_fdre_C_Q)         0.419     3.455 f  <hidden>
                         net (fo=10, routed)          1.203     4.658    <hidden>
    SLICE_X4Y44          LUT6 (Prop_lut6_I1_O)        0.297     4.955 r  <hidden>
                         net (fo=3, routed)           0.792     5.747    <hidden>
    SLICE_X5Y46          LUT6 (Prop_lut6_I0_O)        0.124     5.871 r  <hidden>
                         net (fo=1, routed)           0.000     5.871    <hidden>
    SLICE_X5Y46          CARRY4 (Prop_carry4_S[0]_O[3])
                                                      0.606     6.477 r  <hidden>
                         net (fo=1, routed)           0.478     6.955    <hidden>
    SLICE_X4Y46          LUT6 (Prop_lut6_I0_O)        0.306     7.261 r  <hidden>
                         net (fo=1, routed)           0.293     7.554    <hidden>
    SLICE_X5Y44          LUT5 (Prop_lut5_I0_O)        0.124     7.678 r  <hidden>
                         net (fo=1, routed)           0.670     8.348    <hidden>
    SLICE_X7Y46          LUT5 (Prop_lut5_I0_O)        0.124     8.472 r  <hidden>
                         net (fo=12, routed)          0.461     8.933    <hidden>
    SLICE_X7Y46          LUT6 (Prop_lut6_I1_O)        0.124     9.057 r  <hidden>
                         net (fo=1, routed)           0.000     9.057    <hidden>
    SLICE_X7Y46          FDRE                                         r  <hidden>
  -------------------------------------------------------------------    -------------------

                         (clock clk_fpga_0 rise edge)
                                                     10.000    10.000 r  
    PS7_X0Y0             PS7                          0.000    10.000 r  periph_vga/u_system/vga_system_i/processing_system7_0/inst/PS7_i/FCLKCLK[0]
                         net (fo=1, routed)           1.101    11.101    periph_vga/u_system/vga_system_i/processing_system7_0/inst/FCLK_CLK_unbuffered[0]
    BUFGCTRL_X0Y15       BUFG (Prop_bufg_I_O)         0.091    11.192 r  periph_vga/u_system/vga_system_i/processing_system7_0/inst/buffer_fclk_clk_0.FCLK_CLK_0_BUFG/O
                         net (fo=2395, routed)        1.506    12.698    <hidden>
    SLICE_X7Y46          FDRE                                         r  <hidden>
                         clock pessimism              0.230    12.929    
                         clock uncertainty           -0.154    12.775    
    SLICE_X7Y46          FDRE (Setup_fdre_C_D)        0.029    12.804    <hidden>
  -------------------------------------------------------------------
                         required time                         12.804    
                         arrival time                          -9.057    
  -------------------------------------------------------------------
                         slack                                  3.747    

Slack (MET) :             3.748ns  (required time - arrival time)
  Source:                 <hidden>
                            (rising edge-triggered cell FDRE clocked by clk_fpga_0  {rise@0.000ns fall@5.000ns period=10.000ns})
  Destination:            <hidden>
                            (rising edge-triggered cell FDRE clocked by clk_fpga_0  {rise@0.000ns fall@5.000ns period=10.000ns})
  Path Group:             clk_fpga_0
  Path Type:              Setup (Max at Slow Process Corner)
  Requirement:            10.000ns  (clk_fpga_0 rise@10.000ns - clk_fpga_0 rise@0.000ns)
  Data Path Delay:        6.021ns  (logic 2.124ns (35.274%)  route 3.897ns (64.726%))
  Logic Levels:           7  (CARRY4=1 LUT5=2 LUT6=4)
  Clock Path Skew:        -0.107ns (DCD - SCD + CPR)
    Destination Clock Delay (DCD):    2.698ns = ( 12.698 - 10.000 ) 
    Source Clock Delay      (SCD):    3.036ns
    Clock Pessimism Removal (CPR):    0.230ns
  Clock Uncertainty:      0.154ns  ((TSJ^2 + TIJ^2)^1/2 + DJ) / 2 + PE
    Total System Jitter     (TSJ):    0.071ns
    Total Input Jitter      (TIJ):    0.300ns
    Discrete Jitter          (DJ):    0.000ns
    Phase Error              (PE):    0.000ns

    Location             Delay type                Incr(ns)  Path(ns)    Netlist Resource(s)
  -------------------------------------------------------------------    -------------------
                         (clock clk_fpga_0 rise edge)
                                                      0.000     0.000 r  
    PS7_X0Y0             PS7                          0.000     0.000 r  periph_vga/u_system/vga_system_i/processing_system7_0/inst/PS7_i/FCLKCLK[0]
                         net (fo=1, routed)           1.207     1.207    periph_vga/u_system/vga_system_i/processing_system7_0/inst/FCLK_CLK_unbuffered[0]
    BUFGCTRL_X0Y15       BUFG (Prop_bufg_I_O)         0.101     1.308 r  periph_vga/u_system/vga_system_i/processing_system7_0/inst/buffer_fclk_clk_0.FCLK_CLK_0_BUFG/O
                         net (fo=2395, routed)        1.728     3.036    <hidden>
    SLICE_X3Y46          FDRE                                         r  <hidden>
  -------------------------------------------------------------------    -------------------
    SLICE_X3Y46          FDRE (Prop_fdre_C_Q)         0.419     3.455 f  <hidden>
                         net (fo=10, routed)          1.203     4.658    <hidden>
    SLICE_X4Y44          LUT6 (Prop_lut6_I1_O)        0.297     4.955 r  <hidden>
                         net (fo=3, routed)           0.792     5.747    <hidden>
    SLICE_X5Y46          LUT6 (Prop_lut6_I0_O)        0.124     5.871 r  <hidden>
                         net (fo=1, routed)           0.000     5.871    <hidden>
    SLICE_X5Y46          CARRY4 (Prop_carry4_S[0]_O[3])
                                                      0.606     6.477 r  <hidden>
                         net (fo=1, routed)           0.478     6.955    <hidden>
    SLICE_X4Y46          LUT6 (Prop_lut6_I0_O)        0.306     7.261 r  <hidden>
                         net (fo=1, routed)           0.293     7.554    <hidden>
    SLICE_X5Y44          LUT5 (Prop_lut5_I0_O)        0.124     7.678 r  <hidden>
                         net (fo=1, routed)           0.670     8.348    <hidden>
    SLICE_X7Y46          LUT5 (Prop_lut5_I0_O)        0.124     8.472 r  <hidden>
                         net (fo=12, routed)          0.461     8.933    <hidden>
    SLICE_X7Y44          LUT6 (Prop_lut6_I5_O)        0.124     9.057 r  <hidden>
                         net (fo=1, routed)           0.000     9.057    <hidden>
    SLICE_X7Y44          FDRE                                         r  <hidden>
  -------------------------------------------------------------------    -------------------

                         (clock clk_fpga_0 rise edge)
                                                     10.000    10.000 r  
    PS7_X0Y0             PS7                          0.000    10.000 r  periph_vga/u_system/vga_system_i/processing_system7_0/inst/PS7_i/FCLKCLK[0]
                         net (fo=1, routed)           1.101    11.101    periph_vga/u_system/vga_system_i/processing_system7_0/inst/FCLK_CLK_unbuffered[0]
    BUFGCTRL_X0Y15       BUFG (Prop_bufg_I_O)         0.091    11.192 r  periph_vga/u_system/vga_system_i/processing_system7_0/inst/buffer_fclk_clk_0.FCLK_CLK_0_BUFG/O
                         net (fo=2395, routed)        1.506    12.698    <hidden>
    SLICE_X7Y44          FDRE                                         r  <hidden>
                         clock pessimism              0.230    12.929    
                         clock uncertainty           -0.154    12.775    
    SLICE_X7Y44          FDRE (Setup_fdre_C_D)        0.031    12.806    <hidden>
  -------------------------------------------------------------------
                         required time                         12.806    
                         arrival time                          -9.057    
  -------------------------------------------------------------------
                         slack                                  3.748    

Slack (MET) :             3.750ns  (required time - arrival time)
  Source:                 <hidden>
                            (rising edge-triggered cell FDRE clocked by clk_fpga_0  {rise@0.000ns fall@5.000ns period=10.000ns})
  Destination:            <hidden>
                            (rising edge-triggered cell FDRE clocked by clk_fpga_0  {rise@0.000ns fall@5.000ns period=10.000ns})
  Path Group:             clk_fpga_0
  Path Type:              Setup (Max at Slow Process Corner)
  Requirement:            10.000ns  (clk_fpga_0 rise@10.000ns - clk_fpga_0 rise@0.000ns)
  Data Path Delay:        6.020ns  (logic 2.124ns (35.280%)  route 3.896ns (64.720%))
  Logic Levels:           7  (CARRY4=1 LUT5=2 LUT6=4)
  Clock Path Skew:        -0.107ns (DCD - SCD + CPR)
    Destination Clock Delay (DCD):    2.698ns = ( 12.698 - 10.000 ) 
    Source Clock Delay      (SCD):    3.036ns
    Clock Pessimism Removal (CPR):    0.230ns
  Clock Uncertainty:      0.154ns  ((TSJ^2 + TIJ^2)^1/2 + DJ) / 2 + PE
    Total System Jitter     (TSJ):    0.071ns
    Total Input Jitter      (TIJ):    0.300ns
    Discrete Jitter          (DJ):    0.000ns
    Phase Error              (PE):    0.000ns

    Location             Delay type                Incr(ns)  Path(ns)    Netlist Resource(s)
  -------------------------------------------------------------------    -------------------
                         (clock clk_fpga_0 rise edge)
                                                      0.000     0.000 r  
    PS7_X0Y0             PS7                          0.000     0.000 r  periph_vga/u_system/vga_system_i/processing_system7_0/inst/PS7_i/FCLKCLK[0]
                         net (fo=1, routed)           1.207     1.207    periph_vga/u_system/vga_system_i/processing_system7_0/inst/FCLK_CLK_unbuffered[0]
    BUFGCTRL_X0Y15       BUFG (Prop_bufg_I_O)         0.101     1.308 r  periph_vga/u_system/vga_system_i/processing_system7_0/inst/buffer_fclk_clk_0.FCLK_CLK_0_BUFG/O
                         net (fo=2395, routed)        1.728     3.036    <hidden>
    SLICE_X3Y46          FDRE                                         r  <hidden>
  -------------------------------------------------------------------    -------------------
    SLICE_X3Y46          FDRE (Prop_fdre_C_Q)         0.419     3.455 f  <hidden>
                         net (fo=10, routed)          1.203     4.658    <hidden>
    SLICE_X4Y44          LUT6 (Prop_lut6_I1_O)        0.297     4.955 r  <hidden>
                         net (fo=3, routed)           0.792     5.747    <hidden>
    SLICE_X5Y46          LUT6 (Prop_lut6_I0_O)        0.124     5.871 r  <hidden>
                         net (fo=1, routed)           0.000     5.871    <hidden>
    SLICE_X5Y46          CARRY4 (Prop_carry4_S[0]_O[3])
                                                      0.606     6.477 r  <hidden>
                         net (fo=1, routed)           0.478     6.955    <hidden>
    SLICE_X4Y46          LUT6 (Prop_lut6_I0_O)        0.306     7.261 r  <hidden>
                         net (fo=1, routed)           0.293     7.554    <hidden>
    SLICE_X5Y44          LUT5 (Prop_lut5_I0_O)        0.124     7.678 r  <hidden>
                         net (fo=1, routed)           0.670     8.348    <hidden>
    SLICE_X7Y46          LUT5 (Prop_lut5_I0_O)        0.124     8.472 r  <hidden>
                         net (fo=12, routed)          0.460     8.932    <hidden>
    SLICE_X7Y44          LUT6 (Prop_lut6_I4_O)        0.124     9.056 r  <hidden>
                         net (fo=1, routed)           0.000     9.056    <hidden>
    SLICE_X7Y44          FDRE                                         r  <hidden>
  -------------------------------------------------------------------    -------------------

                         (clock clk_fpga_0 rise edge)
                                                     10.000    10.000 r  
    PS7_X0Y0             PS7                          0.000    10.000 r  periph_vga/u_system/vga_system_i/processing_system7_0/inst/PS7_i/FCLKCLK[0]
                         net (fo=1, routed)           1.101    11.101    periph_vga/u_system/vga_system_i/processing_system7_0/inst/FCLK_CLK_unbuffered[0]
    BUFGCTRL_X0Y15       BUFG (Prop_bufg_I_O)         0.091    11.192 r  periph_vga/u_system/vga_system_i/processing_system7_0/inst/buffer_fclk_clk_0.FCLK_CLK_0_BUFG/O
                         net (fo=2395, routed)        1.506    12.698    <hidden>
    SLICE_X7Y44          FDRE                                         r  <hidden>
                         clock pessimism              0.230    12.929    
                         clock uncertainty           -0.154    12.775    
    SLICE_X7Y44          FDRE (Setup_fdre_C_D)        0.032    12.807    <hidden>
  -------------------------------------------------------------------
                         required time                         12.807    
                         arrival time                          -9.056    
  -------------------------------------------------------------------
                         slack                                  3.750    

Slack (MET) :             3.824ns  (required time - arrival time)
  Source:                 <hidden>
                            (rising edge-triggered cell FDRE clocked by clk_fpga_0  {rise@0.000ns fall@5.000ns period=10.000ns})
  Destination:            <hidden>
                            (rising edge-triggered cell FDRE clocked by clk_fpga_0  {rise@0.000ns fall@5.000ns period=10.000ns})
  Path Group:             clk_fpga_0
  Path Type:              Setup (Max at Slow Process Corner)
  Requirement:            10.000ns  (clk_fpga_0 rise@10.000ns - clk_fpga_0 rise@0.000ns)
  Data Path Delay:        5.498ns  (logic 1.518ns (27.611%)  route 3.980ns (72.389%))
  Logic Levels:           6  (CARRY4=1 LUT4=1 LUT5=2 LUT6=2)
  Clock Path Skew:        0.000ns (DCD - SCD + CPR)
    Destination Clock Delay (DCD):    2.690ns = ( 12.690 - 10.000 ) 
    Source Clock Delay      (SCD):    2.979ns
    Clock Pessimism Removal (CPR):    0.289ns
  Clock Uncertainty:      0.154ns  ((TSJ^2 + TIJ^2)^1/2 + DJ) / 2 + PE
    Total System Jitter     (TSJ):    0.071ns
    Total Input Jitter      (TIJ):    0.300ns
    Discrete Jitter          (DJ):    0.000ns
    Phase Error              (PE):    0.000ns

    Location             Delay type                Incr(ns)  Path(ns)    Netlist Resource(s)
  -------------------------------------------------------------------    -------------------
                         (clock clk_fpga_0 rise edge)
                                                      0.000     0.000 r  
    PS7_X0Y0             PS7                          0.000     0.000 r  periph_vga/u_system/vga_system_i/processing_system7_0/inst/PS7_i/FCLKCLK[0]
                         net (fo=1, routed)           1.207     1.207    periph_vga/u_system/vga_system_i/processing_system7_0/inst/FCLK_CLK_unbuffered[0]
    BUFGCTRL_X0Y15       BUFG (Prop_bufg_I_O)         0.101     1.308 r  periph_vga/u_system/vga_system_i/processing_system7_0/inst/buffer_fclk_clk_0.FCLK_CLK_0_BUFG/O
                         net (fo=2395, routed)        1.671     2.979    <hidden>
    SLICE_X12Y50         FDRE                                         r  <hidden>
  -------------------------------------------------------------------    -------------------
    SLICE_X12Y50         FDRE (Prop_fdre_C_Q)         0.518     3.497 f  <hidden>
                         net (fo=6, routed)           1.013     4.510    <hidden>
    SLICE_X12Y48         LUT4 (Prop_lut4_I0_O)        0.124     4.634 r  <hidden>
                         net (fo=7, routed)           0.614     5.249    <hidden>
    SLICE_X13Y47         LUT5 (Prop_lut5_I3_O)        0.124     5.373 r  <hidden>
                         net (fo=1, routed)           0.657     6.030    <hidden>
    SLICE_X12Y47         LUT6 (Prop_lut6_I0_O)        0.124     6.154 r  <hidden>
                         net (fo=1, routed)           0.000     6.154    <hidden>
    SLICE_X12Y47         CARRY4 (Prop_carry4_S[2]_CO[3])
                                                      0.380     6.534 r  <hidden>
                         net (fo=1, routed)           0.796     7.330    <hidden>
    SLICE_X12Y46         LUT6 (Prop_lut6_I0_O)        0.124     7.454 r  <hidden>
                         net (fo=3, routed)           0.184     7.638    <hidden>
    SLICE_X12Y46         LUT5 (Prop_lut5_I0_O)        0.124     7.762 r  <hidden>
                         net (fo=9, routed)           0.715     8.477    <hidden>
    SLICE_X12Y50         FDRE                                         r  <hidden>
  -------------------------------------------------------------------    -------------------

                         (clock clk_fpga_0 rise edge)
                                                     10.000    10.000 r  
    PS7_X0Y0             PS7                          0.000    10.000 r  periph_vga/u_system/vga_system_i/processing_system7_0/inst/PS7_i/FCLKCLK[0]
                         net (fo=1, routed)           1.101    11.101    periph_vga/u_system/vga_system_i/processing_system7_0/inst/FCLK_CLK_unbuffered[0]
    BUFGCTRL_X0Y15       BUFG (Prop_bufg_I_O)         0.091    11.192 r  periph_vga/u_system/vga_system_i/processing_system7_0/inst/buffer_fclk_clk_0.FCLK_CLK_0_BUFG/O
                         net (fo=2395, routed)        1.498    12.690    <hidden>
    SLICE_X12Y50         FDRE                                         r  <hidden>
                         clock pessimism              0.289    12.979    
                         clock uncertainty           -0.154    12.825    
    SLICE_X12Y50         FDRE (Setup_fdre_C_R)       -0.524    12.301    <hidden>
  -------------------------------------------------------------------
                         required time                         12.301    
                         arrival time                          -8.477    
  -------------------------------------------------------------------
                         slack                                  3.824    





Min Delay Paths
--------------------------------------------------------------------------------------
Slack (MET) :             0.045ns  (arrival time - required time)
  Source:                 periph_vga/u_system/vga_system_i/axi_vdma_0/U0/GEN_SPRT_FOR_MM2S.ADDR32.I_MM2S_DMA_MNGR/I_CMDSTS/s_axis_cmd_tdata_reg[32]/C
                            (rising edge-triggered cell FDRE clocked by clk_fpga_0  {rise@0.000ns fall@5.000ns period=10.000ns})
  Destination:            periph_vga/u_system/vga_system_i/axi_vdma_0/U0/I_PRMRY_DATAMOVER/GEN_MM2S_FULL.I_MM2S_FULL_WRAPPER/I_CMD_STATUS/I_CMD_FIFO/USE_SRL_FIFO.I_SYNC_FIFO/data_reg[3][35]_srl4/D
                            (rising edge-triggered cell SRL16E clocked by clk_fpga_0  {rise@0.000ns fall@5.000ns period=10.000ns})
  Path Group:             clk_fpga_0
  Path Type:              Hold (Min at Fast Process Corner)
  Requirement:            0.000ns  (clk_fpga_0 rise@0.000ns - clk_fpga_0 rise@0.000ns)
  Data Path Delay:        0.260ns  (logic 0.141ns (54.228%)  route 0.119ns (45.773%))
  Logic Levels:           0  
  Clock Path Skew:        0.032ns (DCD - SCD - CPR)
    Destination Clock Delay (DCD):    1.208ns
    Source Clock Delay      (SCD):    0.914ns
    Clock Pessimism Removal (CPR):    0.262ns

    Location             Delay type                Incr(ns)  Path(ns)    Netlist Resource(s)
  -------------------------------------------------------------------    -------------------
                         (clock clk_fpga_0 rise edge)
                                                      0.000     0.000 r  
    PS7_X0Y0             PS7                          0.000     0.000 r  periph_vga/u_system/vga_system_i/processing_system7_0/inst/PS7_i/FCLKCLK[0]
                         net (fo=1, routed)           0.315     0.315    periph_vga/u_system/vga_system_i/processing_system7_0/inst/FCLK_CLK_unbuffered[0]
    BUFGCTRL_X0Y15       BUFG (Prop_bufg_I_O)         0.026     0.341 r  periph_vga/u_system/vga_system_i/processing_system7_0/inst/buffer_fclk_clk_0.FCLK_CLK_0_BUFG/O
                         net (fo=2395, routed)        0.573     0.914    periph_vga/u_system/vga_system_i/axi_vdma_0/U0/GEN_SPRT_FOR_MM2S.ADDR32.I_MM2S_DMA_MNGR/I_CMDSTS/s_axi_lite_aclk
    SLICE_X2Y23          FDRE                                         r  periph_vga/u_system/vga_system_i/axi_vdma_0/U0/GEN_SPRT_FOR_MM2S.ADDR32.I_MM2S_DMA_MNGR/I_CMDSTS/s_axis_cmd_tdata_reg[32]/C
  -------------------------------------------------------------------    -------------------
    SLICE_X2Y23          FDRE (Prop_fdre_C_Q)         0.141     1.054 r  periph_vga/u_system/vga_system_i/axi_vdma_0/U0/GEN_SPRT_FOR_MM2S.ADDR32.I_MM2S_DMA_MNGR/I_CMDSTS/s_axis_cmd_tdata_reg[32]/Q
                         net (fo=1, routed)           0.119     1.174    periph_vga/u_system/vga_system_i/axi_vdma_0/U0/I_PRMRY_DATAMOVER/GEN_MM2S_FULL.I_MM2S_FULL_WRAPPER/I_CMD_STATUS/I_CMD_FIFO/USE_SRL_FIFO.I_SYNC_FIFO/in[17]
    SLICE_X0Y22          SRL16E                                       r  periph_vga/u_system/vga_system_i/axi_vdma_0/U0/I_PRMRY_DATAMOVER/GEN_MM2S_FULL.I_MM2S_FULL_WRAPPER/I_CMD_STATUS/I_CMD_FIFO/USE_SRL_FIFO.I_SYNC_FIFO/data_reg[3][35]_srl4/D
  -------------------------------------------------------------------    -------------------

                         (clock clk_fpga_0 rise edge)
                                                      0.000     0.000 r  
    PS7_X0Y0             PS7                          0.000     0.000 r  periph_vga/u_system/vga_system_i/processing_system7_0/inst/PS7_i/FCLKCLK[0]
                         net (fo=1, routed)           0.341     0.341    periph_vga/u_system/vga_system_i/processing_system7_0/inst/FCLK_CLK_unbuffered[0]
    BUFGCTRL_X0Y15       BUFG (Prop_bufg_I_O)         0.029     0.370 r  periph_vga/u_system/vga_system_i/processing_system7_0/inst/buffer_fclk_clk_0.FCLK_CLK_0_BUFG/O
                         net (fo=2395, routed)        0.838     1.208    periph_vga/u_system/vga_system_i/axi_vdma_0/U0/I_PRMRY_DATAMOVER/GEN_MM2S_FULL.I_MM2S_FULL_WRAPPER/I_CMD_STATUS/I_CMD_FIFO/USE_SRL_FIFO.I_SYNC_FIFO/s_axi_lite_aclk
    SLICE_X0Y22          SRL16E                                       r  periph_vga/u_system/vga_system_i/axi_vdma_0/U0/I_PRMRY_DATAMOVER/GEN_MM2S_FULL.I_MM2S_FULL_WRAPPER/I_CMD_STATUS/I_CMD_FIFO/USE_SRL_FIFO.I_SYNC_FIFO/data_reg[3][35]_srl4/CLK
                         clock pessimism             -0.262     0.946    
    SLICE_X0Y22          SRL16E (Hold_srl16e_CLK_D)
                                                      0.183     1.128    periph_vga/u_system/vga_system_i/axi_vdma_0/U0/I_PRMRY_DATAMOVER/GEN_MM2S_FULL.I_MM2S_FULL_WRAPPER/I_CMD_STATUS/I_CMD_FIFO/USE_SRL_FIFO.I_SYNC_FIFO/data_reg[3][35]_srl4
  -------------------------------------------------------------------
                         required time                         -1.128    
                         arrival time                           1.174    
  -------------------------------------------------------------------
                         slack                                  0.045    

Slack (MET) :             0.054ns  (arrival time - required time)
  Source:                 <hidden>
                            (rising edge-triggered cell FDRE clocked by clk_fpga_0  {rise@0.000ns fall@5.000ns period=10.000ns})
  Destination:            <hidden>
                            (rising edge-triggered cell FDRE clocked by clk_fpga_0  {rise@0.000ns fall@5.000ns period=10.000ns})
  Path Group:             clk_fpga_0
  Path Type:              Hold (Min at Fast Process Corner)
  Requirement:            0.000ns  (clk_fpga_0 rise@0.000ns - clk_fpga_0 rise@0.000ns)
  Data Path Delay:        0.446ns  (logic 0.247ns (55.438%)  route 0.199ns (44.562%))
  Logic Levels:           1  (LUT6=1)
  Clock Path Skew:        0.270ns (DCD - SCD - CPR)
    Destination Clock Delay (DCD):    1.205ns
    Source Clock Delay      (SCD):    0.906ns
    Clock Pessimism Removal (CPR):    0.029ns

    Location             Delay type                Incr(ns)  Path(ns)    Netlist Resource(s)
  -------------------------------------------------------------------    -------------------
                         (clock clk_fpga_0 rise edge)
                                                      0.000     0.000 r  
    PS7_X0Y0             PS7                          0.000     0.000 r  periph_vga/u_system/vga_system_i/processing_system7_0/inst/PS7_i/FCLKCLK[0]
                         net (fo=1, routed)           0.315     0.315    periph_vga/u_system/vga_system_i/processing_system7_0/inst/FCLK_CLK_unbuffered[0]
    BUFGCTRL_X0Y15       BUFG (Prop_bufg_I_O)         0.026     0.341 r  periph_vga/u_system/vga_system_i/processing_system7_0/inst/buffer_fclk_clk_0.FCLK_CLK_0_BUFG/O
                         net (fo=2395, routed)        0.565     0.906    <hidden>
    SLICE_X12Y50         FDRE                                         r  <hidden>
  -------------------------------------------------------------------    -------------------
    SLICE_X12Y50         FDRE (Prop_fdre_C_Q)         0.148     1.054 r  <hidden>
                         net (fo=10, routed)          0.199     1.252    <hidden>
    SLICE_X12Y48         LUT6 (Prop_lut6_I0_O)        0.099     1.351 r  <hidden>
                         net (fo=1, routed)           0.000     1.351    <hidden>
    SLICE_X12Y48         FDRE                                         r  <hidden>
  -------------------------------------------------------------------    -------------------

                         (clock clk_fpga_0 rise edge)
                                                      0.000     0.000 r  
    PS7_X0Y0             PS7                          0.000     0.000 r  periph_vga/u_system/vga_system_i/processing_system7_0/inst/PS7_i/FCLKCLK[0]
                         net (fo=1, routed)           0.341     0.341    periph_vga/u_system/vga_system_i/processing_system7_0/inst/FCLK_CLK_unbuffered[0]
    BUFGCTRL_X0Y15       BUFG (Prop_bufg_I_O)         0.029     0.370 r  periph_vga/u_system/vga_system_i/processing_system7_0/inst/buffer_fclk_clk_0.FCLK_CLK_0_BUFG/O
                         net (fo=2395, routed)        0.835     1.205    <hidden>
    SLICE_X12Y48         FDRE                                         r  <hidden>
                         clock pessimism             -0.029     1.176    
    SLICE_X12Y48         FDRE (Hold_fdre_C_D)         0.121     1.297    <hidden>
  -------------------------------------------------------------------
                         required time                         -1.297    
                         arrival time                           1.351    
  -------------------------------------------------------------------
                         slack                                  0.054    

Slack (MET) :             0.066ns  (arrival time - required time)
  Source:                 <hidden>
                            (rising edge-triggered cell FDRE clocked by clk_fpga_0  {rise@0.000ns fall@5.000ns period=10.000ns})
  Destination:            <hidden>
                            (rising edge-triggered cell FDRE clocked by clk_fpga_0  {rise@0.000ns fall@5.000ns period=10.000ns})
  Path Group:             clk_fpga_0
  Path Type:              Hold (Min at Fast Process Corner)
  Requirement:            0.000ns  (clk_fpga_0 rise@0.000ns - clk_fpga_0 rise@0.000ns)
  Data Path Delay:        0.486ns  (logic 0.190ns (39.096%)  route 0.296ns (60.904%))
  Logic Levels:           1  (LUT3=1)
  Clock Path Skew:        0.289ns (DCD - SCD - CPR)
    Destination Clock Delay (DCD):    1.224ns
    Source Clock Delay      (SCD):    0.906ns
    Clock Pessimism Removal (CPR):    0.029ns

    Location             Delay type                Incr(ns)  Path(ns)    Netlist Resource(s)
  -------------------------------------------------------------------    -------------------
                         (clock clk_fpga_0 rise edge)
                                                      0.000     0.000 r  
    PS7_X0Y0             PS7                          0.000     0.000 r  periph_vga/u_system/vga_system_i/processing_system7_0/inst/PS7_i/FCLKCLK[0]
                         net (fo=1, routed)           0.315     0.315    periph_vga/u_system/vga_system_i/processing_system7_0/inst/FCLK_CLK_unbuffered[0]
    BUFGCTRL_X0Y15       BUFG (Prop_bufg_I_O)         0.026     0.341 r  periph_vga/u_system/vga_system_i/processing_system7_0/inst/buffer_fclk_clk_0.FCLK_CLK_0_BUFG/O
                         net (fo=2395, routed)        0.565     0.906    <hidden>
    SLICE_X7Y50          FDRE                                         r  <hidden>
  -------------------------------------------------------------------    -------------------
    SLICE_X7Y50          FDRE (Prop_fdre_C_Q)         0.141     1.047 r  <hidden>
                         net (fo=32, routed)          0.296     1.343    <hidden>
    SLICE_X4Y48          LUT3 (Prop_lut3_I2_O)        0.049     1.392 r  <hidden>
                         net (fo=1, routed)           0.000     1.392    <hidden>
    SLICE_X4Y48          FDRE                                         r  <hidden>
  -------------------------------------------------------------------    -------------------

                         (clock clk_fpga_0 rise edge)
                                                      0.000     0.000 r  
    PS7_X0Y0             PS7                          0.000     0.000 r  periph_vga/u_system/vga_system_i/processing_system7_0/inst/PS7_i/FCLKCLK[0]
                         net (fo=1, routed)           0.341     0.341    periph_vga/u_system/vga_system_i/processing_system7_0/inst/FCLK_CLK_unbuffered[0]
    BUFGCTRL_X0Y15       BUFG (Prop_bufg_I_O)         0.029     0.370 r  periph_vga/u_system/vga_system_i/processing_system7_0/inst/buffer_fclk_clk_0.FCLK_CLK_0_BUFG/O
                         net (fo=2395, routed)        0.854     1.224    <hidden>
    SLICE_X4Y48          FDRE                                         r  <hidden>
                         clock pessimism             -0.029     1.195    
    SLICE_X4Y48          FDRE (Hold_fdre_C_D)         0.131     1.326    <hidden>
  -------------------------------------------------------------------
                         required time                         -1.326    
                         arrival time                           1.392    
  -------------------------------------------------------------------
                         slack                                  0.066    

Slack (MET) :             0.066ns  (arrival time - required time)
  Source:                 <hidden>
                            (rising edge-triggered cell FDRE clocked by clk_fpga_0  {rise@0.000ns fall@5.000ns period=10.000ns})
  Destination:            periph_vga/u_system/vga_system_i/axi_vdma_0/U0/I_PRMRY_DATAMOVER/GEN_MM2S_FULL.I_MM2S_FULL_WRAPPER/GEN_INCLUDE_MM2S_SF.I_RD_SF/I_DATA_FIFO/BLK_MEM.I_SYNC_FIFOGEN_FIFO/xpm_fifo_base_inst/gen_sdpram.xpm_memory_base_inst/gen_wr_a.gen_word_narrow.mem_reg_3/DIADI[8]
                            (rising edge-triggered cell RAMB36E1 clocked by clk_fpga_0  {rise@0.000ns fall@5.000ns period=10.000ns})
  Path Group:             clk_fpga_0
  Path Type:              Hold (Min at Fast Process Corner)
  Requirement:            0.000ns  (clk_fpga_0 rise@0.000ns - clk_fpga_0 rise@0.000ns)
  Data Path Delay:        0.432ns  (logic 0.164ns (38.006%)  route 0.268ns (61.994%))
  Logic Levels:           0  
  Clock Path Skew:        0.069ns (DCD - SCD - CPR)
    Destination Clock Delay (DCD):    1.237ns
    Source Clock Delay      (SCD):    0.906ns
    Clock Pessimism Removal (CPR):    0.262ns

    Location             Delay type                Incr(ns)  Path(ns)    Netlist Resource(s)
  -------------------------------------------------------------------    -------------------
                         (clock clk_fpga_0 rise edge)
                                                      0.000     0.000 r  
    PS7_X0Y0             PS7                          0.000     0.000 r  periph_vga/u_system/vga_system_i/processing_system7_0/inst/PS7_i/FCLKCLK[0]
                         net (fo=1, routed)           0.315     0.315    periph_vga/u_system/vga_system_i/processing_system7_0/inst/FCLK_CLK_unbuffered[0]
    BUFGCTRL_X0Y15       BUFG (Prop_bufg_I_O)         0.026     0.341 r  periph_vga/u_system/vga_system_i/processing_system7_0/inst/buffer_fclk_clk_0.FCLK_CLK_0_BUFG/O
                         net (fo=2395, routed)        0.565     0.906    <hidden>
    SLICE_X8Y8           FDRE                                         r  <hidden>
  -------------------------------------------------------------------    -------------------
    SLICE_X8Y8           FDRE (Prop_fdre_C_Q)         0.164     1.070 r  <hidden>
                         net (fo=1, routed)           0.268     1.337    periph_vga/u_system/vga_system_i/axi_vdma_0/U0/I_PRMRY_DATAMOVER/GEN_MM2S_FULL.I_MM2S_FULL_WRAPPER/GEN_INCLUDE_MM2S_SF.I_RD_SF/I_DATA_FIFO/BLK_MEM.I_SYNC_FIFOGEN_FIFO/xpm_fifo_base_inst/gen_sdpram.xpm_memory_base_inst/dina[62]
    RAMB36_X0Y3          RAMB36E1                                     r  periph_vga/u_system/vga_system_i/axi_vdma_0/U0/I_PRMRY_DATAMOVER/GEN_MM2S_FULL.I_MM2S_FULL_WRAPPER/GEN_INCLUDE_MM2S_SF.I_RD_SF/I_DATA_FIFO/BLK_MEM.I_SYNC_FIFOGEN_FIFO/xpm_fifo_base_inst/gen_sdpram.xpm_memory_base_inst/gen_wr_a.gen_word_narrow.mem_reg_3/DIADI[8]
  -------------------------------------------------------------------    -------------------

                         (clock clk_fpga_0 rise edge)
                                                      0.000     0.000 r  
    PS7_X0Y0             PS7                          0.000     0.000 r  periph_vga/u_system/vga_system_i/processing_system7_0/inst/PS7_i/FCLKCLK[0]
                         net (fo=1, routed)           0.341     0.341    periph_vga/u_system/vga_system_i/processing_system7_0/inst/FCLK_CLK_unbuffered[0]
    BUFGCTRL_X0Y15       BUFG (Prop_bufg_I_O)         0.029     0.370 r  periph_vga/u_system/vga_system_i/processing_system7_0/inst/buffer_fclk_clk_0.FCLK_CLK_0_BUFG/O
                         net (fo=2395, routed)        0.867     1.237    periph_vga/u_system/vga_system_i/axi_vdma_0/U0/I_PRMRY_DATAMOVER/GEN_MM2S_FULL.I_MM2S_FULL_WRAPPER/GEN_INCLUDE_MM2S_SF.I_RD_SF/I_DATA_FIFO/BLK_MEM.I_SYNC_FIFOGEN_FIFO/xpm_fifo_base_inst/gen_sdpram.xpm_memory_base_inst/clka
    RAMB36_X0Y3          RAMB36E1                                     r  periph_vga/u_system/vga_system_i/axi_vdma_0/U0/I_PRMRY_DATAMOVER/GEN_MM2S_FULL.I_MM2S_FULL_WRAPPER/GEN_INCLUDE_MM2S_SF.I_RD_SF/I_DATA_FIFO/BLK_MEM.I_SYNC_FIFOGEN_FIFO/xpm_fifo_base_inst/gen_sdpram.xpm_memory_base_inst/gen_wr_a.gen_word_narrow.mem_reg_3/CLKARDCLK
                         clock pessimism             -0.262     0.975    
    RAMB36_X0Y3          RAMB36E1 (Hold_ramb36e1_CLKARDCLK_DIADI[8])
                                                      0.296     1.271    periph_vga/u_system/vga_system_i/axi_vdma_0/U0/I_PRMRY_DATAMOVER/GEN_MM2S_FULL.I_MM2S_FULL_WRAPPER/GEN_INCLUDE_MM2S_SF.I_RD_SF/I_DATA_FIFO/BLK_MEM.I_SYNC_FIFOGEN_FIFO/xpm_fifo_base_inst/gen_sdpram.xpm_memory_base_inst/gen_wr_a.gen_word_narrow.mem_reg_3
  -------------------------------------------------------------------
                         required time                         -1.271    
                         arrival time                           1.337    
  -------------------------------------------------------------------
                         slack                                  0.066    

Slack (MET) :             0.069ns  (arrival time - required time)
  Source:                 <hidden>
                            (rising edge-triggered cell FDRE clocked by clk_fpga_0  {rise@0.000ns fall@5.000ns period=10.000ns})
  Destination:            periph_vga/u_system/vga_system_i/axi_vdma_0/U0/I_PRMRY_DATAMOVER/GEN_MM2S_FULL.I_MM2S_FULL_WRAPPER/GEN_INCLUDE_MM2S_SF.I_RD_SF/I_DATA_FIFO/BLK_MEM.I_SYNC_FIFOGEN_FIFO/xpm_fifo_base_inst/gen_sdpram.xpm_memory_base_inst/gen_wr_a.gen_word_narrow.mem_reg_2/DIADI[11]
                            (rising edge-triggered cell RAMB36E1 clocked by clk_fpga_0  {rise@0.000ns fall@5.000ns period=10.000ns})
  Path Group:             clk_fpga_0
  Path Type:              Hold (Min at Fast Process Corner)
  Requirement:            0.000ns  (clk_fpga_0 rise@0.000ns - clk_fpga_0 rise@0.000ns)
  Data Path Delay:        0.369ns  (logic 0.148ns (40.077%)  route 0.221ns (59.923%))
  Logic Levels:           0  
  Clock Path Skew:        0.057ns (DCD - SCD - CPR)
    Destination Clock Delay (DCD):    1.245ns
    Source Clock Delay      (SCD):    0.907ns
    Clock Pessimism Removal (CPR):    0.281ns

    Location             Delay type                Incr(ns)  Path(ns)    Netlist Resource(s)
  -------------------------------------------------------------------    -------------------
                         (clock clk_fpga_0 rise edge)
                                                      0.000     0.000 r  
    PS7_X0Y0             PS7                          0.000     0.000 r  periph_vga/u_system/vga_system_i/processing_system7_0/inst/PS7_i/FCLKCLK[0]
                         net (fo=1, routed)           0.315     0.315    periph_vga/u_system/vga_system_i/processing_system7_0/inst/FCLK_CLK_unbuffered[0]
    BUFGCTRL_X0Y15       BUFG (Prop_bufg_I_O)         0.026     0.341 r  periph_vga/u_system/vga_system_i/processing_system7_0/inst/buffer_fclk_clk_0.FCLK_CLK_0_BUFG/O
                         net (fo=2395, routed)        0.566     0.907    <hidden>
    SLICE_X6Y6           FDRE                                         r  <hidden>
  -------------------------------------------------------------------    -------------------
    SLICE_X6Y6           FDRE (Prop_fdre_C_Q)         0.148     1.055 r  <hidden>
                         net (fo=1, routed)           0.221     1.276    periph_vga/u_system/vga_system_i/axi_vdma_0/U0/I_PRMRY_DATAMOVER/GEN_MM2S_FULL.I_MM2S_FULL_WRAPPER/GEN_INCLUDE_MM2S_SF.I_RD_SF/I_DATA_FIFO/BLK_MEM.I_SYNC_FIFOGEN_FIFO/xpm_fifo_base_inst/gen_sdpram.xpm_memory_base_inst/dina[47]
    RAMB36_X0Y1          RAMB36E1                                     r  periph_vga/u_system/vga_system_i/axi_vdma_0/U0/I_PRMRY_DATAMOVER/GEN_MM2S_FULL.I_MM2S_FULL_WRAPPER/GEN_INCLUDE_MM2S_SF.I_RD_SF/I_DATA_FIFO/BLK_MEM.I_SYNC_FIFOGEN_FIFO/xpm_fifo_base_inst/gen_sdpram.xpm_memory_base_inst/gen_wr_a.gen_word_narrow.mem_reg_2/DIADI[11]
  -------------------------------------------------------------------    -------------------

                         (clock clk_fpga_0 rise edge)
                                                      0.000     0.000 r  
    PS7_X0Y0             PS7                          0.000     0.000 r  periph_vga/u_system/vga_system_i/processing_system7_0/inst/PS7_i/FCLKCLK[0]
                         net (fo=1, routed)           0.341     0.341    periph_vga/u_system/vga_system_i/processing_system7_0/inst/FCLK_CLK_unbuffered[0]
    BUFGCTRL_X0Y15       BUFG (Prop_bufg_I_O)         0.029     0.370 r  periph_vga/u_system/vga_system_i/processing_system7_0/inst/buffer_fclk_clk_0.FCLK_CLK_0_BUFG/O
                         net (fo=2395, routed)        0.875     1.245    periph_vga/u_system/vga_system_i/axi_vdma_0/U0/I_PRMRY_DATAMOVER/GEN_MM2S_FULL.I_MM2S_FULL_WRAPPER/GEN_INCLUDE_MM2S_SF.I_RD_SF/I_DATA_FIFO/BLK_MEM.I_SYNC_FIFOGEN_FIFO/xpm_fifo_base_inst/gen_sdpram.xpm_memory_base_inst/clka
    RAMB36_X0Y1          RAMB36E1                                     r  periph_vga/u_system/vga_system_i/axi_vdma_0/U0/I_PRMRY_DATAMOVER/GEN_MM2S_FULL.I_MM2S_FULL_WRAPPER/GEN_INCLUDE_MM2S_SF.I_RD_SF/I_DATA_FIFO/BLK_MEM.I_SYNC_FIFOGEN_FIFO/xpm_fifo_base_inst/gen_sdpram.xpm_memory_base_inst/gen_wr_a.gen_word_narrow.mem_reg_2/CLKARDCLK
                         clock pessimism             -0.281     0.964    
    RAMB36_X0Y1          RAMB36E1 (Hold_ramb36e1_CLKARDCLK_DIADI[11])
                                                      0.243     1.207    periph_vga/u_system/vga_system_i/axi_vdma_0/U0/I_PRMRY_DATAMOVER/GEN_MM2S_FULL.I_MM2S_FULL_WRAPPER/GEN_INCLUDE_MM2S_SF.I_RD_SF/I_DATA_FIFO/BLK_MEM.I_SYNC_FIFOGEN_FIFO/xpm_fifo_base_inst/gen_sdpram.xpm_memory_base_inst/gen_wr_a.gen_word_narrow.mem_reg_2
  -------------------------------------------------------------------
                         required time                         -1.207    
                         arrival time                           1.276    
  -------------------------------------------------------------------
                         slack                                  0.069    

Slack (MET) :             0.072ns  (arrival time - required time)
  Source:                 <hidden>
                            (rising edge-triggered cell FDRE clocked by clk_fpga_0  {rise@0.000ns fall@5.000ns period=10.000ns})
  Destination:            <hidden>
                            (rising edge-triggered cell FDRE clocked by clk_fpga_0  {rise@0.000ns fall@5.000ns period=10.000ns})
  Path Group:             clk_fpga_0
  Path Type:              Hold (Min at Fast Process Corner)
  Requirement:            0.000ns  (clk_fpga_0 rise@0.000ns - clk_fpga_0 rise@0.000ns)
  Data Path Delay:        0.482ns  (logic 0.186ns (38.590%)  route 0.296ns (61.410%))
  Logic Levels:           1  (LUT3=1)
  Clock Path Skew:        0.289ns (DCD - SCD - CPR)
    Destination Clock Delay (DCD):    1.224ns
    Source Clock Delay      (SCD):    0.906ns
    Clock Pessimism Removal (CPR):    0.029ns

    Location             Delay type                Incr(ns)  Path(ns)    Netlist Resource(s)
  -------------------------------------------------------------------    -------------------
                         (clock clk_fpga_0 rise edge)
                                                      0.000     0.000 r  
    PS7_X0Y0             PS7                          0.000     0.000 r  periph_vga/u_system/vga_system_i/processing_system7_0/inst/PS7_i/FCLKCLK[0]
                         net (fo=1, routed)           0.315     0.315    periph_vga/u_system/vga_system_i/processing_system7_0/inst/FCLK_CLK_unbuffered[0]
    BUFGCTRL_X0Y15       BUFG (Prop_bufg_I_O)         0.026     0.341 r  periph_vga/u_system/vga_system_i/processing_system7_0/inst/buffer_fclk_clk_0.FCLK_CLK_0_BUFG/O
                         net (fo=2395, routed)        0.565     0.906    <hidden>
    SLICE_X7Y50          FDRE                                         r  <hidden>
  -------------------------------------------------------------------    -------------------
    SLICE_X7Y50          FDRE (Prop_fdre_C_Q)         0.141     1.047 r  <hidden>
                         net (fo=32, routed)          0.296     1.343    <hidden>
    SLICE_X4Y48          LUT3 (Prop_lut3_I2_O)        0.045     1.388 r  <hidden>
                         net (fo=1, routed)           0.000     1.388    <hidden>
    SLICE_X4Y48          FDRE                                         r  <hidden>
  -------------------------------------------------------------------    -------------------

                         (clock clk_fpga_0 rise edge)
                                                      0.000     0.000 r  
    PS7_X0Y0             PS7                          0.000     0.000 r  periph_vga/u_system/vga_system_i/processing_system7_0/inst/PS7_i/FCLKCLK[0]
                         net (fo=1, routed)           0.341     0.341    periph_vga/u_system/vga_system_i/processing_system7_0/inst/FCLK_CLK_unbuffered[0]
    BUFGCTRL_X0Y15       BUFG (Prop_bufg_I_O)         0.029     0.370 r  periph_vga/u_system/vga_system_i/processing_system7_0/inst/buffer_fclk_clk_0.FCLK_CLK_0_BUFG/O
                         net (fo=2395, routed)        0.854     1.224    <hidden>
    SLICE_X4Y48          FDRE                                         r  <hidden>
                         clock pessimism             -0.029     1.195    
    SLICE_X4Y48          FDRE (Hold_fdre_C_D)         0.121     1.316    <hidden>
  -------------------------------------------------------------------
                         required time                         -1.316    
                         arrival time                           1.388    
  -------------------------------------------------------------------
                         slack                                  0.072    

Slack (MET) :             0.091ns  (arrival time - required time)
  Source:                 <hidden>
                            (rising edge-triggered cell FDRE clocked by clk_fpga_0  {rise@0.000ns fall@5.000ns period=10.000ns})
  Destination:            periph_vga/u_system/vga_system_i/axi_vdma_0/U0/I_PRMRY_DATAMOVER/GEN_MM2S_FULL.I_MM2S_FULL_WRAPPER/GEN_INCLUDE_MM2S_SF.I_RD_SF/I_DATA_FIFO/BLK_MEM.I_SYNC_FIFOGEN_FIFO/xpm_fifo_base_inst/gen_sdpram.xpm_memory_base_inst/gen_wr_a.gen_word_narrow.mem_reg_1/DIADI[2]
                            (rising edge-triggered cell RAMB36E1 clocked by clk_fpga_0  {rise@0.000ns fall@5.000ns period=10.000ns})
  Path Group:             clk_fpga_0
  Path Type:              Hold (Min at Fast Process Corner)
  Requirement:            0.000ns  (clk_fpga_0 rise@0.000ns - clk_fpga_0 rise@0.000ns)
  Data Path Delay:        0.443ns  (logic 0.164ns (37.056%)  route 0.279ns (62.944%))
  Logic Levels:           0  
  Clock Path Skew:        0.055ns (DCD - SCD - CPR)
    Destination Clock Delay (DCD):    1.241ns
    Source Clock Delay      (SCD):    0.924ns
    Clock Pessimism Removal (CPR):    0.262ns

    Location             Delay type                Incr(ns)  Path(ns)    Netlist Resource(s)
  -------------------------------------------------------------------    -------------------
                         (clock clk_fpga_0 rise edge)
                                                      0.000     0.000 r  
    PS7_X0Y0             PS7                          0.000     0.000 r  periph_vga/u_system/vga_system_i/processing_system7_0/inst/PS7_i/FCLKCLK[0]
                         net (fo=1, routed)           0.315     0.315    periph_vga/u_system/vga_system_i/processing_system7_0/inst/FCLK_CLK_unbuffered[0]
    BUFGCTRL_X0Y15       BUFG (Prop_bufg_I_O)         0.026     0.341 r  periph_vga/u_system/vga_system_i/processing_system7_0/inst/buffer_fclk_clk_0.FCLK_CLK_0_BUFG/O
                         net (fo=2395, routed)        0.583     0.924    <hidden>
    SLICE_X0Y5           FDRE                                         r  <hidden>
  -------------------------------------------------------------------    -------------------
    SLICE_X0Y5           FDRE (Prop_fdre_C_Q)         0.164     1.087 r  <hidden>
                         net (fo=1, routed)           0.279     1.366    periph_vga/u_system/vga_system_i/axi_vdma_0/U0/I_PRMRY_DATAMOVER/GEN_MM2S_FULL.I_MM2S_FULL_WRAPPER/GEN_INCLUDE_MM2S_SF.I_RD_SF/I_DATA_FIFO/BLK_MEM.I_SYNC_FIFOGEN_FIFO/xpm_fifo_base_inst/gen_sdpram.xpm_memory_base_inst/dina[20]
    RAMB36_X0Y2          RAMB36E1                                     r  periph_vga/u_system/vga_system_i/axi_vdma_0/U0/I_PRMRY_DATAMOVER/GEN_MM2S_FULL.I_MM2S_FULL_WRAPPER/GEN_INCLUDE_MM2S_SF.I_RD_SF/I_DATA_FIFO/BLK_MEM.I_SYNC_FIFOGEN_FIFO/xpm_fifo_base_inst/gen_sdpram.xpm_memory_base_inst/gen_wr_a.gen_word_narrow.mem_reg_1/DIADI[2]
  -------------------------------------------------------------------    -------------------

                         (clock clk_fpga_0 rise edge)
                                                      0.000     0.000 r  
    PS7_X0Y0             PS7                          0.000     0.000 r  periph_vga/u_system/vga_system_i/processing_system7_0/inst/PS7_i/FCLKCLK[0]
                         net (fo=1, routed)           0.341     0.341    periph_vga/u_system/vga_system_i/processing_system7_0/inst/FCLK_CLK_unbuffered[0]
    BUFGCTRL_X0Y15       BUFG (Prop_bufg_I_O)         0.029     0.370 r  periph_vga/u_system/vga_system_i/processing_system7_0/inst/buffer_fclk_clk_0.FCLK_CLK_0_BUFG/O
                         net (fo=2395, routed)        0.871     1.241    periph_vga/u_system/vga_system_i/axi_vdma_0/U0/I_PRMRY_DATAMOVER/GEN_MM2S_FULL.I_MM2S_FULL_WRAPPER/GEN_INCLUDE_MM2S_SF.I_RD_SF/I_DATA_FIFO/BLK_MEM.I_SYNC_FIFOGEN_FIFO/xpm_fifo_base_inst/gen_sdpram.xpm_memory_base_inst/clka
    RAMB36_X0Y2          RAMB36E1                                     r  periph_vga/u_system/vga_system_i/axi_vdma_0/U0/I_PRMRY_DATAMOVER/GEN_MM2S_FULL.I_MM2S_FULL_WRAPPER/GEN_INCLUDE_MM2S_SF.I_RD_SF/I_DATA_FIFO/BLK_MEM.I_SYNC_FIFOGEN_FIFO/xpm_fifo_base_inst/gen_sdpram.xpm_memory_base_inst/gen_wr_a.gen_word_narrow.mem_reg_1/CLKARDCLK
                         clock pessimism             -0.262     0.979    
    RAMB36_X0Y2          RAMB36E1 (Hold_ramb36e1_CLKARDCLK_DIADI[2])
                                                      0.296     1.275    periph_vga/u_system/vga_system_i/axi_vdma_0/U0/I_PRMRY_DATAMOVER/GEN_MM2S_FULL.I_MM2S_FULL_WRAPPER/GEN_INCLUDE_MM2S_SF.I_RD_SF/I_DATA_FIFO/BLK_MEM.I_SYNC_FIFOGEN_FIFO/xpm_fifo_base_inst/gen_sdpram.xpm_memory_base_inst/gen_wr_a.gen_word_narrow.mem_reg_1
  -------------------------------------------------------------------
                         required time                         -1.275    
                         arrival time                           1.366    
  -------------------------------------------------------------------
                         slack                                  0.091    

Slack (MET) :             0.094ns  (arrival time - required time)
  Source:                 <hidden>
                            (rising edge-triggered cell FDRE clocked by clk_fpga_0  {rise@0.000ns fall@5.000ns period=10.000ns})
  Destination:            periph_vga/u_system/vga_system_i/axi_vdma_0/U0/I_PRMRY_DATAMOVER/GEN_MM2S_FULL.I_MM2S_FULL_WRAPPER/GEN_INCLUDE_MM2S_SF.I_RD_SF/I_DATA_FIFO/BLK_MEM.I_SYNC_FIFOGEN_FIFO/xpm_fifo_base_inst/gen_sdpram.xpm_memory_base_inst/gen_wr_a.gen_word_narrow.mem_reg_1/DIADI[4]
                            (rising edge-triggered cell RAMB36E1 clocked by clk_fpga_0  {rise@0.000ns fall@5.000ns period=10.000ns})
  Path Group:             clk_fpga_0
  Path Type:              Hold (Min at Fast Process Corner)
  Requirement:            0.000ns  (clk_fpga_0 rise@0.000ns - clk_fpga_0 rise@0.000ns)
  Data Path Delay:        0.446ns  (logic 0.164ns (36.807%)  route 0.282ns (63.193%))
  Logic Levels:           0  
  Clock Path Skew:        0.055ns (DCD - SCD - CPR)
    Destination Clock Delay (DCD):    1.241ns
    Source Clock Delay      (SCD):    0.924ns
    Clock Pessimism Removal (CPR):    0.262ns

    Location             Delay type                Incr(ns)  Path(ns)    Netlist Resource(s)
  -------------------------------------------------------------------    -------------------
                         (clock clk_fpga_0 rise edge)
                                                      0.000     0.000 r  
    PS7_X0Y0             PS7                          0.000     0.000 r  periph_vga/u_system/vga_system_i/processing_system7_0/inst/PS7_i/FCLKCLK[0]
                         net (fo=1, routed)           0.315     0.315    periph_vga/u_system/vga_system_i/processing_system7_0/inst/FCLK_CLK_unbuffered[0]
    BUFGCTRL_X0Y15       BUFG (Prop_bufg_I_O)         0.026     0.341 r  periph_vga/u_system/vga_system_i/processing_system7_0/inst/buffer_fclk_clk_0.FCLK_CLK_0_BUFG/O
                         net (fo=2395, routed)        0.583     0.924    <hidden>
    SLICE_X0Y5           FDRE                                         r  <hidden>
  -------------------------------------------------------------------    -------------------
    SLICE_X0Y5           FDRE (Prop_fdre_C_Q)         0.164     1.087 r  <hidden>
                         net (fo=1, routed)           0.282     1.369    periph_vga/u_system/vga_system_i/axi_vdma_0/U0/I_PRMRY_DATAMOVER/GEN_MM2S_FULL.I_MM2S_FULL_WRAPPER/GEN_INCLUDE_MM2S_SF.I_RD_SF/I_DATA_FIFO/BLK_MEM.I_SYNC_FIFOGEN_FIFO/xpm_fifo_base_inst/gen_sdpram.xpm_memory_base_inst/dina[22]
    RAMB36_X0Y2          RAMB36E1                                     r  periph_vga/u_system/vga_system_i/axi_vdma_0/U0/I_PRMRY_DATAMOVER/GEN_MM2S_FULL.I_MM2S_FULL_WRAPPER/GEN_INCLUDE_MM2S_SF.I_RD_SF/I_DATA_FIFO/BLK_MEM.I_SYNC_FIFOGEN_FIFO/xpm_fifo_base_inst/gen_sdpram.xpm_memory_base_inst/gen_wr_a.gen_word_narrow.mem_reg_1/DIADI[4]
  -------------------------------------------------------------------    -------------------

                         (clock clk_fpga_0 rise edge)
                                                      0.000     0.000 r  
    PS7_X0Y0             PS7                          0.000     0.000 r  periph_vga/u_system/vga_system_i/processing_system7_0/inst/PS7_i/FCLKCLK[0]
                         net (fo=1, routed)           0.341     0.341    periph_vga/u_system/vga_system_i/processing_system7_0/inst/FCLK_CLK_unbuffered[0]
    BUFGCTRL_X0Y15       BUFG (Prop_bufg_I_O)         0.029     0.370 r  periph_vga/u_system/vga_system_i/processing_system7_0/inst/buffer_fclk_clk_0.FCLK_CLK_0_BUFG/O
                         net (fo=2395, routed)        0.871     1.241    periph_vga/u_system/vga_system_i/axi_vdma_0/U0/I_PRMRY_DATAMOVER/GEN_MM2S_FULL.I_MM2S_FULL_WRAPPER/GEN_INCLUDE_MM2S_SF.I_RD_SF/I_DATA_FIFO/BLK_MEM.I_SYNC_FIFOGEN_FIFO/xpm_fifo_base_inst/gen_sdpram.xpm_memory_base_inst/clka
    RAMB36_X0Y2          RAMB36E1                                     r  periph_vga/u_system/vga_system_i/axi_vdma_0/U0/I_PRMRY_DATAMOVER/GEN_MM2S_FULL.I_MM2S_FULL_WRAPPER/GEN_INCLUDE_MM2S_SF.I_RD_SF/I_DATA_FIFO/BLK_MEM.I_SYNC_FIFOGEN_FIFO/xpm_fifo_base_inst/gen_sdpram.xpm_memory_base_inst/gen_wr_a.gen_word_narrow.mem_reg_1/CLKARDCLK
                         clock pessimism             -0.262     0.979    
    RAMB36_X0Y2          RAMB36E1 (Hold_ramb36e1_CLKARDCLK_DIADI[4])
                                                      0.296     1.275    periph_vga/u_system/vga_system_i/axi_vdma_0/U0/I_PRMRY_DATAMOVER/GEN_MM2S_FULL.I_MM2S_FULL_WRAPPER/GEN_INCLUDE_MM2S_SF.I_RD_SF/I_DATA_FIFO/BLK_MEM.I_SYNC_FIFOGEN_FIFO/xpm_fifo_base_inst/gen_sdpram.xpm_memory_base_inst/gen_wr_a.gen_word_narrow.mem_reg_1
  -------------------------------------------------------------------
                         required time                         -1.275    
                         arrival time                           1.369    
  -------------------------------------------------------------------
                         slack                                  0.094    

Slack (MET) :             0.099ns  (arrival time - required time)
  Source:                 periph_vga/u_system/vga_system_i/axi_vdma_0/U0/I_PRMRY_DATAMOVER/GEN_MM2S_FULL.I_MM2S_FULL_WRAPPER/I_RD_DATA_CNTL/sig_next_cmd_cmplt_reg_reg/C
                            (rising edge-triggered cell FDRE clocked by clk_fpga_0  {rise@0.000ns fall@5.000ns period=10.000ns})
  Destination:            periph_vga/u_system/vga_system_i/axi_vdma_0/U0/I_PRMRY_DATAMOVER/GEN_MM2S_FULL.I_MM2S_FULL_WRAPPER/GEN_INCLUDE_MM2S_SF.I_RD_SF/I_DATA_FIFO/BLK_MEM.I_SYNC_FIFOGEN_FIFO/xpm_fifo_base_inst/gen_sdpram.xpm_memory_base_inst/gen_wr_a.gen_word_narrow.mem_reg_3/DIADI[11]
                            (rising edge-triggered cell RAMB36E1 clocked by clk_fpga_0  {rise@0.000ns fall@5.000ns period=10.000ns})
  Path Group:             clk_fpga_0
  Path Type:              Hold (Min at Fast Process Corner)
  Requirement:            0.000ns  (clk_fpga_0 rise@0.000ns - clk_fpga_0 rise@0.000ns)
  Data Path Delay:        0.467ns  (logic 0.209ns (44.753%)  route 0.258ns (55.247%))
  Logic Levels:           1  (LUT6=1)
  Clock Path Skew:        0.072ns (DCD - SCD - CPR)
    Destination Clock Delay (DCD):    1.237ns
    Source Clock Delay      (SCD):    0.903ns
    Clock Pessimism Removal (CPR):    0.262ns

    Location             Delay type                Incr(ns)  Path(ns)    Netlist Resource(s)
  -------------------------------------------------------------------    -------------------
                         (clock clk_fpga_0 rise edge)
                                                      0.000     0.000 r  
    PS7_X0Y0             PS7                          0.000     0.000 r  periph_vga/u_system/vga_system_i/processing_system7_0/inst/PS7_i/FCLKCLK[0]
                         net (fo=1, routed)           0.315     0.315    periph_vga/u_system/vga_system_i/processing_system7_0/inst/FCLK_CLK_unbuffered[0]
    BUFGCTRL_X0Y15       BUFG (Prop_bufg_I_O)         0.026     0.341 r  periph_vga/u_system/vga_system_i/processing_system7_0/inst/buffer_fclk_clk_0.FCLK_CLK_0_BUFG/O
                         net (fo=2395, routed)        0.562     0.903    periph_vga/u_system/vga_system_i/axi_vdma_0/U0/I_PRMRY_DATAMOVER/GEN_MM2S_FULL.I_MM2S_FULL_WRAPPER/I_RD_DATA_CNTL/s_axi_lite_aclk
    SLICE_X8Y14          FDRE                                         r  periph_vga/u_system/vga_system_i/axi_vdma_0/U0/I_PRMRY_DATAMOVER/GEN_MM2S_FULL.I_MM2S_FULL_WRAPPER/I_RD_DATA_CNTL/sig_next_cmd_cmplt_reg_reg/C
  -------------------------------------------------------------------    -------------------
    SLICE_X8Y14          FDRE (Prop_fdre_C_Q)         0.164     1.067 r  periph_vga/u_system/vga_system_i/axi_vdma_0/U0/I_PRMRY_DATAMOVER/GEN_MM2S_FULL.I_MM2S_FULL_WRAPPER/I_RD_DATA_CNTL/sig_next_cmd_cmplt_reg_reg/Q
                         net (fo=2, routed)           0.061     1.128    periph_vga/u_system/vga_system_i/axi_vdma_0/U0/I_PRMRY_DATAMOVER/GEN_MM2S_FULL.I_MM2S_FULL_WRAPPER/I_RD_DATA_CNTL/sig_next_cmd_cmplt_reg
    SLICE_X9Y14          LUT6 (Prop_lut6_I4_O)        0.045     1.173 r  periph_vga/u_system/vga_system_i/axi_vdma_0/U0/I_PRMRY_DATAMOVER/GEN_MM2S_FULL.I_MM2S_FULL_WRAPPER/I_RD_DATA_CNTL/BLK_MEM.I_SYNC_FIFOGEN_FIFO_i_3/O
                         net (fo=1, routed)           0.197     1.370    periph_vga/u_system/vga_system_i/axi_vdma_0/U0/I_PRMRY_DATAMOVER/GEN_MM2S_FULL.I_MM2S_FULL_WRAPPER/GEN_INCLUDE_MM2S_SF.I_RD_SF/I_DATA_FIFO/BLK_MEM.I_SYNC_FIFOGEN_FIFO/xpm_fifo_base_inst/gen_sdpram.xpm_memory_base_inst/dina[65]
    RAMB36_X0Y3          RAMB36E1                                     r  periph_vga/u_system/vga_system_i/axi_vdma_0/U0/I_PRMRY_DATAMOVER/GEN_MM2S_FULL.I_MM2S_FULL_WRAPPER/GEN_INCLUDE_MM2S_SF.I_RD_SF/I_DATA_FIFO/BLK_MEM.I_SYNC_FIFOGEN_FIFO/xpm_fifo_base_inst/gen_sdpram.xpm_memory_base_inst/gen_wr_a.gen_word_narrow.mem_reg_3/DIADI[11]
  -------------------------------------------------------------------    -------------------

                         (clock clk_fpga_0 rise edge)
                                                      0.000     0.000 r  
    PS7_X0Y0             PS7                          0.000     0.000 r  periph_vga/u_system/vga_system_i/processing_system7_0/inst/PS7_i/FCLKCLK[0]
                         net (fo=1, routed)           0.341     0.341    periph_vga/u_system/vga_system_i/processing_system7_0/inst/FCLK_CLK_unbuffered[0]
    BUFGCTRL_X0Y15       BUFG (Prop_bufg_I_O)         0.029     0.370 r  periph_vga/u_system/vga_system_i/processing_system7_0/inst/buffer_fclk_clk_0.FCLK_CLK_0_BUFG/O
                         net (fo=2395, routed)        0.867     1.237    periph_vga/u_system/vga_system_i/axi_vdma_0/U0/I_PRMRY_DATAMOVER/GEN_MM2S_FULL.I_MM2S_FULL_WRAPPER/GEN_INCLUDE_MM2S_SF.I_RD_SF/I_DATA_FIFO/BLK_MEM.I_SYNC_FIFOGEN_FIFO/xpm_fifo_base_inst/gen_sdpram.xpm_memory_base_inst/clka
    RAMB36_X0Y3          RAMB36E1                                     r  periph_vga/u_system/vga_system_i/axi_vdma_0/U0/I_PRMRY_DATAMOVER/GEN_MM2S_FULL.I_MM2S_FULL_WRAPPER/GEN_INCLUDE_MM2S_SF.I_RD_SF/I_DATA_FIFO/BLK_MEM.I_SYNC_FIFOGEN_FIFO/xpm_fifo_base_inst/gen_sdpram.xpm_memory_base_inst/gen_wr_a.gen_word_narrow.mem_reg_3/CLKARDCLK
                         clock pessimism             -0.262     0.975    
    RAMB36_X0Y3          RAMB36E1 (Hold_ramb36e1_CLKARDCLK_DIADI[11])
                                                      0.296     1.271    periph_vga/u_system/vga_system_i/axi_vdma_0/U0/I_PRMRY_DATAMOVER/GEN_MM2S_FULL.I_MM2S_FULL_WRAPPER/GEN_INCLUDE_MM2S_SF.I_RD_SF/I_DATA_FIFO/BLK_MEM.I_SYNC_FIFOGEN_FIFO/xpm_fifo_base_inst/gen_sdpram.xpm_memory_base_inst/gen_wr_a.gen_word_narrow.mem_reg_3
  -------------------------------------------------------------------
                         required time                         -1.271    
                         arrival time                           1.370    
  -------------------------------------------------------------------
                         slack                                  0.099    

Slack (MET) :             0.104ns  (arrival time - required time)
  Source:                 periph_vga/u_system/vga_system_i/axi_vdma_0/U0/AXI_LITE_REG_INTERFACE_I/GEN_AXI_LITE_IF.AXI_LITE_IF_I/GEN_LITE_IS_ASYNC.GEN_MM2S_ONLY_ASYNC_LITE_ACCESS.ip2axi_rddata_captured_mm2s_cdc_tig_reg[24]/C
                            (rising edge-triggered cell FDRE clocked by clk_fpga_0  {rise@0.000ns fall@5.000ns period=10.000ns})
  Destination:            periph_vga/u_system/vga_system_i/axi_vdma_0/U0/AXI_LITE_REG_INTERFACE_I/GEN_AXI_LITE_IF.AXI_LITE_IF_I/GEN_LITE_IS_ASYNC.GEN_MM2S_ONLY_ASYNC_LITE_ACCESS.ip2axi_rddata_captured_d1_reg[24]/D
                            (rising edge-triggered cell FDRE clocked by clk_fpga_0  {rise@0.000ns fall@5.000ns period=10.000ns})
  Path Group:             clk_fpga_0
  Path Type:              Hold (Min at Fast Process Corner)
  Requirement:            0.000ns  (clk_fpga_0 rise@0.000ns - clk_fpga_0 rise@0.000ns)
  Data Path Delay:        0.238ns  (logic 0.186ns (78.117%)  route 0.052ns (21.883%))
  Logic Levels:           1  (LUT5=1)
  Clock Path Skew:        0.013ns (DCD - SCD - CPR)
    Destination Clock Delay (DCD):    1.199ns
    Source Clock Delay      (SCD):    0.903ns
    Clock Pessimism Removal (CPR):    0.283ns

    Location             Delay type                Incr(ns)  Path(ns)    Netlist Resource(s)
  -------------------------------------------------------------------    -------------------
                         (clock clk_fpga_0 rise edge)
                                                      0.000     0.000 r  
    PS7_X0Y0             PS7                          0.000     0.000 r  periph_vga/u_system/vga_system_i/processing_system7_0/inst/PS7_i/FCLKCLK[0]
                         net (fo=1, routed)           0.315     0.315    periph_vga/u_system/vga_system_i/processing_system7_0/inst/FCLK_CLK_unbuffered[0]
    BUFGCTRL_X0Y15       BUFG (Prop_bufg_I_O)         0.026     0.341 r  periph_vga/u_system/vga_system_i/processing_system7_0/inst/buffer_fclk_clk_0.FCLK_CLK_0_BUFG/O
                         net (fo=2395, routed)        0.562     0.903    periph_vga/u_system/vga_system_i/axi_vdma_0/U0/AXI_LITE_REG_INTERFACE_I/GEN_AXI_LITE_IF.AXI_LITE_IF_I/s_axi_lite_aclk
    SLICE_X7Y36          FDRE                                         r  periph_vga/u_system/vga_system_i/axi_vdma_0/U0/AXI_LITE_REG_INTERFACE_I/GEN_AXI_LITE_IF.AXI_LITE_IF_I/GEN_LITE_IS_ASYNC.GEN_MM2S_ONLY_ASYNC_LITE_ACCESS.ip2axi_rddata_captured_mm2s_cdc_tig_reg[24]/C
  -------------------------------------------------------------------    -------------------
    SLICE_X7Y36          FDRE (Prop_fdre_C_Q)         0.141     1.044 r  periph_vga/u_system/vga_system_i/axi_vdma_0/U0/AXI_LITE_REG_INTERFACE_I/GEN_AXI_LITE_IF.AXI_LITE_IF_I/GEN_LITE_IS_ASYNC.GEN_MM2S_ONLY_ASYNC_LITE_ACCESS.ip2axi_rddata_captured_mm2s_cdc_tig_reg[24]/Q
                         net (fo=1, routed)           0.052     1.096    periph_vga/u_system/vga_system_i/axi_vdma_0/U0/AXI_LITE_REG_INTERFACE_I/GEN_AXI_LITE_IF.AXI_LITE_IF_I/ip2axi_rddata_captured_mm2s_cdc_tig[24]
    SLICE_X6Y36          LUT5 (Prop_lut5_I0_O)        0.045     1.141 r  periph_vga/u_system/vga_system_i/axi_vdma_0/U0/AXI_LITE_REG_INTERFACE_I/GEN_AXI_LITE_IF.AXI_LITE_IF_I/ip2axi_rddata_captured_inferred__0_i_8/O
                         net (fo=1, routed)           0.000     1.141    periph_vga/u_system/vga_system_i/axi_vdma_0/U0/AXI_LITE_REG_INTERFACE_I/GEN_AXI_LITE_IF.AXI_LITE_IF_I/ip2axi_rddata_captured[24]
    SLICE_X6Y36          FDRE                                         r  periph_vga/u_system/vga_system_i/axi_vdma_0/U0/AXI_LITE_REG_INTERFACE_I/GEN_AXI_LITE_IF.AXI_LITE_IF_I/GEN_LITE_IS_ASYNC.GEN_MM2S_ONLY_ASYNC_LITE_ACCESS.ip2axi_rddata_captured_d1_reg[24]/D
  -------------------------------------------------------------------    -------------------

                         (clock clk_fpga_0 rise edge)
                                                      0.000     0.000 r  
    PS7_X0Y0             PS7                          0.000     0.000 r  periph_vga/u_system/vga_system_i/processing_system7_0/inst/PS7_i/FCLKCLK[0]
                         net (fo=1, routed)           0.341     0.341    periph_vga/u_system/vga_system_i/processing_system7_0/inst/FCLK_CLK_unbuffered[0]
    BUFGCTRL_X0Y15       BUFG (Prop_bufg_I_O)         0.029     0.370 r  periph_vga/u_system/vga_system_i/processing_system7_0/inst/buffer_fclk_clk_0.FCLK_CLK_0_BUFG/O
                         net (fo=2395, routed)        0.829     1.199    periph_vga/u_system/vga_system_i/axi_vdma_0/U0/AXI_LITE_REG_INTERFACE_I/GEN_AXI_LITE_IF.AXI_LITE_IF_I/s_axi_lite_aclk
    SLICE_X6Y36          FDRE                                         r  periph_vga/u_system/vga_system_i/axi_vdma_0/U0/AXI_LITE_REG_INTERFACE_I/GEN_AXI_LITE_IF.AXI_LITE_IF_I/GEN_LITE_IS_ASYNC.GEN_MM2S_ONLY_ASYNC_LITE_ACCESS.ip2axi_rddata_captured_d1_reg[24]/C
                         clock pessimism             -0.283     0.916    
    SLICE_X6Y36          FDRE (Hold_fdre_C_D)         0.121     1.037    periph_vga/u_system/vga_system_i/axi_vdma_0/U0/AXI_LITE_REG_INTERFACE_I/GEN_AXI_LITE_IF.AXI_LITE_IF_I/GEN_LITE_IS_ASYNC.GEN_MM2S_ONLY_ASYNC_LITE_ACCESS.ip2axi_rddata_captured_d1_reg[24]
  -------------------------------------------------------------------
                         required time                         -1.037    
                         arrival time                           1.141    
  -------------------------------------------------------------------
                         slack                                  0.104    





Pulse Width Checks
--------------------------------------------------------------------------------------
Clock Name:         clk_fpga_0
Waveform(ns):       { 0.000 5.000 }
Period(ns):         10.000
Sources:            { periph_vga/u_system/vga_system_i/processing_system7_0/inst/PS7_i/FCLKCLK[0] }

Check Type        Corner  Lib Pin             Reference Pin  Required(ns)  Actual(ns)  Slack(ns)  Location        Pin
Min Period        n/a     FIFO36E1/WRCLK      n/a            2.576         10.000      7.424      RAMB36_X0Y4     <hidden>
Min Period        n/a     RAMB36E1/CLKARDCLK  n/a            2.576         10.000      7.424      RAMB36_X0Y0     periph_vga/u_system/vga_system_i/axi_vdma_0/U0/I_PRMRY_DATAMOVER/GEN_MM2S_FULL.I_MM2S_FULL_WRAPPER/GEN_INCLUDE_MM2S_SF.I_RD_SF/I_DATA_FIFO/BLK_MEM.I_SYNC_FIFOGEN_FIFO/xpm_fifo_base_inst/gen_sdpram.xpm_memory_base_inst/gen_wr_a.gen_word_narrow.mem_reg_0/CLKARDCLK
Min Period        n/a     RAMB36E1/CLKBWRCLK  n/a            2.576         10.000      7.424      RAMB36_X0Y0     periph_vga/u_system/vga_system_i/axi_vdma_0/U0/I_PRMRY_DATAMOVER/GEN_MM2S_FULL.I_MM2S_FULL_WRAPPER/GEN_INCLUDE_MM2S_SF.I_RD_SF/I_DATA_FIFO/BLK_MEM.I_SYNC_FIFOGEN_FIFO/xpm_fifo_base_inst/gen_sdpram.xpm_memory_base_inst/gen_wr_a.gen_word_narrow.mem_reg_0/CLKBWRCLK
Min Period        n/a     RAMB36E1/CLKARDCLK  n/a            2.576         10.000      7.424      RAMB36_X0Y2     periph_vga/u_system/vga_system_i/axi_vdma_0/U0/I_PRMRY_DATAMOVER/GEN_MM2S_FULL.I_MM2S_FULL_WRAPPER/GEN_INCLUDE_MM2S_SF.I_RD_SF/I_DATA_FIFO/BLK_MEM.I_SYNC_FIFOGEN_FIFO/xpm_fifo_base_inst/gen_sdpram.xpm_memory_base_inst/gen_wr_a.gen_word_narrow.mem_reg_1/CLKARDCLK
Min Period        n/a     RAMB36E1/CLKBWRCLK  n/a            2.576         10.000      7.424      RAMB36_X0Y2     periph_vga/u_system/vga_system_i/axi_vdma_0/U0/I_PRMRY_DATAMOVER/GEN_MM2S_FULL.I_MM2S_FULL_WRAPPER/GEN_INCLUDE_MM2S_SF.I_RD_SF/I_DATA_FIFO/BLK_MEM.I_SYNC_FIFOGEN_FIFO/xpm_fifo_base_inst/gen_sdpram.xpm_memory_base_inst/gen_wr_a.gen_word_narrow.mem_reg_1/CLKBWRCLK
Min Period        n/a     RAMB36E1/CLKARDCLK  n/a            2.576         10.000      7.424      RAMB36_X0Y1     periph_vga/u_system/vga_system_i/axi_vdma_0/U0/I_PRMRY_DATAMOVER/GEN_MM2S_FULL.I_MM2S_FULL_WRAPPER/GEN_INCLUDE_MM2S_SF.I_RD_SF/I_DATA_FIFO/BLK_MEM.I_SYNC_FIFOGEN_FIFO/xpm_fifo_base_inst/gen_sdpram.xpm_memory_base_inst/gen_wr_a.gen_word_narrow.mem_reg_2/CLKARDCLK
Min Period        n/a     RAMB36E1/CLKBWRCLK  n/a            2.576         10.000      7.424      RAMB36_X0Y1     periph_vga/u_system/vga_system_i/axi_vdma_0/U0/I_PRMRY_DATAMOVER/GEN_MM2S_FULL.I_MM2S_FULL_WRAPPER/GEN_INCLUDE_MM2S_SF.I_RD_SF/I_DATA_FIFO/BLK_MEM.I_SYNC_FIFOGEN_FIFO/xpm_fifo_base_inst/gen_sdpram.xpm_memory_base_inst/gen_wr_a.gen_word_narrow.mem_reg_2/CLKBWRCLK
Min Period        n/a     RAMB36E1/CLKARDCLK  n/a            2.576         10.000      7.424      RAMB36_X0Y3     periph_vga/u_system/vga_system_i/axi_vdma_0/U0/I_PRMRY_DATAMOVER/GEN_MM2S_FULL.I_MM2S_FULL_WRAPPER/GEN_INCLUDE_MM2S_SF.I_RD_SF/I_DATA_FIFO/BLK_MEM.I_SYNC_FIFOGEN_FIFO/xpm_fifo_base_inst/gen_sdpram.xpm_memory_base_inst/gen_wr_a.gen_word_narrow.mem_reg_3/CLKARDCLK
Min Period        n/a     RAMB36E1/CLKBWRCLK  n/a            2.576         10.000      7.424      RAMB36_X0Y3     periph_vga/u_system/vga_system_i/axi_vdma_0/U0/I_PRMRY_DATAMOVER/GEN_MM2S_FULL.I_MM2S_FULL_WRAPPER/GEN_INCLUDE_MM2S_SF.I_RD_SF/I_DATA_FIFO/BLK_MEM.I_SYNC_FIFOGEN_FIFO/xpm_fifo_base_inst/gen_sdpram.xpm_memory_base_inst/gen_wr_a.gen_word_narrow.mem_reg_3/CLKBWRCLK
Min Period        n/a     BUFG/I              n/a            2.155         10.000      7.845      BUFGCTRL_X0Y15  periph_vga/u_system/vga_system_i/processing_system7_0/inst/buffer_fclk_clk_0.FCLK_CLK_0_BUFG/I
Low Pulse Width   Slow    RAMD32/CLK          n/a            1.250         5.000       3.750      SLICE_X8Y2      <hidden>
Low Pulse Width   Fast    RAMD32/CLK          n/a            1.250         5.000       3.750      SLICE_X8Y2      <hidden>
Low Pulse Width   Slow    RAMD32/CLK          n/a            1.250         5.000       3.750      SLICE_X8Y2      <hidden>
Low Pulse Width   Fast    RAMD32/CLK          n/a            1.250         5.000       3.750      SLICE_X8Y2      <hidden>
Low Pulse Width   Slow    RAMD32/CLK          n/a            1.250         5.000       3.750      SLICE_X8Y2      <hidden>
Low Pulse Width   Fast    RAMD32/CLK          n/a            1.250         5.000       3.750      SLICE_X8Y2      <hidden>
Low Pulse Width   Slow    RAMD32/CLK          n/a            1.250         5.000       3.750      SLICE_X8Y2      <hidden>
Low Pulse Width   Fast    RAMD32/CLK          n/a            1.250         5.000       3.750      SLICE_X8Y2      <hidden>
Low Pulse Width   Slow    RAMD32/CLK          n/a            1.250         5.000       3.750      SLICE_X8Y2      <hidden>
Low Pulse Width   Fast    RAMD32/CLK          n/a            1.250         5.000       3.750      SLICE_X8Y2      <hidden>
High Pulse Width  Slow    RAMD32/CLK          n/a            1.250         5.000       3.750      SLICE_X8Y2      <hidden>
High Pulse Width  Fast    RAMD32/CLK          n/a            1.250         5.000       3.750      SLICE_X8Y2      <hidden>
High Pulse Width  Slow    RAMD32/CLK          n/a            1.250         5.000       3.750      SLICE_X8Y2      <hidden>
High Pulse Width  Fast    RAMD32/CLK          n/a            1.250         5.000       3.750      SLICE_X8Y2      <hidden>
High Pulse Width  Slow    RAMD32/CLK          n/a            1.250         5.000       3.750      SLICE_X8Y2      <hidden>
High Pulse Width  Fast    RAMD32/CLK          n/a            1.250         5.000       3.750      SLICE_X8Y2      <hidden>
High Pulse Width  Slow    RAMD32/CLK          n/a            1.250         5.000       3.750      SLICE_X8Y2      <hidden>
High Pulse Width  Fast    RAMD32/CLK          n/a            1.250         5.000       3.750      SLICE_X8Y2      <hidden>
High Pulse Width  Slow    RAMD32/CLK          n/a            1.250         5.000       3.750      SLICE_X8Y2      <hidden>
High Pulse Width  Fast    RAMD32/CLK          n/a            1.250         5.000       3.750      SLICE_X8Y2      <hidden>



---------------------------------------------------------------------------------------------------
From Clock:  i_clk
  To Clock:  i_clk

Setup :           NA  Failing Endpoints,  Worst Slack           NA  ,  Total Violation           NA
Hold  :           NA  Failing Endpoints,  Worst Slack           NA  ,  Total Violation           NA
PW    :            0  Failing Endpoints,  Worst Slack        2.000ns,  Total Violation        0.000ns
---------------------------------------------------------------------------------------------------


Pulse Width Checks
--------------------------------------------------------------------------------------
Clock Name:         i_clk
Waveform(ns):       { 0.000 4.000 }
Period(ns):         8.000
Sources:            { i_clk }

Check Type        Corner  Lib Pin            Reference Pin  Required(ns)  Actual(ns)  Slack(ns)  Location         Pin
Min Period        n/a     MMCME2_ADV/CLKIN1  n/a            1.249         8.000       6.751      MMCME2_ADV_X0Y1  periph_vga/u_system/vga_system_i/clk_wiz_0/inst/mmcm_adv_inst/CLKIN1
Min Period        n/a     MMCME2_ADV/CLKIN1  n/a            1.249         8.000       6.751      MMCME2_ADV_X0Y0  u_clk_wiz/inst/mmcm_adv_inst/CLKIN1
Max Period        n/a     MMCME2_ADV/CLKIN1  n/a            100.000       8.000       92.000     MMCME2_ADV_X0Y1  periph_vga/u_system/vga_system_i/clk_wiz_0/inst/mmcm_adv_inst/CLKIN1
Max Period        n/a     MMCME2_ADV/CLKIN1  n/a            100.000       8.000       92.000     MMCME2_ADV_X0Y0  u_clk_wiz/inst/mmcm_adv_inst/CLKIN1
Low Pulse Width   Slow    MMCME2_ADV/CLKIN1  n/a            2.000         4.000       2.000      MMCME2_ADV_X0Y1  periph_vga/u_system/vga_system_i/clk_wiz_0/inst/mmcm_adv_inst/CLKIN1
Low Pulse Width   Fast    MMCME2_ADV/CLKIN1  n/a            2.000         4.000       2.000      MMCME2_ADV_X0Y1  periph_vga/u_system/vga_system_i/clk_wiz_0/inst/mmcm_adv_inst/CLKIN1
Low Pulse Width   Slow    MMCME2_ADV/CLKIN1  n/a            2.000         4.000       2.000      MMCME2_ADV_X0Y0  u_clk_wiz/inst/mmcm_adv_inst/CLKIN1
Low Pulse Width   Fast    MMCME2_ADV/CLKIN1  n/a            2.000         4.000       2.000      MMCME2_ADV_X0Y0  u_clk_wiz/inst/mmcm_adv_inst/CLKIN1
High Pulse Width  Slow    MMCME2_ADV/CLKIN1  n/a            2.000         4.000       2.000      MMCME2_ADV_X0Y1  periph_vga/u_system/vga_system_i/clk_wiz_0/inst/mmcm_adv_inst/CLKIN1
High Pulse Width  Fast    MMCME2_ADV/CLKIN1  n/a            2.000         4.000       2.000      MMCME2_ADV_X0Y1  periph_vga/u_system/vga_system_i/clk_wiz_0/inst/mmcm_adv_inst/CLKIN1
High Pulse Width  Slow    MMCME2_ADV/CLKIN1  n/a            2.000         4.000       2.000      MMCME2_ADV_X0Y0  u_clk_wiz/inst/mmcm_adv_inst/CLKIN1
High Pulse Width  Fast    MMCME2_ADV/CLKIN1  n/a            2.000         4.000       2.000      MMCME2_ADV_X0Y0  u_clk_wiz/inst/mmcm_adv_inst/CLKIN1



---------------------------------------------------------------------------------------------------
From Clock:  clk_out1_clk_wiz_0
  To Clock:  clk_out1_clk_wiz_0

Setup :            0  Failing Endpoints,  Worst Slack       17.807ns,  Total Violation        0.000ns
Hold  :            0  Failing Endpoints,  Worst Slack        0.225ns,  Total Violation        0.000ns
PW    :            0  Failing Endpoints,  Worst Slack        9.500ns,  Total Violation        0.000ns
---------------------------------------------------------------------------------------------------


Max Delay Paths
--------------------------------------------------------------------------------------
Slack (MET) :             17.807ns  (required time - arrival time)
  Source:                 _rst_sync_reg/C
                            (rising edge-triggered cell FDPE clocked by clk_out1_clk_wiz_0  {rise@0.000ns fall@10.000ns period=20.000ns})
  Destination:            FSM_sequential__state_reg[2]/D
                            (rising edge-triggered cell FDRE clocked by clk_out1_clk_wiz_0  {rise@0.000ns fall@10.000ns period=20.000ns})
  Path Group:             clk_out1_clk_wiz_0
  Path Type:              Setup (Max at Slow Process Corner)
  Requirement:            20.000ns  (clk_out1_clk_wiz_0 rise@20.000ns - clk_out1_clk_wiz_0 rise@0.000ns)
  Data Path Delay:        2.056ns  (logic 0.580ns (28.208%)  route 1.476ns (71.792%))
  Logic Levels:           1  (LUT4=1)
  Clock Path Skew:        -0.137ns (DCD - SCD + CPR)
    Destination Clock Delay (DCD):    -1.220ns = ( 18.780 - 20.000 ) 
    Source Clock Delay      (SCD):    -0.480ns
    Clock Pessimism Removal (CPR):    0.603ns
  Clock Uncertainty:      0.079ns  ((TSJ^2 + DJ^2)^1/2) / 2 + PE
    Total System Jitter     (TSJ):    0.071ns
    Discrete Jitter          (DJ):    0.141ns
    Phase Error              (PE):    0.000ns

    Location             Delay type                Incr(ns)  Path(ns)    Netlist Resource(s)
  -------------------------------------------------------------------    -------------------
                         (clock clk_out1_clk_wiz_0 rise edge)
                                                      0.000     0.000 r  
    K17                                               0.000     0.000 r  i_clk (IN)
                         net (fo=0)                   0.000     0.000    i_clk
    K17                  IBUF (Prop_ibuf_I_O)         1.492     1.492 r  i_clk_IBUF_inst/O
                         net (fo=2, routed)           1.440     2.932    u_clk_wiz/inst/clk_in1
    MMCME2_ADV_X0Y0      MMCME2_ADV (Prop_mmcme2_adv_CLKIN1_CLKOUT0)
                                                     -7.010    -4.078 r  u_clk_wiz/inst/mmcm_adv_inst/CLKOUT0
                         net (fo=1, routed)           1.760    -2.318    u_clk_wiz/inst/clk_out1_clk_wiz_0
    BUFGCTRL_X0Y1        BUFG (Prop_bufg_I_O)         0.101    -2.217 r  u_clk_wiz/inst/clkout1_buf/O
                         net (fo=8, routed)           1.737    -0.480    _clkSystem
    SLICE_X43Y27         FDPE                                         r  _rst_sync_reg/C
  -------------------------------------------------------------------    -------------------
    SLICE_X43Y27         FDPE (Prop_fdpe_C_Q)         0.456    -0.024 f  _rst_sync_reg/Q
                         net (fo=9, routed)           1.476     1.452    _rst_sync
    SLICE_X28Y27         LUT4 (Prop_lut4_I3_O)        0.124     1.576 r  FSM_sequential__state[2]_i_1/O
                         net (fo=1, routed)           0.000     1.576    FSM_sequential__state[2]_i_1_n_0
    SLICE_X28Y27         FDRE                                         r  FSM_sequential__state_reg[2]/D
  -------------------------------------------------------------------    -------------------

                         (clock clk_out1_clk_wiz_0 rise edge)
                                                     20.000    20.000 r  
    K17                                               0.000    20.000 r  i_clk (IN)
                         net (fo=0)                   0.000    20.000    i_clk
    K17                  IBUF (Prop_ibuf_I_O)         1.421    21.421 r  i_clk_IBUF_inst/O
                         net (fo=2, routed)           1.302    22.723    u_clk_wiz/inst/clk_in1
    MMCME2_ADV_X0Y0      MMCME2_ADV (Prop_mmcme2_adv_CLKIN1_CLKOUT0)
                                                     -7.118    15.604 r  u_clk_wiz/inst/mmcm_adv_inst/CLKOUT0
                         net (fo=1, routed)           1.599    17.204    u_clk_wiz/inst/clk_out1_clk_wiz_0
    BUFGCTRL_X0Y1        BUFG (Prop_bufg_I_O)         0.091    17.295 r  u_clk_wiz/inst/clkout1_buf/O
                         net (fo=8, routed)           1.485    18.780    _clkSystem
    SLICE_X28Y27         FDRE                                         r  FSM_sequential__state_reg[2]/C
                         clock pessimism              0.603    19.383    
                         clock uncertainty           -0.079    19.304    
    SLICE_X28Y27         FDRE (Setup_fdre_C_D)        0.079    19.383    FSM_sequential__state_reg[2]
  -------------------------------------------------------------------
                         required time                         19.383    
                         arrival time                          -1.576    
  -------------------------------------------------------------------
                         slack                                 17.807    

Slack (MET) :             17.817ns  (required time - arrival time)
  Source:                 _rst_sync_reg/C
                            (rising edge-triggered cell FDPE clocked by clk_out1_clk_wiz_0  {rise@0.000ns fall@10.000ns period=20.000ns})
  Destination:            _addr_reg/D
                            (rising edge-triggered cell FDRE clocked by clk_out1_clk_wiz_0  {rise@0.000ns fall@10.000ns period=20.000ns})
  Path Group:             clk_out1_clk_wiz_0
  Path Type:              Setup (Max at Slow Process Corner)
  Requirement:            20.000ns  (clk_out1_clk_wiz_0 rise@20.000ns - clk_out1_clk_wiz_0 rise@0.000ns)
  Data Path Delay:        2.085ns  (logic 0.609ns (29.206%)  route 1.476ns (70.794%))
  Logic Levels:           1  (LUT5=1)
  Clock Path Skew:        -0.137ns (DCD - SCD + CPR)
    Destination Clock Delay (DCD):    -1.220ns = ( 18.780 - 20.000 ) 
    Source Clock Delay      (SCD):    -0.480ns
    Clock Pessimism Removal (CPR):    0.603ns
  Clock Uncertainty:      0.079ns  ((TSJ^2 + DJ^2)^1/2) / 2 + PE
    Total System Jitter     (TSJ):    0.071ns
    Discrete Jitter          (DJ):    0.141ns
    Phase Error              (PE):    0.000ns

    Location             Delay type                Incr(ns)  Path(ns)    Netlist Resource(s)
  -------------------------------------------------------------------    -------------------
                         (clock clk_out1_clk_wiz_0 rise edge)
                                                      0.000     0.000 r  
    K17                                               0.000     0.000 r  i_clk (IN)
                         net (fo=0)                   0.000     0.000    i_clk
    K17                  IBUF (Prop_ibuf_I_O)         1.492     1.492 r  i_clk_IBUF_inst/O
                         net (fo=2, routed)           1.440     2.932    u_clk_wiz/inst/clk_in1
    MMCME2_ADV_X0Y0      MMCME2_ADV (Prop_mmcme2_adv_CLKIN1_CLKOUT0)
                                                     -7.010    -4.078 r  u_clk_wiz/inst/mmcm_adv_inst/CLKOUT0
                         net (fo=1, routed)           1.760    -2.318    u_clk_wiz/inst/clk_out1_clk_wiz_0
    BUFGCTRL_X0Y1        BUFG (Prop_bufg_I_O)         0.101    -2.217 r  u_clk_wiz/inst/clkout1_buf/O
                         net (fo=8, routed)           1.737    -0.480    _clkSystem
    SLICE_X43Y27         FDPE                                         r  _rst_sync_reg/C
  -------------------------------------------------------------------    -------------------
    SLICE_X43Y27         FDPE (Prop_fdpe_C_Q)         0.456    -0.024 f  _rst_sync_reg/Q
                         net (fo=9, routed)           1.476     1.452    _rst_sync
    SLICE_X28Y27         LUT5 (Prop_lut5_I4_O)        0.153     1.605 r  _addr_i_1/O
                         net (fo=1, routed)           0.000     1.605    _addr_i_1_n_0
    SLICE_X28Y27         FDRE                                         r  _addr_reg/D
  -------------------------------------------------------------------    -------------------

                         (clock clk_out1_clk_wiz_0 rise edge)
                                                     20.000    20.000 r  
    K17                                               0.000    20.000 r  i_clk (IN)
                         net (fo=0)                   0.000    20.000    i_clk
    K17                  IBUF (Prop_ibuf_I_O)         1.421    21.421 r  i_clk_IBUF_inst/O
                         net (fo=2, routed)           1.302    22.723    u_clk_wiz/inst/clk_in1
    MMCME2_ADV_X0Y0      MMCME2_ADV (Prop_mmcme2_adv_CLKIN1_CLKOUT0)
                                                     -7.118    15.604 r  u_clk_wiz/inst/mmcm_adv_inst/CLKOUT0
                         net (fo=1, routed)           1.599    17.204    u_clk_wiz/inst/clk_out1_clk_wiz_0
    BUFGCTRL_X0Y1        BUFG (Prop_bufg_I_O)         0.091    17.295 r  u_clk_wiz/inst/clkout1_buf/O
                         net (fo=8, routed)           1.485    18.780    _clkSystem
    SLICE_X28Y27         FDRE                                         r  _addr_reg/C
                         clock pessimism              0.603    19.383    
                         clock uncertainty           -0.079    19.304    
    SLICE_X28Y27         FDRE (Setup_fdre_C_D)        0.118    19.422    _addr_reg
  -------------------------------------------------------------------
                         required time                         19.422    
                         arrival time                          -1.605    
  -------------------------------------------------------------------
                         slack                                 17.817    

Slack (MET) :             17.995ns  (required time - arrival time)
  Source:                 _rst_sync_reg/C
                            (rising edge-triggered cell FDPE clocked by clk_out1_clk_wiz_0  {rise@0.000ns fall@10.000ns period=20.000ns})
  Destination:            FSM_sequential__state_reg[1]/D
                            (rising edge-triggered cell FDRE clocked by clk_out1_clk_wiz_0  {rise@0.000ns fall@10.000ns period=20.000ns})
  Path Group:             clk_out1_clk_wiz_0
  Path Type:              Setup (Max at Slow Process Corner)
  Requirement:            20.000ns  (clk_out1_clk_wiz_0 rise@20.000ns - clk_out1_clk_wiz_0 rise@0.000ns)
  Data Path Delay:        1.870ns  (logic 0.580ns (31.017%)  route 1.290ns (68.983%))
  Logic Levels:           1  (LUT4=1)
  Clock Path Skew:        -0.137ns (DCD - SCD + CPR)
    Destination Clock Delay (DCD):    -1.220ns = ( 18.780 - 20.000 ) 
    Source Clock Delay      (SCD):    -0.480ns
    Clock Pessimism Removal (CPR):    0.603ns
  Clock Uncertainty:      0.079ns  ((TSJ^2 + DJ^2)^1/2) / 2 + PE
    Total System Jitter     (TSJ):    0.071ns
    Discrete Jitter          (DJ):    0.141ns
    Phase Error              (PE):    0.000ns

    Location             Delay type                Incr(ns)  Path(ns)    Netlist Resource(s)
  -------------------------------------------------------------------    -------------------
                         (clock clk_out1_clk_wiz_0 rise edge)
                                                      0.000     0.000 r  
    K17                                               0.000     0.000 r  i_clk (IN)
                         net (fo=0)                   0.000     0.000    i_clk
    K17                  IBUF (Prop_ibuf_I_O)         1.492     1.492 r  i_clk_IBUF_inst/O
                         net (fo=2, routed)           1.440     2.932    u_clk_wiz/inst/clk_in1
    MMCME2_ADV_X0Y0      MMCME2_ADV (Prop_mmcme2_adv_CLKIN1_CLKOUT0)
                                                     -7.010    -4.078 r  u_clk_wiz/inst/mmcm_adv_inst/CLKOUT0
                         net (fo=1, routed)           1.760    -2.318    u_clk_wiz/inst/clk_out1_clk_wiz_0
    BUFGCTRL_X0Y1        BUFG (Prop_bufg_I_O)         0.101    -2.217 r  u_clk_wiz/inst/clkout1_buf/O
                         net (fo=8, routed)           1.737    -0.480    _clkSystem
    SLICE_X43Y27         FDPE                                         r  _rst_sync_reg/C
  -------------------------------------------------------------------    -------------------
    SLICE_X43Y27         FDPE (Prop_fdpe_C_Q)         0.456    -0.024 f  _rst_sync_reg/Q
                         net (fo=9, routed)           1.290     1.266    _rst_sync
    SLICE_X28Y27         LUT4 (Prop_lut4_I3_O)        0.124     1.390 r  FSM_sequential__state[1]_i_1__1/O
                         net (fo=1, routed)           0.000     1.390    FSM_sequential__state[1]_i_1__1_n_0
    SLICE_X28Y27         FDRE                                         r  FSM_sequential__state_reg[1]/D
  -------------------------------------------------------------------    -------------------

                         (clock clk_out1_clk_wiz_0 rise edge)
                                                     20.000    20.000 r  
    K17                                               0.000    20.000 r  i_clk (IN)
                         net (fo=0)                   0.000    20.000    i_clk
    K17                  IBUF (Prop_ibuf_I_O)         1.421    21.421 r  i_clk_IBUF_inst/O
                         net (fo=2, routed)           1.302    22.723    u_clk_wiz/inst/clk_in1
    MMCME2_ADV_X0Y0      MMCME2_ADV (Prop_mmcme2_adv_CLKIN1_CLKOUT0)
                                                     -7.118    15.604 r  u_clk_wiz/inst/mmcm_adv_inst/CLKOUT0
                         net (fo=1, routed)           1.599    17.204    u_clk_wiz/inst/clk_out1_clk_wiz_0
    BUFGCTRL_X0Y1        BUFG (Prop_bufg_I_O)         0.091    17.295 r  u_clk_wiz/inst/clkout1_buf/O
                         net (fo=8, routed)           1.485    18.780    _clkSystem
    SLICE_X28Y27         FDRE                                         r  FSM_sequential__state_reg[1]/C
                         clock pessimism              0.603    19.383    
                         clock uncertainty           -0.079    19.304    
    SLICE_X28Y27         FDRE (Setup_fdre_C_D)        0.081    19.385    FSM_sequential__state_reg[1]
  -------------------------------------------------------------------
                         required time                         19.385    
                         arrival time                          -1.390    
  -------------------------------------------------------------------
                         slack                                 17.995    

Slack (MET) :             18.039ns  (required time - arrival time)
  Source:                 _rst_sync_reg/C
                            (rising edge-triggered cell FDPE clocked by clk_out1_clk_wiz_0  {rise@0.000ns fall@10.000ns period=20.000ns})
  Destination:            _wdata_reg[0]/D
                            (rising edge-triggered cell FDRE clocked by clk_out1_clk_wiz_0  {rise@0.000ns fall@10.000ns period=20.000ns})
  Path Group:             clk_out1_clk_wiz_0
  Path Type:              Setup (Max at Slow Process Corner)
  Requirement:            20.000ns  (clk_out1_clk_wiz_0 rise@20.000ns - clk_out1_clk_wiz_0 rise@0.000ns)
  Data Path Delay:        1.863ns  (logic 0.573ns (30.758%)  route 1.290ns (69.242%))
  Logic Levels:           1  (LUT5=1)
  Clock Path Skew:        -0.137ns (DCD - SCD + CPR)
    Destination Clock Delay (DCD):    -1.220ns = ( 18.780 - 20.000 ) 
    Source Clock Delay      (SCD):    -0.480ns
    Clock Pessimism Removal (CPR):    0.603ns
  Clock Uncertainty:      0.079ns  ((TSJ^2 + DJ^2)^1/2) / 2 + PE
    Total System Jitter     (TSJ):    0.071ns
    Discrete Jitter          (DJ):    0.141ns
    Phase Error              (PE):    0.000ns

    Location             Delay type                Incr(ns)  Path(ns)    Netlist Resource(s)
  -------------------------------------------------------------------    -------------------
                         (clock clk_out1_clk_wiz_0 rise edge)
                                                      0.000     0.000 r  
    K17                                               0.000     0.000 r  i_clk (IN)
                         net (fo=0)                   0.000     0.000    i_clk
    K17                  IBUF (Prop_ibuf_I_O)         1.492     1.492 r  i_clk_IBUF_inst/O
                         net (fo=2, routed)           1.440     2.932    u_clk_wiz/inst/clk_in1
    MMCME2_ADV_X0Y0      MMCME2_ADV (Prop_mmcme2_adv_CLKIN1_CLKOUT0)
                                                     -7.010    -4.078 r  u_clk_wiz/inst/mmcm_adv_inst/CLKOUT0
                         net (fo=1, routed)           1.760    -2.318    u_clk_wiz/inst/clk_out1_clk_wiz_0
    BUFGCTRL_X0Y1        BUFG (Prop_bufg_I_O)         0.101    -2.217 r  u_clk_wiz/inst/clkout1_buf/O
                         net (fo=8, routed)           1.737    -0.480    _clkSystem
    SLICE_X43Y27         FDPE                                         r  _rst_sync_reg/C
  -------------------------------------------------------------------    -------------------
    SLICE_X43Y27         FDPE (Prop_fdpe_C_Q)         0.456    -0.024 f  _rst_sync_reg/Q
                         net (fo=9, routed)           1.290     1.266    _rst_sync
    SLICE_X28Y27         LUT5 (Prop_lut5_I4_O)        0.117     1.383 r  _wdata[0]_i_1/O
                         net (fo=1, routed)           0.000     1.383    _wdata[0]_i_1_n_0
    SLICE_X28Y27         FDRE                                         r  _wdata_reg[0]/D
  -------------------------------------------------------------------    -------------------

                         (clock clk_out1_clk_wiz_0 rise edge)
                                                     20.000    20.000 r  
    K17                                               0.000    20.000 r  i_clk (IN)
                         net (fo=0)                   0.000    20.000    i_clk
    K17                  IBUF (Prop_ibuf_I_O)         1.421    21.421 r  i_clk_IBUF_inst/O
                         net (fo=2, routed)           1.302    22.723    u_clk_wiz/inst/clk_in1
    MMCME2_ADV_X0Y0      MMCME2_ADV (Prop_mmcme2_adv_CLKIN1_CLKOUT0)
                                                     -7.118    15.604 r  u_clk_wiz/inst/mmcm_adv_inst/CLKOUT0
                         net (fo=1, routed)           1.599    17.204    u_clk_wiz/inst/clk_out1_clk_wiz_0
    BUFGCTRL_X0Y1        BUFG (Prop_bufg_I_O)         0.091    17.295 r  u_clk_wiz/inst/clkout1_buf/O
                         net (fo=8, routed)           1.485    18.780    _clkSystem
    SLICE_X28Y27         FDRE                                         r  _wdata_reg[0]/C
                         clock pessimism              0.603    19.383    
                         clock uncertainty           -0.079    19.304    
    SLICE_X28Y27         FDRE (Setup_fdre_C_D)        0.118    19.422    _wdata_reg[0]
  -------------------------------------------------------------------
                         required time                         19.422    
                         arrival time                          -1.383    
  -------------------------------------------------------------------
                         slack                                 18.039    

Slack (MET) :             18.220ns  (required time - arrival time)
  Source:                 _rst_sync_reg/C
                            (rising edge-triggered cell FDPE clocked by clk_out1_clk_wiz_0  {rise@0.000ns fall@10.000ns period=20.000ns})
  Destination:            FSM_sequential__state_reg[0]/D
                            (rising edge-triggered cell FDRE clocked by clk_out1_clk_wiz_0  {rise@0.000ns fall@10.000ns period=20.000ns})
  Path Group:             clk_out1_clk_wiz_0
  Path Type:              Setup (Max at Slow Process Corner)
  Requirement:            20.000ns  (clk_out1_clk_wiz_0 rise@20.000ns - clk_out1_clk_wiz_0 rise@0.000ns)
  Data Path Delay:        1.641ns  (logic 0.580ns (35.343%)  route 1.061ns (64.657%))
  Logic Levels:           1  (LUT5=1)
  Clock Path Skew:        -0.137ns (DCD - SCD + CPR)
    Destination Clock Delay (DCD):    -1.220ns = ( 18.780 - 20.000 ) 
    Source Clock Delay      (SCD):    -0.480ns
    Clock Pessimism Removal (CPR):    0.603ns
  Clock Uncertainty:      0.079ns  ((TSJ^2 + DJ^2)^1/2) / 2 + PE
    Total System Jitter     (TSJ):    0.071ns
    Discrete Jitter          (DJ):    0.141ns
    Phase Error              (PE):    0.000ns

    Location             Delay type                Incr(ns)  Path(ns)    Netlist Resource(s)
  -------------------------------------------------------------------    -------------------
                         (clock clk_out1_clk_wiz_0 rise edge)
                                                      0.000     0.000 r  
    K17                                               0.000     0.000 r  i_clk (IN)
                         net (fo=0)                   0.000     0.000    i_clk
    K17                  IBUF (Prop_ibuf_I_O)         1.492     1.492 r  i_clk_IBUF_inst/O
                         net (fo=2, routed)           1.440     2.932    u_clk_wiz/inst/clk_in1
    MMCME2_ADV_X0Y0      MMCME2_ADV (Prop_mmcme2_adv_CLKIN1_CLKOUT0)
                                                     -7.010    -4.078 r  u_clk_wiz/inst/mmcm_adv_inst/CLKOUT0
                         net (fo=1, routed)           1.760    -2.318    u_clk_wiz/inst/clk_out1_clk_wiz_0
    BUFGCTRL_X0Y1        BUFG (Prop_bufg_I_O)         0.101    -2.217 r  u_clk_wiz/inst/clkout1_buf/O
                         net (fo=8, routed)           1.737    -0.480    _clkSystem
    SLICE_X43Y27         FDPE                                         r  _rst_sync_reg/C
  -------------------------------------------------------------------    -------------------
    SLICE_X43Y27         FDPE (Prop_fdpe_C_Q)         0.456    -0.024 f  _rst_sync_reg/Q
                         net (fo=9, routed)           1.061     1.037    _rst_sync
    SLICE_X28Y27         LUT5 (Prop_lut5_I4_O)        0.124     1.161 r  FSM_sequential__state[0]_i_1__1/O
                         net (fo=1, routed)           0.000     1.161    FSM_sequential__state[0]_i_1__1_n_0
    SLICE_X28Y27         FDRE                                         r  FSM_sequential__state_reg[0]/D
  -------------------------------------------------------------------    -------------------

                         (clock clk_out1_clk_wiz_0 rise edge)
                                                     20.000    20.000 r  
    K17                                               0.000    20.000 r  i_clk (IN)
                         net (fo=0)                   0.000    20.000    i_clk
    K17                  IBUF (Prop_ibuf_I_O)         1.421    21.421 r  i_clk_IBUF_inst/O
                         net (fo=2, routed)           1.302    22.723    u_clk_wiz/inst/clk_in1
    MMCME2_ADV_X0Y0      MMCME2_ADV (Prop_mmcme2_adv_CLKIN1_CLKOUT0)
                                                     -7.118    15.604 r  u_clk_wiz/inst/mmcm_adv_inst/CLKOUT0
                         net (fo=1, routed)           1.599    17.204    u_clk_wiz/inst/clk_out1_clk_wiz_0
    BUFGCTRL_X0Y1        BUFG (Prop_bufg_I_O)         0.091    17.295 r  u_clk_wiz/inst/clkout1_buf/O
                         net (fo=8, routed)           1.485    18.780    _clkSystem
    SLICE_X28Y27         FDRE                                         r  FSM_sequential__state_reg[0]/C
                         clock pessimism              0.603    19.383    
                         clock uncertainty           -0.079    19.304    
    SLICE_X28Y27         FDRE (Setup_fdre_C_D)        0.077    19.381    FSM_sequential__state_reg[0]
  -------------------------------------------------------------------
                         required time                         19.381    
                         arrival time                          -1.161    
  -------------------------------------------------------------------
                         slack                                 18.220    

Slack (MET) :             18.235ns  (required time - arrival time)
  Source:                 _rst_sync_reg/C
                            (rising edge-triggered cell FDPE clocked by clk_out1_clk_wiz_0  {rise@0.000ns fall@10.000ns period=20.000ns})
  Destination:            _sel_reg/D
                            (rising edge-triggered cell FDRE clocked by clk_out1_clk_wiz_0  {rise@0.000ns fall@10.000ns period=20.000ns})
  Path Group:             clk_out1_clk_wiz_0
  Path Type:              Setup (Max at Slow Process Corner)
  Requirement:            20.000ns  (clk_out1_clk_wiz_0 rise@20.000ns - clk_out1_clk_wiz_0 rise@0.000ns)
  Data Path Delay:        1.667ns  (logic 0.606ns (36.351%)  route 1.061ns (63.649%))
  Logic Levels:           1  (LUT5=1)
  Clock Path Skew:        -0.137ns (DCD - SCD + CPR)
    Destination Clock Delay (DCD):    -1.220ns = ( 18.780 - 20.000 ) 
    Source Clock Delay      (SCD):    -0.480ns
    Clock Pessimism Removal (CPR):    0.603ns
  Clock Uncertainty:      0.079ns  ((TSJ^2 + DJ^2)^1/2) / 2 + PE
    Total System Jitter     (TSJ):    0.071ns
    Discrete Jitter          (DJ):    0.141ns
    Phase Error              (PE):    0.000ns

    Location             Delay type                Incr(ns)  Path(ns)    Netlist Resource(s)
  -------------------------------------------------------------------    -------------------
                         (clock clk_out1_clk_wiz_0 rise edge)
                                                      0.000     0.000 r  
    K17                                               0.000     0.000 r  i_clk (IN)
                         net (fo=0)                   0.000     0.000    i_clk
    K17                  IBUF (Prop_ibuf_I_O)         1.492     1.492 r  i_clk_IBUF_inst/O
                         net (fo=2, routed)           1.440     2.932    u_clk_wiz/inst/clk_in1
    MMCME2_ADV_X0Y0      MMCME2_ADV (Prop_mmcme2_adv_CLKIN1_CLKOUT0)
                                                     -7.010    -4.078 r  u_clk_wiz/inst/mmcm_adv_inst/CLKOUT0
                         net (fo=1, routed)           1.760    -2.318    u_clk_wiz/inst/clk_out1_clk_wiz_0
    BUFGCTRL_X0Y1        BUFG (Prop_bufg_I_O)         0.101    -2.217 r  u_clk_wiz/inst/clkout1_buf/O
                         net (fo=8, routed)           1.737    -0.480    _clkSystem
    SLICE_X43Y27         FDPE                                         r  _rst_sync_reg/C
  -------------------------------------------------------------------    -------------------
    SLICE_X43Y27         FDPE (Prop_fdpe_C_Q)         0.456    -0.024 f  _rst_sync_reg/Q
                         net (fo=9, routed)           1.061     1.037    _rst_sync
    SLICE_X28Y27         LUT5 (Prop_lut5_I4_O)        0.150     1.187 r  _sel_i_1/O
                         net (fo=1, routed)           0.000     1.187    _sel_i_1_n_0
    SLICE_X28Y27         FDRE                                         r  _sel_reg/D
  -------------------------------------------------------------------    -------------------

                         (clock clk_out1_clk_wiz_0 rise edge)
                                                     20.000    20.000 r  
    K17                                               0.000    20.000 r  i_clk (IN)
                         net (fo=0)                   0.000    20.000    i_clk
    K17                  IBUF (Prop_ibuf_I_O)         1.421    21.421 r  i_clk_IBUF_inst/O
                         net (fo=2, routed)           1.302    22.723    u_clk_wiz/inst/clk_in1
    MMCME2_ADV_X0Y0      MMCME2_ADV (Prop_mmcme2_adv_CLKIN1_CLKOUT0)
                                                     -7.118    15.604 r  u_clk_wiz/inst/mmcm_adv_inst/CLKOUT0
                         net (fo=1, routed)           1.599    17.204    u_clk_wiz/inst/clk_out1_clk_wiz_0
    BUFGCTRL_X0Y1        BUFG (Prop_bufg_I_O)         0.091    17.295 r  u_clk_wiz/inst/clkout1_buf/O
                         net (fo=8, routed)           1.485    18.780    _clkSystem
    SLICE_X28Y27         FDRE                                         r  _sel_reg/C
                         clock pessimism              0.603    19.383    
                         clock uncertainty           -0.079    19.304    
    SLICE_X28Y27         FDRE (Setup_fdre_C_D)        0.118    19.422    _sel_reg
  -------------------------------------------------------------------
                         required time                         19.422    
                         arrival time                          -1.187    
  -------------------------------------------------------------------
                         slack                                 18.235    

Slack (MET) :             18.291ns  (required time - arrival time)
  Source:                 _rst_sync_reg/C
                            (rising edge-triggered cell FDPE clocked by clk_out1_clk_wiz_0  {rise@0.000ns fall@10.000ns period=20.000ns})
  Destination:            periph_vga/_enVGA_reg/D
                            (rising edge-triggered cell FDRE clocked by clk_out1_clk_wiz_0  {rise@0.000ns fall@10.000ns period=20.000ns})
  Path Group:             clk_out1_clk_wiz_0
  Path Type:              Setup (Max at Slow Process Corner)
  Requirement:            20.000ns  (clk_out1_clk_wiz_0 rise@20.000ns - clk_out1_clk_wiz_0 rise@0.000ns)
  Data Path Delay:        1.572ns  (logic 0.580ns (36.892%)  route 0.992ns (63.108%))
  Logic Levels:           1  (LUT5=1)
  Clock Path Skew:        -0.137ns (DCD - SCD + CPR)
    Destination Clock Delay (DCD):    -1.220ns = ( 18.780 - 20.000 ) 
    Source Clock Delay      (SCD):    -0.480ns
    Clock Pessimism Removal (CPR):    0.603ns
  Clock Uncertainty:      0.079ns  ((TSJ^2 + DJ^2)^1/2) / 2 + PE
    Total System Jitter     (TSJ):    0.071ns
    Discrete Jitter          (DJ):    0.141ns
    Phase Error              (PE):    0.000ns

    Location             Delay type                Incr(ns)  Path(ns)    Netlist Resource(s)
  -------------------------------------------------------------------    -------------------
                         (clock clk_out1_clk_wiz_0 rise edge)
                                                      0.000     0.000 r  
    K17                                               0.000     0.000 r  i_clk (IN)
                         net (fo=0)                   0.000     0.000    i_clk
    K17                  IBUF (Prop_ibuf_I_O)         1.492     1.492 r  i_clk_IBUF_inst/O
                         net (fo=2, routed)           1.440     2.932    u_clk_wiz/inst/clk_in1
    MMCME2_ADV_X0Y0      MMCME2_ADV (Prop_mmcme2_adv_CLKIN1_CLKOUT0)
                                                     -7.010    -4.078 r  u_clk_wiz/inst/mmcm_adv_inst/CLKOUT0
                         net (fo=1, routed)           1.760    -2.318    u_clk_wiz/inst/clk_out1_clk_wiz_0
    BUFGCTRL_X0Y1        BUFG (Prop_bufg_I_O)         0.101    -2.217 r  u_clk_wiz/inst/clkout1_buf/O
                         net (fo=8, routed)           1.737    -0.480    _clkSystem
    SLICE_X43Y27         FDPE                                         r  _rst_sync_reg/C
  -------------------------------------------------------------------    -------------------
    SLICE_X43Y27         FDPE (Prop_fdpe_C_Q)         0.456    -0.024 f  _rst_sync_reg/Q
                         net (fo=9, routed)           0.992     0.968    periph_vga/_rst_sync
    SLICE_X28Y27         LUT5 (Prop_lut5_I4_O)        0.124     1.092 r  periph_vga/_enVGA_i_1/O
                         net (fo=1, routed)           0.000     1.092    periph_vga/_enVGA_i_1_n_0
    SLICE_X28Y27         FDRE                                         r  periph_vga/_enVGA_reg/D
  -------------------------------------------------------------------    -------------------

                         (clock clk_out1_clk_wiz_0 rise edge)
                                                     20.000    20.000 r  
    K17                                               0.000    20.000 r  i_clk (IN)
                         net (fo=0)                   0.000    20.000    i_clk
    K17                  IBUF (Prop_ibuf_I_O)         1.421    21.421 r  i_clk_IBUF_inst/O
                         net (fo=2, routed)           1.302    22.723    u_clk_wiz/inst/clk_in1
    MMCME2_ADV_X0Y0      MMCME2_ADV (Prop_mmcme2_adv_CLKIN1_CLKOUT0)
                                                     -7.118    15.604 r  u_clk_wiz/inst/mmcm_adv_inst/CLKOUT0
                         net (fo=1, routed)           1.599    17.204    u_clk_wiz/inst/clk_out1_clk_wiz_0
    BUFGCTRL_X0Y1        BUFG (Prop_bufg_I_O)         0.091    17.295 r  u_clk_wiz/inst/clkout1_buf/O
                         net (fo=8, routed)           1.485    18.780    periph_vga/clk_out1
    SLICE_X28Y27         FDRE                                         r  periph_vga/_enVGA_reg/C
                         clock pessimism              0.603    19.383    
                         clock uncertainty           -0.079    19.304    
    SLICE_X28Y27         FDRE (Setup_fdre_C_D)        0.079    19.383    periph_vga/_enVGA_reg
  -------------------------------------------------------------------
                         required time                         19.383    
                         arrival time                          -1.092    
  -------------------------------------------------------------------
                         slack                                 18.291    





Min Delay Paths
--------------------------------------------------------------------------------------
Slack (MET) :             0.225ns  (arrival time - required time)
  Source:                 _wdata_reg[0]/C
                            (rising edge-triggered cell FDRE clocked by clk_out1_clk_wiz_0  {rise@0.000ns fall@10.000ns period=20.000ns})
  Destination:            periph_vga/_enVGA_reg/D
                            (rising edge-triggered cell FDRE clocked by clk_out1_clk_wiz_0  {rise@0.000ns fall@10.000ns period=20.000ns})
  Path Group:             clk_out1_clk_wiz_0
  Path Type:              Hold (Min at Fast Process Corner)
  Requirement:            0.000ns  (clk_out1_clk_wiz_0 rise@0.000ns - clk_out1_clk_wiz_0 rise@0.000ns)
  Data Path Delay:        0.346ns  (logic 0.247ns (71.484%)  route 0.099ns (28.516%))
  Logic Levels:           1  (LUT5=1)
  Clock Path Skew:        0.000ns (DCD - SCD - CPR)
    Destination Clock Delay (DCD):    -0.692ns
    Source Clock Delay      (SCD):    -0.462ns
    Clock Pessimism Removal (CPR):    -0.229ns

    Location             Delay type                Incr(ns)  Path(ns)    Netlist Resource(s)
  -------------------------------------------------------------------    -------------------
                         (clock clk_out1_clk_wiz_0 rise edge)
                                                      0.000     0.000 r  
    K17                                               0.000     0.000 r  i_clk (IN)
                         net (fo=0)                   0.000     0.000    i_clk
    K17                  IBUF (Prop_ibuf_I_O)         0.259     0.259 r  i_clk_IBUF_inst/O
                         net (fo=2, routed)           0.489     0.749    u_clk_wiz/inst/clk_in1
    MMCME2_ADV_X0Y0      MMCME2_ADV (Prop_mmcme2_adv_CLKIN1_CLKOUT0)
                                                     -2.271    -1.523 r  u_clk_wiz/inst/mmcm_adv_inst/CLKOUT0
                         net (fo=1, routed)           0.482    -1.041    u_clk_wiz/inst/clk_out1_clk_wiz_0
    BUFGCTRL_X0Y1        BUFG (Prop_bufg_I_O)         0.026    -1.015 r  u_clk_wiz/inst/clkout1_buf/O
                         net (fo=8, routed)           0.553    -0.462    _clkSystem
    SLICE_X28Y27         FDRE                                         r  _wdata_reg[0]/C
  -------------------------------------------------------------------    -------------------
    SLICE_X28Y27         FDRE (Prop_fdre_C_Q)         0.148    -0.314 r  _wdata_reg[0]/Q
                         net (fo=2, routed)           0.099    -0.216    periph_vga/_enVGA_reg_1
    SLICE_X28Y27         LUT5 (Prop_lut5_I3_O)        0.099    -0.117 r  periph_vga/_enVGA_i_1/O
                         net (fo=1, routed)           0.000    -0.117    periph_vga/_enVGA_i_1_n_0
    SLICE_X28Y27         FDRE                                         r  periph_vga/_enVGA_reg/D
  -------------------------------------------------------------------    -------------------

                         (clock clk_out1_clk_wiz_0 rise edge)
                                                      0.000     0.000 r  
    K17                                               0.000     0.000 r  i_clk (IN)
                         net (fo=0)                   0.000     0.000    i_clk
    K17                  IBUF (Prop_ibuf_I_O)         0.447     0.447 r  i_clk_IBUF_inst/O
                         net (fo=2, routed)           0.536     0.983    u_clk_wiz/inst/clk_in1
    MMCME2_ADV_X0Y0      MMCME2_ADV (Prop_mmcme2_adv_CLKIN1_CLKOUT0)
                                                     -3.050    -2.067 r  u_clk_wiz/inst/mmcm_adv_inst/CLKOUT0
                         net (fo=1, routed)           0.528    -1.539    u_clk_wiz/inst/clk_out1_clk_wiz_0
    BUFGCTRL_X0Y1        BUFG (Prop_bufg_I_O)         0.029    -1.510 r  u_clk_wiz/inst/clkout1_buf/O
                         net (fo=8, routed)           0.818    -0.692    periph_vga/clk_out1
    SLICE_X28Y27         FDRE                                         r  periph_vga/_enVGA_reg/C
                         clock pessimism              0.229    -0.462    
    SLICE_X28Y27         FDRE (Hold_fdre_C_D)         0.121    -0.341    periph_vga/_enVGA_reg
  -------------------------------------------------------------------
                         required time                          0.341    
                         arrival time                          -0.117    
  -------------------------------------------------------------------
                         slack                                  0.225    

Slack (MET) :             0.254ns  (arrival time - required time)
  Source:                 FSM_sequential__state_reg[2]/C
                            (rising edge-triggered cell FDRE clocked by clk_out1_clk_wiz_0  {rise@0.000ns fall@10.000ns period=20.000ns})
  Destination:            _addr_reg/D
                            (rising edge-triggered cell FDRE clocked by clk_out1_clk_wiz_0  {rise@0.000ns fall@10.000ns period=20.000ns})
  Path Group:             clk_out1_clk_wiz_0
  Path Type:              Hold (Min at Fast Process Corner)
  Requirement:            0.000ns  (clk_out1_clk_wiz_0 rise@0.000ns - clk_out1_clk_wiz_0 rise@0.000ns)
  Data Path Delay:        0.385ns  (logic 0.213ns (55.359%)  route 0.172ns (44.641%))
  Logic Levels:           1  (LUT5=1)
  Clock Path Skew:        0.000ns (DCD - SCD - CPR)
    Destination Clock Delay (DCD):    -0.692ns
    Source Clock Delay      (SCD):    -0.462ns
    Clock Pessimism Removal (CPR):    -0.229ns

    Location             Delay type                Incr(ns)  Path(ns)    Netlist Resource(s)
  -------------------------------------------------------------------    -------------------
                         (clock clk_out1_clk_wiz_0 rise edge)
                                                      0.000     0.000 r  
    K17                                               0.000     0.000 r  i_clk (IN)
                         net (fo=0)                   0.000     0.000    i_clk
    K17                  IBUF (Prop_ibuf_I_O)         0.259     0.259 r  i_clk_IBUF_inst/O
                         net (fo=2, routed)           0.489     0.749    u_clk_wiz/inst/clk_in1
    MMCME2_ADV_X0Y0      MMCME2_ADV (Prop_mmcme2_adv_CLKIN1_CLKOUT0)
                                                     -2.271    -1.523 r  u_clk_wiz/inst/mmcm_adv_inst/CLKOUT0
                         net (fo=1, routed)           0.482    -1.041    u_clk_wiz/inst/clk_out1_clk_wiz_0
    BUFGCTRL_X0Y1        BUFG (Prop_bufg_I_O)         0.026    -1.015 r  u_clk_wiz/inst/clkout1_buf/O
                         net (fo=8, routed)           0.553    -0.462    _clkSystem
    SLICE_X28Y27         FDRE                                         r  FSM_sequential__state_reg[2]/C
  -------------------------------------------------------------------    -------------------
    SLICE_X28Y27         FDRE (Prop_fdre_C_Q)         0.164    -0.298 r  FSM_sequential__state_reg[2]/Q
                         net (fo=6, routed)           0.172    -0.127    _state[2]
    SLICE_X28Y27         LUT5 (Prop_lut5_I1_O)        0.049    -0.078 r  _addr_i_1/O
                         net (fo=1, routed)           0.000    -0.078    _addr_i_1_n_0
    SLICE_X28Y27         FDRE                                         r  _addr_reg/D
  -------------------------------------------------------------------    -------------------

                         (clock clk_out1_clk_wiz_0 rise edge)
                                                      0.000     0.000 r  
    K17                                               0.000     0.000 r  i_clk (IN)
                         net (fo=0)                   0.000     0.000    i_clk
    K17                  IBUF (Prop_ibuf_I_O)         0.447     0.447 r  i_clk_IBUF_inst/O
                         net (fo=2, routed)           0.536     0.983    u_clk_wiz/inst/clk_in1
    MMCME2_ADV_X0Y0      MMCME2_ADV (Prop_mmcme2_adv_CLKIN1_CLKOUT0)
                                                     -3.050    -2.067 r  u_clk_wiz/inst/mmcm_adv_inst/CLKOUT0
                         net (fo=1, routed)           0.528    -1.539    u_clk_wiz/inst/clk_out1_clk_wiz_0
    BUFGCTRL_X0Y1        BUFG (Prop_bufg_I_O)         0.029    -1.510 r  u_clk_wiz/inst/clkout1_buf/O
                         net (fo=8, routed)           0.818    -0.692    _clkSystem
    SLICE_X28Y27         FDRE                                         r  _addr_reg/C
                         clock pessimism              0.229    -0.462    
    SLICE_X28Y27         FDRE (Hold_fdre_C_D)         0.131    -0.331    _addr_reg
  -------------------------------------------------------------------
                         required time                          0.331    
                         arrival time                          -0.078    
  -------------------------------------------------------------------
                         slack                                  0.254    

Slack (MET) :             0.260ns  (arrival time - required time)
  Source:                 FSM_sequential__state_reg[2]/C
                            (rising edge-triggered cell FDRE clocked by clk_out1_clk_wiz_0  {rise@0.000ns fall@10.000ns period=20.000ns})
  Destination:            FSM_sequential__state_reg[2]/D
                            (rising edge-triggered cell FDRE clocked by clk_out1_clk_wiz_0  {rise@0.000ns fall@10.000ns period=20.000ns})
  Path Group:             clk_out1_clk_wiz_0
  Path Type:              Hold (Min at Fast Process Corner)
  Requirement:            0.000ns  (clk_out1_clk_wiz_0 rise@0.000ns - clk_out1_clk_wiz_0 rise@0.000ns)
  Data Path Delay:        0.381ns  (logic 0.209ns (54.890%)  route 0.172ns (45.110%))
  Logic Levels:           1  (LUT4=1)
  Clock Path Skew:        0.000ns (DCD - SCD - CPR)
    Destination Clock Delay (DCD):    -0.692ns
    Source Clock Delay      (SCD):    -0.462ns
    Clock Pessimism Removal (CPR):    -0.229ns

    Location             Delay type                Incr(ns)  Path(ns)    Netlist Resource(s)
  -------------------------------------------------------------------    -------------------
                         (clock clk_out1_clk_wiz_0 rise edge)
                                                      0.000     0.000 r  
    K17                                               0.000     0.000 r  i_clk (IN)
                         net (fo=0)                   0.000     0.000    i_clk
    K17                  IBUF (Prop_ibuf_I_O)         0.259     0.259 r  i_clk_IBUF_inst/O
                         net (fo=2, routed)           0.489     0.749    u_clk_wiz/inst/clk_in1
    MMCME2_ADV_X0Y0      MMCME2_ADV (Prop_mmcme2_adv_CLKIN1_CLKOUT0)
                                                     -2.271    -1.523 r  u_clk_wiz/inst/mmcm_adv_inst/CLKOUT0
                         net (fo=1, routed)           0.482    -1.041    u_clk_wiz/inst/clk_out1_clk_wiz_0
    BUFGCTRL_X0Y1        BUFG (Prop_bufg_I_O)         0.026    -1.015 r  u_clk_wiz/inst/clkout1_buf/O
                         net (fo=8, routed)           0.553    -0.462    _clkSystem
    SLICE_X28Y27         FDRE                                         r  FSM_sequential__state_reg[2]/C
  -------------------------------------------------------------------    -------------------
    SLICE_X28Y27         FDRE (Prop_fdre_C_Q)         0.164    -0.298 r  FSM_sequential__state_reg[2]/Q
                         net (fo=6, routed)           0.172    -0.127    _state[2]
    SLICE_X28Y27         LUT4 (Prop_lut4_I0_O)        0.045    -0.082 r  FSM_sequential__state[2]_i_1/O
                         net (fo=1, routed)           0.000    -0.082    FSM_sequential__state[2]_i_1_n_0
    SLICE_X28Y27         FDRE                                         r  FSM_sequential__state_reg[2]/D
  -------------------------------------------------------------------    -------------------

                         (clock clk_out1_clk_wiz_0 rise edge)
                                                      0.000     0.000 r  
    K17                                               0.000     0.000 r  i_clk (IN)
                         net (fo=0)                   0.000     0.000    i_clk
    K17                  IBUF (Prop_ibuf_I_O)         0.447     0.447 r  i_clk_IBUF_inst/O
                         net (fo=2, routed)           0.536     0.983    u_clk_wiz/inst/clk_in1
    MMCME2_ADV_X0Y0      MMCME2_ADV (Prop_mmcme2_adv_CLKIN1_CLKOUT0)
                                                     -3.050    -2.067 r  u_clk_wiz/inst/mmcm_adv_inst/CLKOUT0
                         net (fo=1, routed)           0.528    -1.539    u_clk_wiz/inst/clk_out1_clk_wiz_0
    BUFGCTRL_X0Y1        BUFG (Prop_bufg_I_O)         0.029    -1.510 r  u_clk_wiz/inst/clkout1_buf/O
                         net (fo=8, routed)           0.818    -0.692    _clkSystem
    SLICE_X28Y27         FDRE                                         r  FSM_sequential__state_reg[2]/C
                         clock pessimism              0.229    -0.462    
    SLICE_X28Y27         FDRE (Hold_fdre_C_D)         0.121    -0.341    FSM_sequential__state_reg[2]
  -------------------------------------------------------------------
                         required time                          0.341    
                         arrival time                          -0.082    
  -------------------------------------------------------------------
                         slack                                  0.260    

Slack (MET) :             0.262ns  (arrival time - required time)
  Source:                 FSM_sequential__state_reg[0]/C
                            (rising edge-triggered cell FDRE clocked by clk_out1_clk_wiz_0  {rise@0.000ns fall@10.000ns period=20.000ns})
  Destination:            _sel_reg/D
                            (rising edge-triggered cell FDRE clocked by clk_out1_clk_wiz_0  {rise@0.000ns fall@10.000ns period=20.000ns})
  Path Group:             clk_out1_clk_wiz_0
  Path Type:              Hold (Min at Fast Process Corner)
  Requirement:            0.000ns  (clk_out1_clk_wiz_0 rise@0.000ns - clk_out1_clk_wiz_0 rise@0.000ns)
  Data Path Delay:        0.393ns  (logic 0.207ns (52.626%)  route 0.186ns (47.374%))
  Logic Levels:           1  (LUT5=1)
  Clock Path Skew:        0.000ns (DCD - SCD - CPR)
    Destination Clock Delay (DCD):    -0.692ns
    Source Clock Delay      (SCD):    -0.462ns
    Clock Pessimism Removal (CPR):    -0.229ns

    Location             Delay type                Incr(ns)  Path(ns)    Netlist Resource(s)
  -------------------------------------------------------------------    -------------------
                         (clock clk_out1_clk_wiz_0 rise edge)
                                                      0.000     0.000 r  
    K17                                               0.000     0.000 r  i_clk (IN)
                         net (fo=0)                   0.000     0.000    i_clk
    K17                  IBUF (Prop_ibuf_I_O)         0.259     0.259 r  i_clk_IBUF_inst/O
                         net (fo=2, routed)           0.489     0.749    u_clk_wiz/inst/clk_in1
    MMCME2_ADV_X0Y0      MMCME2_ADV (Prop_mmcme2_adv_CLKIN1_CLKOUT0)
                                                     -2.271    -1.523 r  u_clk_wiz/inst/mmcm_adv_inst/CLKOUT0
                         net (fo=1, routed)           0.482    -1.041    u_clk_wiz/inst/clk_out1_clk_wiz_0
    BUFGCTRL_X0Y1        BUFG (Prop_bufg_I_O)         0.026    -1.015 r  u_clk_wiz/inst/clkout1_buf/O
                         net (fo=8, routed)           0.553    -0.462    _clkSystem
    SLICE_X28Y27         FDRE                                         r  FSM_sequential__state_reg[0]/C
  -------------------------------------------------------------------    -------------------
    SLICE_X28Y27         FDRE (Prop_fdre_C_Q)         0.164    -0.298 r  FSM_sequential__state_reg[0]/Q
                         net (fo=6, routed)           0.186    -0.112    _state[0]
    SLICE_X28Y27         LUT5 (Prop_lut5_I0_O)        0.043    -0.069 r  _sel_i_1/O
                         net (fo=1, routed)           0.000    -0.069    _sel_i_1_n_0
    SLICE_X28Y27         FDRE                                         r  _sel_reg/D
  -------------------------------------------------------------------    -------------------

                         (clock clk_out1_clk_wiz_0 rise edge)
                                                      0.000     0.000 r  
    K17                                               0.000     0.000 r  i_clk (IN)
                         net (fo=0)                   0.000     0.000    i_clk
    K17                  IBUF (Prop_ibuf_I_O)         0.447     0.447 r  i_clk_IBUF_inst/O
                         net (fo=2, routed)           0.536     0.983    u_clk_wiz/inst/clk_in1
    MMCME2_ADV_X0Y0      MMCME2_ADV (Prop_mmcme2_adv_CLKIN1_CLKOUT0)
                                                     -3.050    -2.067 r  u_clk_wiz/inst/mmcm_adv_inst/CLKOUT0
                         net (fo=1, routed)           0.528    -1.539    u_clk_wiz/inst/clk_out1_clk_wiz_0
    BUFGCTRL_X0Y1        BUFG (Prop_bufg_I_O)         0.029    -1.510 r  u_clk_wiz/inst/clkout1_buf/O
                         net (fo=8, routed)           0.818    -0.692    _clkSystem
    SLICE_X28Y27         FDRE                                         r  _sel_reg/C
                         clock pessimism              0.229    -0.462    
    SLICE_X28Y27         FDRE (Hold_fdre_C_D)         0.131    -0.331    _sel_reg
  -------------------------------------------------------------------
                         required time                          0.331    
                         arrival time                          -0.069    
  -------------------------------------------------------------------
                         slack                                  0.262    

Slack (MET) :             0.262ns  (arrival time - required time)
  Source:                 FSM_sequential__state_reg[0]/C
                            (rising edge-triggered cell FDRE clocked by clk_out1_clk_wiz_0  {rise@0.000ns fall@10.000ns period=20.000ns})
  Destination:            _wdata_reg[0]/D
                            (rising edge-triggered cell FDRE clocked by clk_out1_clk_wiz_0  {rise@0.000ns fall@10.000ns period=20.000ns})
  Path Group:             clk_out1_clk_wiz_0
  Path Type:              Hold (Min at Fast Process Corner)
  Requirement:            0.000ns  (clk_out1_clk_wiz_0 rise@0.000ns - clk_out1_clk_wiz_0 rise@0.000ns)
  Data Path Delay:        0.393ns  (logic 0.207ns (52.626%)  route 0.186ns (47.374%))
  Logic Levels:           1  (LUT5=1)
  Clock Path Skew:        0.000ns (DCD - SCD - CPR)
    Destination Clock Delay (DCD):    -0.692ns
    Source Clock Delay      (SCD):    -0.462ns
    Clock Pessimism Removal (CPR):    -0.229ns

    Location             Delay type                Incr(ns)  Path(ns)    Netlist Resource(s)
  -------------------------------------------------------------------    -------------------
                         (clock clk_out1_clk_wiz_0 rise edge)
                                                      0.000     0.000 r  
    K17                                               0.000     0.000 r  i_clk (IN)
                         net (fo=0)                   0.000     0.000    i_clk
    K17                  IBUF (Prop_ibuf_I_O)         0.259     0.259 r  i_clk_IBUF_inst/O
                         net (fo=2, routed)           0.489     0.749    u_clk_wiz/inst/clk_in1
    MMCME2_ADV_X0Y0      MMCME2_ADV (Prop_mmcme2_adv_CLKIN1_CLKOUT0)
                                                     -2.271    -1.523 r  u_clk_wiz/inst/mmcm_adv_inst/CLKOUT0
                         net (fo=1, routed)           0.482    -1.041    u_clk_wiz/inst/clk_out1_clk_wiz_0
    BUFGCTRL_X0Y1        BUFG (Prop_bufg_I_O)         0.026    -1.015 r  u_clk_wiz/inst/clkout1_buf/O
                         net (fo=8, routed)           0.553    -0.462    _clkSystem
    SLICE_X28Y27         FDRE                                         r  FSM_sequential__state_reg[0]/C
  -------------------------------------------------------------------    -------------------
    SLICE_X28Y27         FDRE (Prop_fdre_C_Q)         0.164    -0.298 r  FSM_sequential__state_reg[0]/Q
                         net (fo=6, routed)           0.186    -0.112    _state[0]
    SLICE_X28Y27         LUT5 (Prop_lut5_I2_O)        0.043    -0.069 r  _wdata[0]_i_1/O
                         net (fo=1, routed)           0.000    -0.069    _wdata[0]_i_1_n_0
    SLICE_X28Y27         FDRE                                         r  _wdata_reg[0]/D
  -------------------------------------------------------------------    -------------------

                         (clock clk_out1_clk_wiz_0 rise edge)
                                                      0.000     0.000 r  
    K17                                               0.000     0.000 r  i_clk (IN)
                         net (fo=0)                   0.000     0.000    i_clk
    K17                  IBUF (Prop_ibuf_I_O)         0.447     0.447 r  i_clk_IBUF_inst/O
                         net (fo=2, routed)           0.536     0.983    u_clk_wiz/inst/clk_in1
    MMCME2_ADV_X0Y0      MMCME2_ADV (Prop_mmcme2_adv_CLKIN1_CLKOUT0)
                                                     -3.050    -2.067 r  u_clk_wiz/inst/mmcm_adv_inst/CLKOUT0
                         net (fo=1, routed)           0.528    -1.539    u_clk_wiz/inst/clk_out1_clk_wiz_0
    BUFGCTRL_X0Y1        BUFG (Prop_bufg_I_O)         0.029    -1.510 r  u_clk_wiz/inst/clkout1_buf/O
                         net (fo=8, routed)           0.818    -0.692    _clkSystem
    SLICE_X28Y27         FDRE                                         r  _wdata_reg[0]/C
                         clock pessimism              0.229    -0.462    
    SLICE_X28Y27         FDRE (Hold_fdre_C_D)         0.131    -0.331    _wdata_reg[0]
  -------------------------------------------------------------------
                         required time                          0.331    
                         arrival time                          -0.069    
  -------------------------------------------------------------------
                         slack                                  0.262    

Slack (MET) :             0.274ns  (arrival time - required time)
  Source:                 FSM_sequential__state_reg[0]/C
                            (rising edge-triggered cell FDRE clocked by clk_out1_clk_wiz_0  {rise@0.000ns fall@10.000ns period=20.000ns})
  Destination:            FSM_sequential__state_reg[1]/D
                            (rising edge-triggered cell FDRE clocked by clk_out1_clk_wiz_0  {rise@0.000ns fall@10.000ns period=20.000ns})
  Path Group:             clk_out1_clk_wiz_0
  Path Type:              Hold (Min at Fast Process Corner)
  Requirement:            0.000ns  (clk_out1_clk_wiz_0 rise@0.000ns - clk_out1_clk_wiz_0 rise@0.000ns)
  Data Path Delay:        0.395ns  (logic 0.209ns (52.866%)  route 0.186ns (47.134%))
  Logic Levels:           1  (LUT4=1)
  Clock Path Skew:        0.000ns (DCD - SCD - CPR)
    Destination Clock Delay (DCD):    -0.692ns
    Source Clock Delay      (SCD):    -0.462ns
    Clock Pessimism Removal (CPR):    -0.229ns

    Location             Delay type                Incr(ns)  Path(ns)    Netlist Resource(s)
  -------------------------------------------------------------------    -------------------
                         (clock clk_out1_clk_wiz_0 rise edge)
                                                      0.000     0.000 r  
    K17                                               0.000     0.000 r  i_clk (IN)
                         net (fo=0)                   0.000     0.000    i_clk
    K17                  IBUF (Prop_ibuf_I_O)         0.259     0.259 r  i_clk_IBUF_inst/O
                         net (fo=2, routed)           0.489     0.749    u_clk_wiz/inst/clk_in1
    MMCME2_ADV_X0Y0      MMCME2_ADV (Prop_mmcme2_adv_CLKIN1_CLKOUT0)
                                                     -2.271    -1.523 r  u_clk_wiz/inst/mmcm_adv_inst/CLKOUT0
                         net (fo=1, routed)           0.482    -1.041    u_clk_wiz/inst/clk_out1_clk_wiz_0
    BUFGCTRL_X0Y1        BUFG (Prop_bufg_I_O)         0.026    -1.015 r  u_clk_wiz/inst/clkout1_buf/O
                         net (fo=8, routed)           0.553    -0.462    _clkSystem
    SLICE_X28Y27         FDRE                                         r  FSM_sequential__state_reg[0]/C
  -------------------------------------------------------------------    -------------------
    SLICE_X28Y27         FDRE (Prop_fdre_C_Q)         0.164    -0.298 r  FSM_sequential__state_reg[0]/Q
                         net (fo=6, routed)           0.186    -0.112    _state[0]
    SLICE_X28Y27         LUT4 (Prop_lut4_I1_O)        0.045    -0.067 r  FSM_sequential__state[1]_i_1__1/O
                         net (fo=1, routed)           0.000    -0.067    FSM_sequential__state[1]_i_1__1_n_0
    SLICE_X28Y27         FDRE                                         r  FSM_sequential__state_reg[1]/D
  -------------------------------------------------------------------    -------------------

                         (clock clk_out1_clk_wiz_0 rise edge)
                                                      0.000     0.000 r  
    K17                                               0.000     0.000 r  i_clk (IN)
                         net (fo=0)                   0.000     0.000    i_clk
    K17                  IBUF (Prop_ibuf_I_O)         0.447     0.447 r  i_clk_IBUF_inst/O
                         net (fo=2, routed)           0.536     0.983    u_clk_wiz/inst/clk_in1
    MMCME2_ADV_X0Y0      MMCME2_ADV (Prop_mmcme2_adv_CLKIN1_CLKOUT0)
                                                     -3.050    -2.067 r  u_clk_wiz/inst/mmcm_adv_inst/CLKOUT0
                         net (fo=1, routed)           0.528    -1.539    u_clk_wiz/inst/clk_out1_clk_wiz_0
    BUFGCTRL_X0Y1        BUFG (Prop_bufg_I_O)         0.029    -1.510 r  u_clk_wiz/inst/clkout1_buf/O
                         net (fo=8, routed)           0.818    -0.692    _clkSystem
    SLICE_X28Y27         FDRE                                         r  FSM_sequential__state_reg[1]/C
                         clock pessimism              0.229    -0.462    
    SLICE_X28Y27         FDRE (Hold_fdre_C_D)         0.121    -0.341    FSM_sequential__state_reg[1]
  -------------------------------------------------------------------
                         required time                          0.341    
                         arrival time                          -0.067    
  -------------------------------------------------------------------
                         slack                                  0.274    

Slack (MET) :             0.275ns  (arrival time - required time)
  Source:                 FSM_sequential__state_reg[0]/C
                            (rising edge-triggered cell FDRE clocked by clk_out1_clk_wiz_0  {rise@0.000ns fall@10.000ns period=20.000ns})
  Destination:            FSM_sequential__state_reg[0]/D
                            (rising edge-triggered cell FDRE clocked by clk_out1_clk_wiz_0  {rise@0.000ns fall@10.000ns period=20.000ns})
  Path Group:             clk_out1_clk_wiz_0
  Path Type:              Hold (Min at Fast Process Corner)
  Requirement:            0.000ns  (clk_out1_clk_wiz_0 rise@0.000ns - clk_out1_clk_wiz_0 rise@0.000ns)
  Data Path Delay:        0.395ns  (logic 0.209ns (52.866%)  route 0.186ns (47.134%))
  Logic Levels:           1  (LUT5=1)
  Clock Path Skew:        0.000ns (DCD - SCD - CPR)
    Destination Clock Delay (DCD):    -0.692ns
    Source Clock Delay      (SCD):    -0.462ns
    Clock Pessimism Removal (CPR):    -0.229ns

    Location             Delay type                Incr(ns)  Path(ns)    Netlist Resource(s)
  -------------------------------------------------------------------    -------------------
                         (clock clk_out1_clk_wiz_0 rise edge)
                                                      0.000     0.000 r  
    K17                                               0.000     0.000 r  i_clk (IN)
                         net (fo=0)                   0.000     0.000    i_clk
    K17                  IBUF (Prop_ibuf_I_O)         0.259     0.259 r  i_clk_IBUF_inst/O
                         net (fo=2, routed)           0.489     0.749    u_clk_wiz/inst/clk_in1
    MMCME2_ADV_X0Y0      MMCME2_ADV (Prop_mmcme2_adv_CLKIN1_CLKOUT0)
                                                     -2.271    -1.523 r  u_clk_wiz/inst/mmcm_adv_inst/CLKOUT0
                         net (fo=1, routed)           0.482    -1.041    u_clk_wiz/inst/clk_out1_clk_wiz_0
    BUFGCTRL_X0Y1        BUFG (Prop_bufg_I_O)         0.026    -1.015 r  u_clk_wiz/inst/clkout1_buf/O
                         net (fo=8, routed)           0.553    -0.462    _clkSystem
    SLICE_X28Y27         FDRE                                         r  FSM_sequential__state_reg[0]/C
  -------------------------------------------------------------------    -------------------
    SLICE_X28Y27         FDRE (Prop_fdre_C_Q)         0.164    -0.298 r  FSM_sequential__state_reg[0]/Q
                         net (fo=6, routed)           0.186    -0.112    _state[0]
    SLICE_X28Y27         LUT5 (Prop_lut5_I2_O)        0.045    -0.067 r  FSM_sequential__state[0]_i_1__1/O
                         net (fo=1, routed)           0.000    -0.067    FSM_sequential__state[0]_i_1__1_n_0
    SLICE_X28Y27         FDRE                                         r  FSM_sequential__state_reg[0]/D
  -------------------------------------------------------------------    -------------------

                         (clock clk_out1_clk_wiz_0 rise edge)
                                                      0.000     0.000 r  
    K17                                               0.000     0.000 r  i_clk (IN)
                         net (fo=0)                   0.000     0.000    i_clk
    K17                  IBUF (Prop_ibuf_I_O)         0.447     0.447 r  i_clk_IBUF_inst/O
                         net (fo=2, routed)           0.536     0.983    u_clk_wiz/inst/clk_in1
    MMCME2_ADV_X0Y0      MMCME2_ADV (Prop_mmcme2_adv_CLKIN1_CLKOUT0)
                                                     -3.050    -2.067 r  u_clk_wiz/inst/mmcm_adv_inst/CLKOUT0
                         net (fo=1, routed)           0.528    -1.539    u_clk_wiz/inst/clk_out1_clk_wiz_0
    BUFGCTRL_X0Y1        BUFG (Prop_bufg_I_O)         0.029    -1.510 r  u_clk_wiz/inst/clkout1_buf/O
                         net (fo=8, routed)           0.818    -0.692    _clkSystem
    SLICE_X28Y27         FDRE                                         r  FSM_sequential__state_reg[0]/C
                         clock pessimism              0.229    -0.462    
    SLICE_X28Y27         FDRE (Hold_fdre_C_D)         0.120    -0.342    FSM_sequential__state_reg[0]
  -------------------------------------------------------------------
                         required time                          0.342    
                         arrival time                          -0.067    
  -------------------------------------------------------------------
                         slack                                  0.275    





Pulse Width Checks
--------------------------------------------------------------------------------------
Clock Name:         clk_out1_clk_wiz_0
Waveform(ns):       { 0.000 10.000 }
Period(ns):         20.000
Sources:            { u_clk_wiz/inst/mmcm_adv_inst/CLKOUT0 }

Check Type        Corner  Lib Pin             Reference Pin  Required(ns)  Actual(ns)  Slack(ns)  Location         Pin
Min Period        n/a     BUFG/I              n/a            2.155         20.000      17.845     BUFGCTRL_X0Y1    u_clk_wiz/inst/clkout1_buf/I
Min Period        n/a     MMCME2_ADV/CLKOUT0  n/a            1.249         20.000      18.751     MMCME2_ADV_X0Y0  u_clk_wiz/inst/mmcm_adv_inst/CLKOUT0
Min Period        n/a     FDRE/C              n/a            1.000         20.000      19.000     SLICE_X28Y27     FSM_sequential__state_reg[0]/C
Min Period        n/a     FDRE/C              n/a            1.000         20.000      19.000     SLICE_X28Y27     FSM_sequential__state_reg[1]/C
Min Period        n/a     FDRE/C              n/a            1.000         20.000      19.000     SLICE_X28Y27     FSM_sequential__state_reg[2]/C
Min Period        n/a     FDRE/C              n/a            1.000         20.000      19.000     SLICE_X28Y27     _addr_reg/C
Min Period        n/a     FDPE/C              n/a            1.000         20.000      19.000     SLICE_X43Y27     _rst_sync_reg/C
Min Period        n/a     FDRE/C              n/a            1.000         20.000      19.000     SLICE_X28Y27     _sel_reg/C
Min Period        n/a     FDRE/C              n/a            1.000         20.000      19.000     SLICE_X28Y27     _wdata_reg[0]/C
Min Period        n/a     FDRE/C              n/a            1.000         20.000      19.000     SLICE_X28Y27     periph_vga/_enVGA_reg/C
Max Period        n/a     MMCME2_ADV/CLKOUT0  n/a            213.360       20.000      193.360    MMCME2_ADV_X0Y0  u_clk_wiz/inst/mmcm_adv_inst/CLKOUT0
Low Pulse Width   Slow    FDRE/C              n/a            0.500         10.000      9.500      SLICE_X28Y27     FSM_sequential__state_reg[0]/C
Low Pulse Width   Fast    FDRE/C              n/a            0.500         10.000      9.500      SLICE_X28Y27     FSM_sequential__state_reg[0]/C
Low Pulse Width   Slow    FDRE/C              n/a            0.500         10.000      9.500      SLICE_X28Y27     FSM_sequential__state_reg[1]/C
Low Pulse Width   Fast    FDRE/C              n/a            0.500         10.000      9.500      SLICE_X28Y27     FSM_sequential__state_reg[1]/C
Low Pulse Width   Slow    FDRE/C              n/a            0.500         10.000      9.500      SLICE_X28Y27     FSM_sequential__state_reg[2]/C
Low Pulse Width   Fast    FDRE/C              n/a            0.500         10.000      9.500      SLICE_X28Y27     FSM_sequential__state_reg[2]/C
Low Pulse Width   Slow    FDRE/C              n/a            0.500         10.000      9.500      SLICE_X28Y27     _addr_reg/C
Low Pulse Width   Fast    FDRE/C              n/a            0.500         10.000      9.500      SLICE_X28Y27     _addr_reg/C
Low Pulse Width   Slow    FDPE/C              n/a            0.500         10.000      9.500      SLICE_X43Y27     _rst_sync_reg/C
Low Pulse Width   Fast    FDPE/C              n/a            0.500         10.000      9.500      SLICE_X43Y27     _rst_sync_reg/C
High Pulse Width  Slow    FDRE/C              n/a            0.500         10.000      9.500      SLICE_X28Y27     FSM_sequential__state_reg[0]/C
High Pulse Width  Fast    FDRE/C              n/a            0.500         10.000      9.500      SLICE_X28Y27     FSM_sequential__state_reg[0]/C
High Pulse Width  Slow    FDRE/C              n/a            0.500         10.000      9.500      SLICE_X28Y27     FSM_sequential__state_reg[1]/C
High Pulse Width  Fast    FDRE/C              n/a            0.500         10.000      9.500      SLICE_X28Y27     FSM_sequential__state_reg[1]/C
High Pulse Width  Slow    FDRE/C              n/a            0.500         10.000      9.500      SLICE_X28Y27     FSM_sequential__state_reg[2]/C
High Pulse Width  Fast    FDRE/C              n/a            0.500         10.000      9.500      SLICE_X28Y27     FSM_sequential__state_reg[2]/C
High Pulse Width  Slow    FDRE/C              n/a            0.500         10.000      9.500      SLICE_X28Y27     _addr_reg/C
High Pulse Width  Fast    FDRE/C              n/a            0.500         10.000      9.500      SLICE_X28Y27     _addr_reg/C
High Pulse Width  Slow    FDPE/C              n/a            0.500         10.000      9.500      SLICE_X43Y27     _rst_sync_reg/C
High Pulse Width  Fast    FDPE/C              n/a            0.500         10.000      9.500      SLICE_X43Y27     _rst_sync_reg/C



---------------------------------------------------------------------------------------------------
From Clock:  clk_pixel_vga_system_clk_wiz_0_1
  To Clock:  clk_pixel_vga_system_clk_wiz_0_1

Setup :            0  Failing Endpoints,  Worst Slack       28.839ns,  Total Violation        0.000ns
Hold  :            0  Failing Endpoints,  Worst Slack        0.104ns,  Total Violation        0.000ns
PW    :            0  Failing Endpoints,  Worst Slack       18.882ns,  Total Violation        0.000ns
---------------------------------------------------------------------------------------------------


Max Delay Paths
--------------------------------------------------------------------------------------
Slack (MET) :             28.839ns  (required time - arrival time)
  Source:                 periph_vga/hsync_module/_vga_red_reg[2]/C
                            (rising edge-triggered cell FDRE clocked by clk_pixel_vga_system_clk_wiz_0_1  {rise@0.000ns fall@19.862ns period=39.724ns})
  Destination:            o_vga_red[2]
                            (output port clocked by clk_pixel_vga_system_clk_wiz_0_1  {rise@0.000ns fall@19.862ns period=39.724ns})
  Path Group:             clk_pixel_vga_system_clk_wiz_0_1
  Path Type:              Max at Slow Process Corner
  Requirement:            39.724ns  (clk_pixel_vga_system_clk_wiz_0_1 rise@39.724ns - clk_pixel_vga_system_clk_wiz_0_1 rise@0.000ns)
  Data Path Delay:        7.216ns  (logic 4.211ns (58.353%)  route 3.005ns (41.647%))
  Logic Levels:           1  (OBUF=1)
  Output Delay:           0.000ns
  Clock Path Skew:        -3.519ns (DCD - SCD + CPR)
    Destination Clock Delay (DCD):    -4.522ns = ( 35.202 - 39.724 ) 
    Source Clock Delay      (SCD):    -0.700ns
    Clock Pessimism Removal (CPR):    0.303ns
  Clock Uncertainty:      0.150ns  ((TSJ^2 + DJ^2)^1/2) / 2 + PE
    Total System Jitter     (TSJ):    0.071ns
    Discrete Jitter          (DJ):    0.292ns
    Phase Error              (PE):    0.000ns

    Location             Delay type                Incr(ns)  Path(ns)    Netlist Resource(s)
  -------------------------------------------------------------------    -------------------
                         (clock clk_pixel_vga_system_clk_wiz_0_1 rise edge)
                                                      0.000     0.000 r  
    K17                                               0.000     0.000 r  i_clk (IN)
                         net (fo=0)                   0.000     0.000    i_clk
    K17                  IBUF (Prop_ibuf_I_O)         1.492     1.492 r  i_clk_IBUF_inst/O
                         net (fo=2, routed)           1.285     2.777    periph_vga/u_system/vga_system_i/clk_wiz_0/inst/clk_in1
    MMCME2_ADV_X0Y1      MMCME2_ADV (Prop_mmcme2_adv_CLKIN1_CLKOUT0)
                                                     -6.996    -4.219 r  periph_vga/u_system/vga_system_i/clk_wiz_0/inst/mmcm_adv_inst/CLKOUT0
                         net (fo=1, routed)           1.760    -2.459    periph_vga/u_system/vga_system_i/clk_wiz_0/inst/clk_pixel_vga_system_clk_wiz_0_1
    BUFGCTRL_X0Y30       BUFG (Prop_bufg_I_O)         0.101    -2.358 r  periph_vga/u_system/vga_system_i/clk_wiz_0/inst/clkout1_buf/O
                         net (fo=169, routed)         1.658    -0.700    periph_vga/hsync_module/CLK
    SLICE_X22Y28         FDRE                                         r  periph_vga/hsync_module/_vga_red_reg[2]/C
  -------------------------------------------------------------------    -------------------
    SLICE_X22Y28         FDRE (Prop_fdre_C_Q)         0.419    -0.281 r  periph_vga/hsync_module/_vga_red_reg[2]/Q
                         net (fo=1, routed)           3.005     2.724    o_vga_red_OBUF[2]
    T11                  OBUF (Prop_obuf_I_O)         3.792     6.516 r  o_vga_red_OBUF[2]_inst/O
                         net (fo=0)                   0.000     6.516    o_vga_red[2]
    T11                                                               r  o_vga_red[2] (OUT)
  -------------------------------------------------------------------    -------------------

                         (clock clk_pixel_vga_system_clk_wiz_0_1 rise edge)
                                                     39.724    39.724 r  
    K17                                               0.000    39.724 r  i_clk (IN)
                         net (fo=0)                   0.000    39.724    i_clk
    K17                  IBUF (Prop_ibuf_I_O)         1.421    41.145 r  i_clk_IBUF_inst/O
                         net (fo=2, routed)           1.162    42.307    periph_vga/u_system/vga_system_i/clk_wiz_0/inst/clk_in1
    MMCME2_ADV_X0Y1      MMCME2_ADV (Prop_mmcme2_adv_CLKIN1_CLKOUT0)
                                                     -7.105    35.202 r  periph_vga/u_system/vga_system_i/clk_wiz_0/inst/mmcm_adv_inst/CLKOUT0
                         clock pessimism              0.303    35.505    
                         clock uncertainty           -0.150    35.355    
                         output delay                -0.000    35.355    
  -------------------------------------------------------------------
                         required time                         35.355    
                         arrival time                          -6.516    
  -------------------------------------------------------------------
                         slack                                 28.839    

Slack (MET) :             28.897ns  (required time - arrival time)
  Source:                 periph_vga/hsync_module/_vga_blue_reg[2]/C
                            (rising edge-triggered cell FDRE clocked by clk_pixel_vga_system_clk_wiz_0_1  {rise@0.000ns fall@19.862ns period=39.724ns})
  Destination:            o_vga_blue[2]
                            (output port clocked by clk_pixel_vga_system_clk_wiz_0_1  {rise@0.000ns fall@19.862ns period=39.724ns})
  Path Group:             clk_pixel_vga_system_clk_wiz_0_1
  Path Type:              Max at Slow Process Corner
  Requirement:            39.724ns  (clk_pixel_vga_system_clk_wiz_0_1 rise@39.724ns - clk_pixel_vga_system_clk_wiz_0_1 rise@0.000ns)
  Data Path Delay:        7.157ns  (logic 4.191ns (58.553%)  route 2.966ns (41.447%))
  Logic Levels:           1  (OBUF=1)
  Output Delay:           0.000ns
  Clock Path Skew:        -3.520ns (DCD - SCD + CPR)
    Destination Clock Delay (DCD):    -4.522ns = ( 35.202 - 39.724 ) 
    Source Clock Delay      (SCD):    -0.699ns
    Clock Pessimism Removal (CPR):    0.303ns
  Clock Uncertainty:      0.150ns  ((TSJ^2 + DJ^2)^1/2) / 2 + PE
    Total System Jitter     (TSJ):    0.071ns
    Discrete Jitter          (DJ):    0.292ns
    Phase Error              (PE):    0.000ns

    Location             Delay type                Incr(ns)  Path(ns)    Netlist Resource(s)
  -------------------------------------------------------------------    -------------------
                         (clock clk_pixel_vga_system_clk_wiz_0_1 rise edge)
                                                      0.000     0.000 r  
    K17                                               0.000     0.000 r  i_clk (IN)
                         net (fo=0)                   0.000     0.000    i_clk
    K17                  IBUF (Prop_ibuf_I_O)         1.492     1.492 r  i_clk_IBUF_inst/O
                         net (fo=2, routed)           1.285     2.777    periph_vga/u_system/vga_system_i/clk_wiz_0/inst/clk_in1
    MMCME2_ADV_X0Y1      MMCME2_ADV (Prop_mmcme2_adv_CLKIN1_CLKOUT0)
                                                     -6.996    -4.219 r  periph_vga/u_system/vga_system_i/clk_wiz_0/inst/mmcm_adv_inst/CLKOUT0
                         net (fo=1, routed)           1.760    -2.459    periph_vga/u_system/vga_system_i/clk_wiz_0/inst/clk_pixel_vga_system_clk_wiz_0_1
    BUFGCTRL_X0Y30       BUFG (Prop_bufg_I_O)         0.101    -2.358 r  periph_vga/u_system/vga_system_i/clk_wiz_0/inst/clkout1_buf/O
                         net (fo=169, routed)         1.659    -0.699    periph_vga/hsync_module/CLK
    SLICE_X22Y29         FDRE                                         r  periph_vga/hsync_module/_vga_blue_reg[2]/C
  -------------------------------------------------------------------    -------------------
    SLICE_X22Y29         FDRE (Prop_fdre_C_Q)         0.419    -0.280 r  periph_vga/hsync_module/_vga_blue_reg[2]/Q
                         net (fo=1, routed)           2.966     2.686    o_vga_blue_OBUF[2]
    T12                  OBUF (Prop_obuf_I_O)         3.772     6.458 r  o_vga_blue_OBUF[2]_inst/O
                         net (fo=0)                   0.000     6.458    o_vga_blue[2]
    T12                                                               r  o_vga_blue[2] (OUT)
  -------------------------------------------------------------------    -------------------

                         (clock clk_pixel_vga_system_clk_wiz_0_1 rise edge)
                                                     39.724    39.724 r  
    K17                                               0.000    39.724 r  i_clk (IN)
                         net (fo=0)                   0.000    39.724    i_clk
    K17                  IBUF (Prop_ibuf_I_O)         1.421    41.145 r  i_clk_IBUF_inst/O
                         net (fo=2, routed)           1.162    42.307    periph_vga/u_system/vga_system_i/clk_wiz_0/inst/clk_in1
    MMCME2_ADV_X0Y1      MMCME2_ADV (Prop_mmcme2_adv_CLKIN1_CLKOUT0)
                                                     -7.105    35.202 r  periph_vga/u_system/vga_system_i/clk_wiz_0/inst/mmcm_adv_inst/CLKOUT0
                         clock pessimism              0.303    35.505    
                         clock uncertainty           -0.150    35.355    
                         output delay                -0.000    35.355    
  -------------------------------------------------------------------
                         required time                         35.355    
                         arrival time                          -6.458    
  -------------------------------------------------------------------
                         slack                                 28.897    

Slack (MET) :             29.015ns  (required time - arrival time)
  Source:                 periph_vga/hsync_module/_vga_red_reg[3]/C
                            (rising edge-triggered cell FDRE clocked by clk_pixel_vga_system_clk_wiz_0_1  {rise@0.000ns fall@19.862ns period=39.724ns})
  Destination:            o_vga_red[3]
                            (output port clocked by clk_pixel_vga_system_clk_wiz_0_1  {rise@0.000ns fall@19.862ns period=39.724ns})
  Path Group:             clk_pixel_vga_system_clk_wiz_0_1
  Path Type:              Max at Slow Process Corner
  Requirement:            39.724ns  (clk_pixel_vga_system_clk_wiz_0_1 rise@39.724ns - clk_pixel_vga_system_clk_wiz_0_1 rise@0.000ns)
  Data Path Delay:        7.038ns  (logic 4.068ns (57.804%)  route 2.970ns (42.196%))
  Logic Levels:           1  (OBUF=1)
  Output Delay:           0.000ns
  Clock Path Skew:        -3.521ns (DCD - SCD + CPR)
    Destination Clock Delay (DCD):    -4.522ns = ( 35.202 - 39.724 ) 
    Source Clock Delay      (SCD):    -0.698ns
    Clock Pessimism Removal (CPR):    0.303ns
  Clock Uncertainty:      0.150ns  ((TSJ^2 + DJ^2)^1/2) / 2 + PE
    Total System Jitter     (TSJ):    0.071ns
    Discrete Jitter          (DJ):    0.292ns
    Phase Error              (PE):    0.000ns

    Location             Delay type                Incr(ns)  Path(ns)    Netlist Resource(s)
  -------------------------------------------------------------------    -------------------
                         (clock clk_pixel_vga_system_clk_wiz_0_1 rise edge)
                                                      0.000     0.000 r  
    K17                                               0.000     0.000 r  i_clk (IN)
                         net (fo=0)                   0.000     0.000    i_clk
    K17                  IBUF (Prop_ibuf_I_O)         1.492     1.492 r  i_clk_IBUF_inst/O
                         net (fo=2, routed)           1.285     2.777    periph_vga/u_system/vga_system_i/clk_wiz_0/inst/clk_in1
    MMCME2_ADV_X0Y1      MMCME2_ADV (Prop_mmcme2_adv_CLKIN1_CLKOUT0)
                                                     -6.996    -4.219 r  periph_vga/u_system/vga_system_i/clk_wiz_0/inst/mmcm_adv_inst/CLKOUT0
                         net (fo=1, routed)           1.760    -2.459    periph_vga/u_system/vga_system_i/clk_wiz_0/inst/clk_pixel_vga_system_clk_wiz_0_1
    BUFGCTRL_X0Y30       BUFG (Prop_bufg_I_O)         0.101    -2.358 r  periph_vga/u_system/vga_system_i/clk_wiz_0/inst/clkout1_buf/O
                         net (fo=169, routed)         1.660    -0.698    periph_vga/hsync_module/CLK
    SLICE_X23Y30         FDRE                                         r  periph_vga/hsync_module/_vga_red_reg[3]/C
  -------------------------------------------------------------------    -------------------
    SLICE_X23Y30         FDRE (Prop_fdre_C_Q)         0.456    -0.242 r  periph_vga/hsync_module/_vga_red_reg[3]/Q
                         net (fo=1, routed)           2.970     2.727    o_vga_red_OBUF[3]
    T10                  OBUF (Prop_obuf_I_O)         3.612     6.340 r  o_vga_red_OBUF[3]_inst/O
                         net (fo=0)                   0.000     6.340    o_vga_red[3]
    T10                                                               r  o_vga_red[3] (OUT)
  -------------------------------------------------------------------    -------------------

                         (clock clk_pixel_vga_system_clk_wiz_0_1 rise edge)
                                                     39.724    39.724 r  
    K17                                               0.000    39.724 r  i_clk (IN)
                         net (fo=0)                   0.000    39.724    i_clk
    K17                  IBUF (Prop_ibuf_I_O)         1.421    41.145 r  i_clk_IBUF_inst/O
                         net (fo=2, routed)           1.162    42.307    periph_vga/u_system/vga_system_i/clk_wiz_0/inst/clk_in1
    MMCME2_ADV_X0Y1      MMCME2_ADV (Prop_mmcme2_adv_CLKIN1_CLKOUT0)
                                                     -7.105    35.202 r  periph_vga/u_system/vga_system_i/clk_wiz_0/inst/mmcm_adv_inst/CLKOUT0
                         clock pessimism              0.303    35.505    
                         clock uncertainty           -0.150    35.355    
                         output delay                -0.000    35.355    
  -------------------------------------------------------------------
                         required time                         35.355    
                         arrival time                          -6.340    
  -------------------------------------------------------------------
                         slack                                 29.015    

Slack (MET) :             29.044ns  (required time - arrival time)
  Source:                 periph_vga/hsync_module/_vga_blue_reg[3]/C
                            (rising edge-triggered cell FDRE clocked by clk_pixel_vga_system_clk_wiz_0_1  {rise@0.000ns fall@19.862ns period=39.724ns})
  Destination:            o_vga_blue[3]
                            (output port clocked by clk_pixel_vga_system_clk_wiz_0_1  {rise@0.000ns fall@19.862ns period=39.724ns})
  Path Group:             clk_pixel_vga_system_clk_wiz_0_1
  Path Type:              Max at Slow Process Corner
  Requirement:            39.724ns  (clk_pixel_vga_system_clk_wiz_0_1 rise@39.724ns - clk_pixel_vga_system_clk_wiz_0_1 rise@0.000ns)
  Data Path Delay:        7.010ns  (logic 4.062ns (57.944%)  route 2.948ns (42.056%))
  Logic Levels:           1  (OBUF=1)
  Output Delay:           0.000ns
  Clock Path Skew:        -3.520ns (DCD - SCD + CPR)
    Destination Clock Delay (DCD):    -4.522ns = ( 35.202 - 39.724 ) 
    Source Clock Delay      (SCD):    -0.699ns
    Clock Pessimism Removal (CPR):    0.303ns
  Clock Uncertainty:      0.150ns  ((TSJ^2 + DJ^2)^1/2) / 2 + PE
    Total System Jitter     (TSJ):    0.071ns
    Discrete Jitter          (DJ):    0.292ns
    Phase Error              (PE):    0.000ns

    Location             Delay type                Incr(ns)  Path(ns)    Netlist Resource(s)
  -------------------------------------------------------------------    -------------------
                         (clock clk_pixel_vga_system_clk_wiz_0_1 rise edge)
                                                      0.000     0.000 r  
    K17                                               0.000     0.000 r  i_clk (IN)
                         net (fo=0)                   0.000     0.000    i_clk
    K17                  IBUF (Prop_ibuf_I_O)         1.492     1.492 r  i_clk_IBUF_inst/O
                         net (fo=2, routed)           1.285     2.777    periph_vga/u_system/vga_system_i/clk_wiz_0/inst/clk_in1
    MMCME2_ADV_X0Y1      MMCME2_ADV (Prop_mmcme2_adv_CLKIN1_CLKOUT0)
                                                     -6.996    -4.219 r  periph_vga/u_system/vga_system_i/clk_wiz_0/inst/mmcm_adv_inst/CLKOUT0
                         net (fo=1, routed)           1.760    -2.459    periph_vga/u_system/vga_system_i/clk_wiz_0/inst/clk_pixel_vga_system_clk_wiz_0_1
    BUFGCTRL_X0Y30       BUFG (Prop_bufg_I_O)         0.101    -2.358 r  periph_vga/u_system/vga_system_i/clk_wiz_0/inst/clkout1_buf/O
                         net (fo=169, routed)         1.659    -0.699    periph_vga/hsync_module/CLK
    SLICE_X22Y29         FDRE                                         r  periph_vga/hsync_module/_vga_blue_reg[3]/C
  -------------------------------------------------------------------    -------------------
    SLICE_X22Y29         FDRE (Prop_fdre_C_Q)         0.456    -0.243 r  periph_vga/hsync_module/_vga_blue_reg[3]/Q
                         net (fo=1, routed)           2.948     2.705    o_vga_blue_OBUF[3]
    U12                  OBUF (Prop_obuf_I_O)         3.606     6.311 r  o_vga_blue_OBUF[3]_inst/O
                         net (fo=0)                   0.000     6.311    o_vga_blue[3]
    U12                                                               r  o_vga_blue[3] (OUT)
  -------------------------------------------------------------------    -------------------

                         (clock clk_pixel_vga_system_clk_wiz_0_1 rise edge)
                                                     39.724    39.724 r  
    K17                                               0.000    39.724 r  i_clk (IN)
                         net (fo=0)                   0.000    39.724    i_clk
    K17                  IBUF (Prop_ibuf_I_O)         1.421    41.145 r  i_clk_IBUF_inst/O
                         net (fo=2, routed)           1.162    42.307    periph_vga/u_system/vga_system_i/clk_wiz_0/inst/clk_in1
    MMCME2_ADV_X0Y1      MMCME2_ADV (Prop_mmcme2_adv_CLKIN1_CLKOUT0)
                                                     -7.105    35.202 r  periph_vga/u_system/vga_system_i/clk_wiz_0/inst/mmcm_adv_inst/CLKOUT0
                         clock pessimism              0.303    35.505    
                         clock uncertainty           -0.150    35.355    
                         output delay                -0.000    35.355    
  -------------------------------------------------------------------
                         required time                         35.355    
                         arrival time                          -6.311    
  -------------------------------------------------------------------
                         slack                                 29.044    

Slack (MET) :             29.124ns  (required time - arrival time)
  Source:                 periph_vga/hsync_module/_vga_green_reg[0]/C
                            (rising edge-triggered cell FDRE clocked by clk_pixel_vga_system_clk_wiz_0_1  {rise@0.000ns fall@19.862ns period=39.724ns})
  Destination:            o_vga_green[0]
                            (output port clocked by clk_pixel_vga_system_clk_wiz_0_1  {rise@0.000ns fall@19.862ns period=39.724ns})
  Path Group:             clk_pixel_vga_system_clk_wiz_0_1
  Path Type:              Max at Slow Process Corner
  Requirement:            39.724ns  (clk_pixel_vga_system_clk_wiz_0_1 rise@39.724ns - clk_pixel_vga_system_clk_wiz_0_1 rise@0.000ns)
  Data Path Delay:        6.930ns  (logic 4.154ns (59.946%)  route 2.776ns (40.054%))
  Logic Levels:           1  (OBUF=1)
  Output Delay:           0.000ns
  Clock Path Skew:        -3.520ns (DCD - SCD + CPR)
    Destination Clock Delay (DCD):    -4.522ns = ( 35.202 - 39.724 ) 
    Source Clock Delay      (SCD):    -0.699ns
    Clock Pessimism Removal (CPR):    0.303ns
  Clock Uncertainty:      0.150ns  ((TSJ^2 + DJ^2)^1/2) / 2 + PE
    Total System Jitter     (TSJ):    0.071ns
    Discrete Jitter          (DJ):    0.292ns
    Phase Error              (PE):    0.000ns

    Location             Delay type                Incr(ns)  Path(ns)    Netlist Resource(s)
  -------------------------------------------------------------------    -------------------
                         (clock clk_pixel_vga_system_clk_wiz_0_1 rise edge)
                                                      0.000     0.000 r  
    K17                                               0.000     0.000 r  i_clk (IN)
                         net (fo=0)                   0.000     0.000    i_clk
    K17                  IBUF (Prop_ibuf_I_O)         1.492     1.492 r  i_clk_IBUF_inst/O
                         net (fo=2, routed)           1.285     2.777    periph_vga/u_system/vga_system_i/clk_wiz_0/inst/clk_in1
    MMCME2_ADV_X0Y1      MMCME2_ADV (Prop_mmcme2_adv_CLKIN1_CLKOUT0)
                                                     -6.996    -4.219 r  periph_vga/u_system/vga_system_i/clk_wiz_0/inst/mmcm_adv_inst/CLKOUT0
                         net (fo=1, routed)           1.760    -2.459    periph_vga/u_system/vga_system_i/clk_wiz_0/inst/clk_pixel_vga_system_clk_wiz_0_1
    BUFGCTRL_X0Y30       BUFG (Prop_bufg_I_O)         0.101    -2.358 r  periph_vga/u_system/vga_system_i/clk_wiz_0/inst/clkout1_buf/O
                         net (fo=169, routed)         1.659    -0.699    periph_vga/hsync_module/CLK
    SLICE_X22Y29         FDRE                                         r  periph_vga/hsync_module/_vga_green_reg[0]/C
  -------------------------------------------------------------------    -------------------
    SLICE_X22Y29         FDRE (Prop_fdre_C_Q)         0.419    -0.280 r  periph_vga/hsync_module/_vga_green_reg[0]/Q
                         net (fo=1, routed)           2.776     2.495    o_vga_green_OBUF[0]
    T14                  OBUF (Prop_obuf_I_O)         3.735     6.231 r  o_vga_green_OBUF[0]_inst/O
                         net (fo=0)                   0.000     6.231    o_vga_green[0]
    T14                                                               r  o_vga_green[0] (OUT)
  -------------------------------------------------------------------    -------------------

                         (clock clk_pixel_vga_system_clk_wiz_0_1 rise edge)
                                                     39.724    39.724 r  
    K17                                               0.000    39.724 r  i_clk (IN)
                         net (fo=0)                   0.000    39.724    i_clk
    K17                  IBUF (Prop_ibuf_I_O)         1.421    41.145 r  i_clk_IBUF_inst/O
                         net (fo=2, routed)           1.162    42.307    periph_vga/u_system/vga_system_i/clk_wiz_0/inst/clk_in1
    MMCME2_ADV_X0Y1      MMCME2_ADV (Prop_mmcme2_adv_CLKIN1_CLKOUT0)
                                                     -7.105    35.202 r  periph_vga/u_system/vga_system_i/clk_wiz_0/inst/mmcm_adv_inst/CLKOUT0
                         clock pessimism              0.303    35.505    
                         clock uncertainty           -0.150    35.355    
                         output delay                -0.000    35.355    
  -------------------------------------------------------------------
                         required time                         35.355    
                         arrival time                          -6.231    
  -------------------------------------------------------------------
                         slack                                 29.124    

Slack (MET) :             29.275ns  (required time - arrival time)
  Source:                 periph_vga/hsync_module/_vga_green_reg[2]/C
                            (rising edge-triggered cell FDRE clocked by clk_pixel_vga_system_clk_wiz_0_1  {rise@0.000ns fall@19.862ns period=39.724ns})
  Destination:            o_vga_green[2]
                            (output port clocked by clk_pixel_vga_system_clk_wiz_0_1  {rise@0.000ns fall@19.862ns period=39.724ns})
  Path Group:             clk_pixel_vga_system_clk_wiz_0_1
  Path Type:              Max at Slow Process Corner
  Requirement:            39.724ns  (clk_pixel_vga_system_clk_wiz_0_1 rise@39.724ns - clk_pixel_vga_system_clk_wiz_0_1 rise@0.000ns)
  Data Path Delay:        6.779ns  (logic 4.166ns (61.460%)  route 2.612ns (38.540%))
  Logic Levels:           1  (OBUF=1)
  Output Delay:           0.000ns
  Clock Path Skew:        -3.520ns (DCD - SCD + CPR)
    Destination Clock Delay (DCD):    -4.522ns = ( 35.202 - 39.724 ) 
    Source Clock Delay      (SCD):    -0.699ns
    Clock Pessimism Removal (CPR):    0.303ns
  Clock Uncertainty:      0.150ns  ((TSJ^2 + DJ^2)^1/2) / 2 + PE
    Total System Jitter     (TSJ):    0.071ns
    Discrete Jitter          (DJ):    0.292ns
    Phase Error              (PE):    0.000ns

    Location             Delay type                Incr(ns)  Path(ns)    Netlist Resource(s)
  -------------------------------------------------------------------    -------------------
                         (clock clk_pixel_vga_system_clk_wiz_0_1 rise edge)
                                                      0.000     0.000 r  
    K17                                               0.000     0.000 r  i_clk (IN)
                         net (fo=0)                   0.000     0.000    i_clk
    K17                  IBUF (Prop_ibuf_I_O)         1.492     1.492 r  i_clk_IBUF_inst/O
                         net (fo=2, routed)           1.285     2.777    periph_vga/u_system/vga_system_i/clk_wiz_0/inst/clk_in1
    MMCME2_ADV_X0Y1      MMCME2_ADV (Prop_mmcme2_adv_CLKIN1_CLKOUT0)
                                                     -6.996    -4.219 r  periph_vga/u_system/vga_system_i/clk_wiz_0/inst/mmcm_adv_inst/CLKOUT0
                         net (fo=1, routed)           1.760    -2.459    periph_vga/u_system/vga_system_i/clk_wiz_0/inst/clk_pixel_vga_system_clk_wiz_0_1
    BUFGCTRL_X0Y30       BUFG (Prop_bufg_I_O)         0.101    -2.358 r  periph_vga/u_system/vga_system_i/clk_wiz_0/inst/clkout1_buf/O
                         net (fo=169, routed)         1.659    -0.699    periph_vga/hsync_module/CLK
    SLICE_X22Y29         FDRE                                         r  periph_vga/hsync_module/_vga_green_reg[2]/C
  -------------------------------------------------------------------    -------------------
    SLICE_X22Y29         FDRE (Prop_fdre_C_Q)         0.419    -0.280 r  periph_vga/hsync_module/_vga_green_reg[2]/Q
                         net (fo=1, routed)           2.612     2.332    o_vga_green_OBUF[2]
    P14                  OBUF (Prop_obuf_I_O)         3.747     6.079 r  o_vga_green_OBUF[2]_inst/O
                         net (fo=0)                   0.000     6.079    o_vga_green[2]
    P14                                                               r  o_vga_green[2] (OUT)
  -------------------------------------------------------------------    -------------------

                         (clock clk_pixel_vga_system_clk_wiz_0_1 rise edge)
                                                     39.724    39.724 r  
    K17                                               0.000    39.724 r  i_clk (IN)
                         net (fo=0)                   0.000    39.724    i_clk
    K17                  IBUF (Prop_ibuf_I_O)         1.421    41.145 r  i_clk_IBUF_inst/O
                         net (fo=2, routed)           1.162    42.307    periph_vga/u_system/vga_system_i/clk_wiz_0/inst/clk_in1
    MMCME2_ADV_X0Y1      MMCME2_ADV (Prop_mmcme2_adv_CLKIN1_CLKOUT0)
                                                     -7.105    35.202 r  periph_vga/u_system/vga_system_i/clk_wiz_0/inst/mmcm_adv_inst/CLKOUT0
                         clock pessimism              0.303    35.505    
                         clock uncertainty           -0.150    35.355    
                         output delay                -0.000    35.355    
  -------------------------------------------------------------------
                         required time                         35.355    
                         arrival time                          -6.079    
  -------------------------------------------------------------------
                         slack                                 29.275    

Slack (MET) :             29.299ns  (required time - arrival time)
  Source:                 periph_vga/hsync_module/_vga_green_reg[3]/C
                            (rising edge-triggered cell FDRE clocked by clk_pixel_vga_system_clk_wiz_0_1  {rise@0.000ns fall@19.862ns period=39.724ns})
  Destination:            o_vga_green[3]
                            (output port clocked by clk_pixel_vga_system_clk_wiz_0_1  {rise@0.000ns fall@19.862ns period=39.724ns})
  Path Group:             clk_pixel_vga_system_clk_wiz_0_1
  Path Type:              Max at Slow Process Corner
  Requirement:            39.724ns  (clk_pixel_vga_system_clk_wiz_0_1 rise@39.724ns - clk_pixel_vga_system_clk_wiz_0_1 rise@0.000ns)
  Data Path Delay:        6.755ns  (logic 4.023ns (59.555%)  route 2.732ns (40.445%))
  Logic Levels:           1  (OBUF=1)
  Output Delay:           0.000ns
  Clock Path Skew:        -3.519ns (DCD - SCD + CPR)
    Destination Clock Delay (DCD):    -4.522ns = ( 35.202 - 39.724 ) 
    Source Clock Delay      (SCD):    -0.700ns
    Clock Pessimism Removal (CPR):    0.303ns
  Clock Uncertainty:      0.150ns  ((TSJ^2 + DJ^2)^1/2) / 2 + PE
    Total System Jitter     (TSJ):    0.071ns
    Discrete Jitter          (DJ):    0.292ns
    Phase Error              (PE):    0.000ns

    Location             Delay type                Incr(ns)  Path(ns)    Netlist Resource(s)
  -------------------------------------------------------------------    -------------------
                         (clock clk_pixel_vga_system_clk_wiz_0_1 rise edge)
                                                      0.000     0.000 r  
    K17                                               0.000     0.000 r  i_clk (IN)
                         net (fo=0)                   0.000     0.000    i_clk
    K17                  IBUF (Prop_ibuf_I_O)         1.492     1.492 r  i_clk_IBUF_inst/O
                         net (fo=2, routed)           1.285     2.777    periph_vga/u_system/vga_system_i/clk_wiz_0/inst/clk_in1
    MMCME2_ADV_X0Y1      MMCME2_ADV (Prop_mmcme2_adv_CLKIN1_CLKOUT0)
                                                     -6.996    -4.219 r  periph_vga/u_system/vga_system_i/clk_wiz_0/inst/mmcm_adv_inst/CLKOUT0
                         net (fo=1, routed)           1.760    -2.459    periph_vga/u_system/vga_system_i/clk_wiz_0/inst/clk_pixel_vga_system_clk_wiz_0_1
    BUFGCTRL_X0Y30       BUFG (Prop_bufg_I_O)         0.101    -2.358 r  periph_vga/u_system/vga_system_i/clk_wiz_0/inst/clkout1_buf/O
                         net (fo=169, routed)         1.658    -0.700    periph_vga/hsync_module/CLK
    SLICE_X22Y28         FDRE                                         r  periph_vga/hsync_module/_vga_green_reg[3]/C
  -------------------------------------------------------------------    -------------------
    SLICE_X22Y28         FDRE (Prop_fdre_C_Q)         0.456    -0.244 r  periph_vga/hsync_module/_vga_green_reg[3]/Q
                         net (fo=1, routed)           2.732     2.488    o_vga_green_OBUF[3]
    R14                  OBUF (Prop_obuf_I_O)         3.567     6.055 r  o_vga_green_OBUF[3]_inst/O
                         net (fo=0)                   0.000     6.055    o_vga_green[3]
    R14                                                               r  o_vga_green[3] (OUT)
  -------------------------------------------------------------------    -------------------

                         (clock clk_pixel_vga_system_clk_wiz_0_1 rise edge)
                                                     39.724    39.724 r  
    K17                                               0.000    39.724 r  i_clk (IN)
                         net (fo=0)                   0.000    39.724    i_clk
    K17                  IBUF (Prop_ibuf_I_O)         1.421    41.145 r  i_clk_IBUF_inst/O
                         net (fo=2, routed)           1.162    42.307    periph_vga/u_system/vga_system_i/clk_wiz_0/inst/clk_in1
    MMCME2_ADV_X0Y1      MMCME2_ADV (Prop_mmcme2_adv_CLKIN1_CLKOUT0)
                                                     -7.105    35.202 r  periph_vga/u_system/vga_system_i/clk_wiz_0/inst/mmcm_adv_inst/CLKOUT0
                         clock pessimism              0.303    35.505    
                         clock uncertainty           -0.150    35.355    
                         output delay                -0.000    35.355    
  -------------------------------------------------------------------
                         required time                         35.355    
                         arrival time                          -6.055    
  -------------------------------------------------------------------
                         slack                                 29.299    

Slack (MET) :             29.332ns  (required time - arrival time)
  Source:                 periph_vga/hsync_module/_vga_red_reg[0]/C
                            (rising edge-triggered cell FDRE clocked by clk_pixel_vga_system_clk_wiz_0_1  {rise@0.000ns fall@19.862ns period=39.724ns})
  Destination:            o_vga_red[0]
                            (output port clocked by clk_pixel_vga_system_clk_wiz_0_1  {rise@0.000ns fall@19.862ns period=39.724ns})
  Path Group:             clk_pixel_vga_system_clk_wiz_0_1
  Path Type:              Max at Slow Process Corner
  Requirement:            39.724ns  (clk_pixel_vga_system_clk_wiz_0_1 rise@39.724ns - clk_pixel_vga_system_clk_wiz_0_1 rise@0.000ns)
  Data Path Delay:        6.723ns  (logic 4.218ns (62.735%)  route 2.505ns (37.265%))
  Logic Levels:           1  (OBUF=1)
  Output Delay:           0.000ns
  Clock Path Skew:        -3.519ns (DCD - SCD + CPR)
    Destination Clock Delay (DCD):    -4.522ns = ( 35.202 - 39.724 ) 
    Source Clock Delay      (SCD):    -0.700ns
    Clock Pessimism Removal (CPR):    0.303ns
  Clock Uncertainty:      0.150ns  ((TSJ^2 + DJ^2)^1/2) / 2 + PE
    Total System Jitter     (TSJ):    0.071ns
    Discrete Jitter          (DJ):    0.292ns
    Phase Error              (PE):    0.000ns

    Location             Delay type                Incr(ns)  Path(ns)    Netlist Resource(s)
  -------------------------------------------------------------------    -------------------
                         (clock clk_pixel_vga_system_clk_wiz_0_1 rise edge)
                                                      0.000     0.000 r  
    K17                                               0.000     0.000 r  i_clk (IN)
                         net (fo=0)                   0.000     0.000    i_clk
    K17                  IBUF (Prop_ibuf_I_O)         1.492     1.492 r  i_clk_IBUF_inst/O
                         net (fo=2, routed)           1.285     2.777    periph_vga/u_system/vga_system_i/clk_wiz_0/inst/clk_in1
    MMCME2_ADV_X0Y1      MMCME2_ADV (Prop_mmcme2_adv_CLKIN1_CLKOUT0)
                                                     -6.996    -4.219 r  periph_vga/u_system/vga_system_i/clk_wiz_0/inst/mmcm_adv_inst/CLKOUT0
                         net (fo=1, routed)           1.760    -2.459    periph_vga/u_system/vga_system_i/clk_wiz_0/inst/clk_pixel_vga_system_clk_wiz_0_1
    BUFGCTRL_X0Y30       BUFG (Prop_bufg_I_O)         0.101    -2.358 r  periph_vga/u_system/vga_system_i/clk_wiz_0/inst/clkout1_buf/O
                         net (fo=169, routed)         1.658    -0.700    periph_vga/hsync_module/CLK
    SLICE_X22Y28         FDRE                                         r  periph_vga/hsync_module/_vga_red_reg[0]/C
  -------------------------------------------------------------------    -------------------
    SLICE_X22Y28         FDRE (Prop_fdre_C_Q)         0.419    -0.281 r  periph_vga/hsync_module/_vga_red_reg[0]/Q
                         net (fo=1, routed)           2.505     2.224    o_vga_red_OBUF[0]
    V15                  OBUF (Prop_obuf_I_O)         3.799     6.023 r  o_vga_red_OBUF[0]_inst/O
                         net (fo=0)                   0.000     6.023    o_vga_red[0]
    V15                                                               r  o_vga_red[0] (OUT)
  -------------------------------------------------------------------    -------------------

                         (clock clk_pixel_vga_system_clk_wiz_0_1 rise edge)
                                                     39.724    39.724 r  
    K17                                               0.000    39.724 r  i_clk (IN)
                         net (fo=0)                   0.000    39.724    i_clk
    K17                  IBUF (Prop_ibuf_I_O)         1.421    41.145 r  i_clk_IBUF_inst/O
                         net (fo=2, routed)           1.162    42.307    periph_vga/u_system/vga_system_i/clk_wiz_0/inst/clk_in1
    MMCME2_ADV_X0Y1      MMCME2_ADV (Prop_mmcme2_adv_CLKIN1_CLKOUT0)
                                                     -7.105    35.202 r  periph_vga/u_system/vga_system_i/clk_wiz_0/inst/mmcm_adv_inst/CLKOUT0
                         clock pessimism              0.303    35.505    
                         clock uncertainty           -0.150    35.355    
                         output delay                -0.000    35.355    
  -------------------------------------------------------------------
                         required time                         35.355    
                         arrival time                          -6.023    
  -------------------------------------------------------------------
                         slack                                 29.332    

Slack (MET) :             29.383ns  (required time - arrival time)
  Source:                 periph_vga/hsync_module/_vga_blue_reg[0]/C
                            (rising edge-triggered cell FDRE clocked by clk_pixel_vga_system_clk_wiz_0_1  {rise@0.000ns fall@19.862ns period=39.724ns})
  Destination:            o_vga_blue[0]
                            (output port clocked by clk_pixel_vga_system_clk_wiz_0_1  {rise@0.000ns fall@19.862ns period=39.724ns})
  Path Group:             clk_pixel_vga_system_clk_wiz_0_1
  Path Type:              Max at Slow Process Corner
  Requirement:            39.724ns  (clk_pixel_vga_system_clk_wiz_0_1 rise@39.724ns - clk_pixel_vga_system_clk_wiz_0_1 rise@0.000ns)
  Data Path Delay:        6.671ns  (logic 4.094ns (61.369%)  route 2.577ns (38.631%))
  Logic Levels:           1  (OBUF=1)
  Output Delay:           0.000ns
  Clock Path Skew:        -3.520ns (DCD - SCD + CPR)
    Destination Clock Delay (DCD):    -4.522ns = ( 35.202 - 39.724 ) 
    Source Clock Delay      (SCD):    -0.699ns
    Clock Pessimism Removal (CPR):    0.303ns
  Clock Uncertainty:      0.150ns  ((TSJ^2 + DJ^2)^1/2) / 2 + PE
    Total System Jitter     (TSJ):    0.071ns
    Discrete Jitter          (DJ):    0.292ns
    Phase Error              (PE):    0.000ns

    Location             Delay type                Incr(ns)  Path(ns)    Netlist Resource(s)
  -------------------------------------------------------------------    -------------------
                         (clock clk_pixel_vga_system_clk_wiz_0_1 rise edge)
                                                      0.000     0.000 r  
    K17                                               0.000     0.000 r  i_clk (IN)
                         net (fo=0)                   0.000     0.000    i_clk
    K17                  IBUF (Prop_ibuf_I_O)         1.492     1.492 r  i_clk_IBUF_inst/O
                         net (fo=2, routed)           1.285     2.777    periph_vga/u_system/vga_system_i/clk_wiz_0/inst/clk_in1
    MMCME2_ADV_X0Y1      MMCME2_ADV (Prop_mmcme2_adv_CLKIN1_CLKOUT0)
                                                     -6.996    -4.219 r  periph_vga/u_system/vga_system_i/clk_wiz_0/inst/mmcm_adv_inst/CLKOUT0
                         net (fo=1, routed)           1.760    -2.459    periph_vga/u_system/vga_system_i/clk_wiz_0/inst/clk_pixel_vga_system_clk_wiz_0_1
    BUFGCTRL_X0Y30       BUFG (Prop_bufg_I_O)         0.101    -2.358 r  periph_vga/u_system/vga_system_i/clk_wiz_0/inst/clkout1_buf/O
                         net (fo=169, routed)         1.659    -0.699    periph_vga/hsync_module/CLK
    SLICE_X22Y29         FDRE                                         r  periph_vga/hsync_module/_vga_blue_reg[0]/C
  -------------------------------------------------------------------    -------------------
    SLICE_X22Y29         FDRE (Prop_fdre_C_Q)         0.456    -0.243 r  periph_vga/hsync_module/_vga_blue_reg[0]/Q
                         net (fo=1, routed)           2.577     2.334    o_vga_blue_OBUF[0]
    W14                  OBUF (Prop_obuf_I_O)         3.638     5.971 r  o_vga_blue_OBUF[0]_inst/O
                         net (fo=0)                   0.000     5.971    o_vga_blue[0]
    W14                                                               r  o_vga_blue[0] (OUT)
  -------------------------------------------------------------------    -------------------

                         (clock clk_pixel_vga_system_clk_wiz_0_1 rise edge)
                                                     39.724    39.724 r  
    K17                                               0.000    39.724 r  i_clk (IN)
                         net (fo=0)                   0.000    39.724    i_clk
    K17                  IBUF (Prop_ibuf_I_O)         1.421    41.145 r  i_clk_IBUF_inst/O
                         net (fo=2, routed)           1.162    42.307    periph_vga/u_system/vga_system_i/clk_wiz_0/inst/clk_in1
    MMCME2_ADV_X0Y1      MMCME2_ADV (Prop_mmcme2_adv_CLKIN1_CLKOUT0)
                                                     -7.105    35.202 r  periph_vga/u_system/vga_system_i/clk_wiz_0/inst/mmcm_adv_inst/CLKOUT0
                         clock pessimism              0.303    35.505    
                         clock uncertainty           -0.150    35.355    
                         output delay                -0.000    35.355    
  -------------------------------------------------------------------
                         required time                         35.355    
                         arrival time                          -5.971    
  -------------------------------------------------------------------
                         slack                                 29.383    

Slack (MET) :             29.494ns  (required time - arrival time)
  Source:                 periph_vga/hsync_module/_vga_green_reg[1]/C
                            (rising edge-triggered cell FDRE clocked by clk_pixel_vga_system_clk_wiz_0_1  {rise@0.000ns fall@19.862ns period=39.724ns})
  Destination:            o_vga_green[1]
                            (output port clocked by clk_pixel_vga_system_clk_wiz_0_1  {rise@0.000ns fall@19.862ns period=39.724ns})
  Path Group:             clk_pixel_vga_system_clk_wiz_0_1
  Path Type:              Max at Slow Process Corner
  Requirement:            39.724ns  (clk_pixel_vga_system_clk_wiz_0_1 rise@39.724ns - clk_pixel_vga_system_clk_wiz_0_1 rise@0.000ns)
  Data Path Delay:        6.559ns  (logic 4.022ns (61.318%)  route 2.537ns (38.682%))
  Logic Levels:           1  (OBUF=1)
  Output Delay:           0.000ns
  Clock Path Skew:        -3.520ns (DCD - SCD + CPR)
    Destination Clock Delay (DCD):    -4.522ns = ( 35.202 - 39.724 ) 
    Source Clock Delay      (SCD):    -0.699ns
    Clock Pessimism Removal (CPR):    0.303ns
  Clock Uncertainty:      0.150ns  ((TSJ^2 + DJ^2)^1/2) / 2 + PE
    Total System Jitter     (TSJ):    0.071ns
    Discrete Jitter          (DJ):    0.292ns
    Phase Error              (PE):    0.000ns

    Location             Delay type                Incr(ns)  Path(ns)    Netlist Resource(s)
  -------------------------------------------------------------------    -------------------
                         (clock clk_pixel_vga_system_clk_wiz_0_1 rise edge)
                                                      0.000     0.000 r  
    K17                                               0.000     0.000 r  i_clk (IN)
                         net (fo=0)                   0.000     0.000    i_clk
    K17                  IBUF (Prop_ibuf_I_O)         1.492     1.492 r  i_clk_IBUF_inst/O
                         net (fo=2, routed)           1.285     2.777    periph_vga/u_system/vga_system_i/clk_wiz_0/inst/clk_in1
    MMCME2_ADV_X0Y1      MMCME2_ADV (Prop_mmcme2_adv_CLKIN1_CLKOUT0)
                                                     -6.996    -4.219 r  periph_vga/u_system/vga_system_i/clk_wiz_0/inst/mmcm_adv_inst/CLKOUT0
                         net (fo=1, routed)           1.760    -2.459    periph_vga/u_system/vga_system_i/clk_wiz_0/inst/clk_pixel_vga_system_clk_wiz_0_1
    BUFGCTRL_X0Y30       BUFG (Prop_bufg_I_O)         0.101    -2.358 r  periph_vga/u_system/vga_system_i/clk_wiz_0/inst/clkout1_buf/O
                         net (fo=169, routed)         1.659    -0.699    periph_vga/hsync_module/CLK
    SLICE_X22Y29         FDRE                                         r  periph_vga/hsync_module/_vga_green_reg[1]/C
  -------------------------------------------------------------------    -------------------
    SLICE_X22Y29         FDRE (Prop_fdre_C_Q)         0.456    -0.243 r  periph_vga/hsync_module/_vga_green_reg[1]/Q
                         net (fo=1, routed)           2.537     2.294    o_vga_green_OBUF[1]
    T15                  OBUF (Prop_obuf_I_O)         3.566     5.860 r  o_vga_green_OBUF[1]_inst/O
                         net (fo=0)                   0.000     5.860    o_vga_green[1]
    T15                                                               r  o_vga_green[1] (OUT)
  -------------------------------------------------------------------    -------------------

                         (clock clk_pixel_vga_system_clk_wiz_0_1 rise edge)
                                                     39.724    39.724 r  
    K17                                               0.000    39.724 r  i_clk (IN)
                         net (fo=0)                   0.000    39.724    i_clk
    K17                  IBUF (Prop_ibuf_I_O)         1.421    41.145 r  i_clk_IBUF_inst/O
                         net (fo=2, routed)           1.162    42.307    periph_vga/u_system/vga_system_i/clk_wiz_0/inst/clk_in1
    MMCME2_ADV_X0Y1      MMCME2_ADV (Prop_mmcme2_adv_CLKIN1_CLKOUT0)
                                                     -7.105    35.202 r  periph_vga/u_system/vga_system_i/clk_wiz_0/inst/mmcm_adv_inst/CLKOUT0
                         clock pessimism              0.303    35.505    
                         clock uncertainty           -0.150    35.355    
                         output delay                -0.000    35.355    
  -------------------------------------------------------------------
                         required time                         35.355    
                         arrival time                          -5.860    
  -------------------------------------------------------------------
                         slack                                 29.494    





Min Delay Paths
--------------------------------------------------------------------------------------
Slack (MET) :             0.104ns  (arrival time - required time)
  Source:                 periph_vga/u_system/vga_system_i/axi_vdma_0/U0/GEN_SPRT_FOR_MM2S.MM2S_LINEBUFFER_I/GEN_LINEBUF_NO_SOF.GEN_LINEBUFFER.I_MSTR_SKID/sig_last_skid_reg_reg/C
                            (rising edge-triggered cell FDRE clocked by clk_pixel_vga_system_clk_wiz_0_1  {rise@0.000ns fall@19.862ns period=39.724ns})
  Destination:            periph_vga/u_system/vga_system_i/axi_vdma_0/U0/GEN_SPRT_FOR_MM2S.MM2S_LINEBUFFER_I/GEN_LINEBUF_NO_SOF.GEN_LINEBUFFER.I_MSTR_SKID/sig_last_reg_out_reg/D
                            (rising edge-triggered cell FDRE clocked by clk_pixel_vga_system_clk_wiz_0_1  {rise@0.000ns fall@19.862ns period=39.724ns})
  Path Group:             clk_pixel_vga_system_clk_wiz_0_1
  Path Type:              Hold (Min at Fast Process Corner)
  Requirement:            0.000ns  (clk_pixel_vga_system_clk_wiz_0_1 rise@0.000ns - clk_pixel_vga_system_clk_wiz_0_1 rise@0.000ns)
  Data Path Delay:        0.238ns  (logic 0.186ns (78.117%)  route 0.052ns (21.883%))
  Logic Levels:           1  (LUT3=1)
  Clock Path Skew:        0.013ns (DCD - SCD - CPR)
    Destination Clock Delay (DCD):    -0.740ns
    Source Clock Delay      (SCD):    -0.502ns
    Clock Pessimism Removal (CPR):    -0.250ns

    Location             Delay type                Incr(ns)  Path(ns)    Netlist Resource(s)
  -------------------------------------------------------------------    -------------------
                         (clock clk_pixel_vga_system_clk_wiz_0_1 rise edge)
                                                      0.000     0.000 r  
    K17                                               0.000     0.000 r  i_clk (IN)
                         net (fo=0)                   0.000     0.000    i_clk
    K17                  IBUF (Prop_ibuf_I_O)         0.259     0.259 r  i_clk_IBUF_inst/O
                         net (fo=2, routed)           0.440     0.700    periph_vga/u_system/vga_system_i/clk_wiz_0/inst/clk_in1
    MMCME2_ADV_X0Y1      MMCME2_ADV (Prop_mmcme2_adv_CLKIN1_CLKOUT0)
                                                     -2.268    -1.568 r  periph_vga/u_system/vga_system_i/clk_wiz_0/inst/mmcm_adv_inst/CLKOUT0
                         net (fo=1, routed)           0.482    -1.086    periph_vga/u_system/vga_system_i/clk_wiz_0/inst/clk_pixel_vga_system_clk_wiz_0_1
    BUFGCTRL_X0Y30       BUFG (Prop_bufg_I_O)         0.026    -1.060 r  periph_vga/u_system/vga_system_i/clk_wiz_0/inst/clkout1_buf/O
                         net (fo=169, routed)         0.558    -0.502    periph_vga/u_system/vga_system_i/axi_vdma_0/U0/GEN_SPRT_FOR_MM2S.MM2S_LINEBUFFER_I/GEN_LINEBUF_NO_SOF.GEN_LINEBUFFER.I_MSTR_SKID/m_axis_mm2s_aclk
    SLICE_X11Y22         FDRE                                         r  periph_vga/u_system/vga_system_i/axi_vdma_0/U0/GEN_SPRT_FOR_MM2S.MM2S_LINEBUFFER_I/GEN_LINEBUF_NO_SOF.GEN_LINEBUFFER.I_MSTR_SKID/sig_last_skid_reg_reg/C
  -------------------------------------------------------------------    -------------------
    SLICE_X11Y22         FDRE (Prop_fdre_C_Q)         0.141    -0.361 r  periph_vga/u_system/vga_system_i/axi_vdma_0/U0/GEN_SPRT_FOR_MM2S.MM2S_LINEBUFFER_I/GEN_LINEBUF_NO_SOF.GEN_LINEBUFFER.I_MSTR_SKID/sig_last_skid_reg_reg/Q
                         net (fo=1, routed)           0.052    -0.309    periph_vga/u_system/vga_system_i/axi_vdma_0/U0/GEN_SPRT_FOR_MM2S.MM2S_LINEBUFFER_I/GEN_LINEBUF_NO_SOF.GEN_LINEBUFFER.I_MSTR_SKID/sig_last_skid_reg
    SLICE_X10Y22         LUT3 (Prop_lut3_I2_O)        0.045    -0.264 r  periph_vga/u_system/vga_system_i/axi_vdma_0/U0/GEN_SPRT_FOR_MM2S.MM2S_LINEBUFFER_I/GEN_LINEBUF_NO_SOF.GEN_LINEBUFFER.I_MSTR_SKID/sig_last_reg_out_i_1/O
                         net (fo=1, routed)           0.000    -0.264    periph_vga/u_system/vga_system_i/axi_vdma_0/U0/GEN_SPRT_FOR_MM2S.MM2S_LINEBUFFER_I/GEN_LINEBUF_NO_SOF.GEN_LINEBUFFER.I_MSTR_SKID/sig_last_skid_mux_out
    SLICE_X10Y22         FDRE                                         r  periph_vga/u_system/vga_system_i/axi_vdma_0/U0/GEN_SPRT_FOR_MM2S.MM2S_LINEBUFFER_I/GEN_LINEBUF_NO_SOF.GEN_LINEBUFFER.I_MSTR_SKID/sig_last_reg_out_reg/D
  -------------------------------------------------------------------    -------------------

                         (clock clk_pixel_vga_system_clk_wiz_0_1 rise edge)
                                                      0.000     0.000 r  
    K17                                               0.000     0.000 r  i_clk (IN)
                         net (fo=0)                   0.000     0.000    i_clk
    K17                  IBUF (Prop_ibuf_I_O)         0.447     0.447 r  i_clk_IBUF_inst/O
                         net (fo=2, routed)           0.480     0.927    periph_vga/u_system/vga_system_i/clk_wiz_0/inst/clk_in1
    MMCME2_ADV_X0Y1      MMCME2_ADV (Prop_mmcme2_adv_CLKIN1_CLKOUT0)
                                                     -3.047    -2.120 r  periph_vga/u_system/vga_system_i/clk_wiz_0/inst/mmcm_adv_inst/CLKOUT0
                         net (fo=1, routed)           0.528    -1.592    periph_vga/u_system/vga_system_i/clk_wiz_0/inst/clk_pixel_vga_system_clk_wiz_0_1
    BUFGCTRL_X0Y30       BUFG (Prop_bufg_I_O)         0.029    -1.563 r  periph_vga/u_system/vga_system_i/clk_wiz_0/inst/clkout1_buf/O
                         net (fo=169, routed)         0.823    -0.740    periph_vga/u_system/vga_system_i/axi_vdma_0/U0/GEN_SPRT_FOR_MM2S.MM2S_LINEBUFFER_I/GEN_LINEBUF_NO_SOF.GEN_LINEBUFFER.I_MSTR_SKID/m_axis_mm2s_aclk
    SLICE_X10Y22         FDRE                                         r  periph_vga/u_system/vga_system_i/axi_vdma_0/U0/GEN_SPRT_FOR_MM2S.MM2S_LINEBUFFER_I/GEN_LINEBUF_NO_SOF.GEN_LINEBUFFER.I_MSTR_SKID/sig_last_reg_out_reg/C
                         clock pessimism              0.250    -0.489    
    SLICE_X10Y22         FDRE (Hold_fdre_C_D)         0.121    -0.368    periph_vga/u_system/vga_system_i/axi_vdma_0/U0/GEN_SPRT_FOR_MM2S.MM2S_LINEBUFFER_I/GEN_LINEBUF_NO_SOF.GEN_LINEBUFFER.I_MSTR_SKID/sig_last_reg_out_reg
  -------------------------------------------------------------------
                         required time                          0.368    
                         arrival time                          -0.264    
  -------------------------------------------------------------------
                         slack                                  0.104    

Slack (MET) :             0.119ns  (arrival time - required time)
  Source:                 periph_vga/u_system/vga_system_i/axi_vdma_0/U0/GEN_SPRT_FOR_MM2S.MM2S_LINEBUFFER_I/GEN_LINEBUF_NO_SOF.GEN_FOR_ASYNC.crnt_vsize_cdc_tig_reg[9]/C
                            (rising edge-triggered cell FDRE clocked by clk_pixel_vga_system_clk_wiz_0_1  {rise@0.000ns fall@19.862ns period=39.724ns})
  Destination:            periph_vga/u_system/vga_system_i/axi_vdma_0/U0/GEN_SPRT_FOR_MM2S.MM2S_LINEBUFFER_I/GEN_LINEBUF_NO_SOF.GEN_FOR_ASYNC.crnt_vsize_d1_reg[9]/D
                            (rising edge-triggered cell FDRE clocked by clk_pixel_vga_system_clk_wiz_0_1  {rise@0.000ns fall@19.862ns period=39.724ns})
  Path Group:             clk_pixel_vga_system_clk_wiz_0_1
  Path Type:              Hold (Min at Fast Process Corner)
  Requirement:            0.000ns  (clk_pixel_vga_system_clk_wiz_0_1 rise@0.000ns - clk_pixel_vga_system_clk_wiz_0_1 rise@0.000ns)
  Data Path Delay:        0.197ns  (logic 0.141ns (71.611%)  route 0.056ns (28.389%))
  Logic Levels:           0  
  Clock Path Skew:        0.000ns (DCD - SCD - CPR)
    Destination Clock Delay (DCD):    -0.738ns
    Source Clock Delay      (SCD):    -0.501ns
    Clock Pessimism Removal (CPR):    -0.236ns

    Location             Delay type                Incr(ns)  Path(ns)    Netlist Resource(s)
  -------------------------------------------------------------------    -------------------
                         (clock clk_pixel_vga_system_clk_wiz_0_1 rise edge)
                                                      0.000     0.000 r  
    K17                                               0.000     0.000 r  i_clk (IN)
                         net (fo=0)                   0.000     0.000    i_clk
    K17                  IBUF (Prop_ibuf_I_O)         0.259     0.259 r  i_clk_IBUF_inst/O
                         net (fo=2, routed)           0.440     0.700    periph_vga/u_system/vga_system_i/clk_wiz_0/inst/clk_in1
    MMCME2_ADV_X0Y1      MMCME2_ADV (Prop_mmcme2_adv_CLKIN1_CLKOUT0)
                                                     -2.268    -1.568 r  periph_vga/u_system/vga_system_i/clk_wiz_0/inst/mmcm_adv_inst/CLKOUT0
                         net (fo=1, routed)           0.482    -1.086    periph_vga/u_system/vga_system_i/clk_wiz_0/inst/clk_pixel_vga_system_clk_wiz_0_1
    BUFGCTRL_X0Y30       BUFG (Prop_bufg_I_O)         0.026    -1.060 r  periph_vga/u_system/vga_system_i/clk_wiz_0/inst/clkout1_buf/O
                         net (fo=169, routed)         0.559    -0.501    periph_vga/u_system/vga_system_i/axi_vdma_0/U0/GEN_SPRT_FOR_MM2S.MM2S_LINEBUFFER_I/m_axis_mm2s_aclk
    SLICE_X7Y29          FDRE                                         r  periph_vga/u_system/vga_system_i/axi_vdma_0/U0/GEN_SPRT_FOR_MM2S.MM2S_LINEBUFFER_I/GEN_LINEBUF_NO_SOF.GEN_FOR_ASYNC.crnt_vsize_cdc_tig_reg[9]/C
  -------------------------------------------------------------------    -------------------
    SLICE_X7Y29          FDRE (Prop_fdre_C_Q)         0.141    -0.360 r  periph_vga/u_system/vga_system_i/axi_vdma_0/U0/GEN_SPRT_FOR_MM2S.MM2S_LINEBUFFER_I/GEN_LINEBUF_NO_SOF.GEN_FOR_ASYNC.crnt_vsize_cdc_tig_reg[9]/Q
                         net (fo=1, routed)           0.056    -0.305    periph_vga/u_system/vga_system_i/axi_vdma_0/U0/GEN_SPRT_FOR_MM2S.MM2S_LINEBUFFER_I/crnt_vsize_cdc_tig[9]
    SLICE_X7Y29          FDRE                                         r  periph_vga/u_system/vga_system_i/axi_vdma_0/U0/GEN_SPRT_FOR_MM2S.MM2S_LINEBUFFER_I/GEN_LINEBUF_NO_SOF.GEN_FOR_ASYNC.crnt_vsize_d1_reg[9]/D
  -------------------------------------------------------------------    -------------------

                         (clock clk_pixel_vga_system_clk_wiz_0_1 rise edge)
                                                      0.000     0.000 r  
    K17                                               0.000     0.000 r  i_clk (IN)
                         net (fo=0)                   0.000     0.000    i_clk
    K17                  IBUF (Prop_ibuf_I_O)         0.447     0.447 r  i_clk_IBUF_inst/O
                         net (fo=2, routed)           0.480     0.927    periph_vga/u_system/vga_system_i/clk_wiz_0/inst/clk_in1
    MMCME2_ADV_X0Y1      MMCME2_ADV (Prop_mmcme2_adv_CLKIN1_CLKOUT0)
                                                     -3.047    -2.120 r  periph_vga/u_system/vga_system_i/clk_wiz_0/inst/mmcm_adv_inst/CLKOUT0
                         net (fo=1, routed)           0.528    -1.592    periph_vga/u_system/vga_system_i/clk_wiz_0/inst/clk_pixel_vga_system_clk_wiz_0_1
    BUFGCTRL_X0Y30       BUFG (Prop_bufg_I_O)         0.029    -1.563 r  periph_vga/u_system/vga_system_i/clk_wiz_0/inst/clkout1_buf/O
                         net (fo=169, routed)         0.825    -0.738    periph_vga/u_system/vga_system_i/axi_vdma_0/U0/GEN_SPRT_FOR_MM2S.MM2S_LINEBUFFER_I/m_axis_mm2s_aclk
    SLICE_X7Y29          FDRE                                         r  periph_vga/u_system/vga_system_i/axi_vdma_0/U0/GEN_SPRT_FOR_MM2S.MM2S_LINEBUFFER_I/GEN_LINEBUF_NO_SOF.GEN_FOR_ASYNC.crnt_vsize_d1_reg[9]/C
                         clock pessimism              0.236    -0.501    
    SLICE_X7Y29          FDRE (Hold_fdre_C_D)         0.078    -0.423    periph_vga/u_system/vga_system_i/axi_vdma_0/U0/GEN_SPRT_FOR_MM2S.MM2S_LINEBUFFER_I/GEN_LINEBUF_NO_SOF.GEN_FOR_ASYNC.crnt_vsize_d1_reg[9]
  -------------------------------------------------------------------
                         required time                          0.423    
                         arrival time                          -0.305    
  -------------------------------------------------------------------
                         slack                                  0.119    

Slack (MET) :             0.121ns  (arrival time - required time)
  Source:                 periph_vga/u_system/vga_system_i/axi_vdma_0/U0/GEN_SPRT_FOR_MM2S.MM2S_LINEBUFFER_I/GEN_LINEBUF_NO_SOF.GEN_FOR_ASYNC.crnt_vsize_cdc_tig_reg[12]/C
                            (rising edge-triggered cell FDRE clocked by clk_pixel_vga_system_clk_wiz_0_1  {rise@0.000ns fall@19.862ns period=39.724ns})
  Destination:            periph_vga/u_system/vga_system_i/axi_vdma_0/U0/GEN_SPRT_FOR_MM2S.MM2S_LINEBUFFER_I/GEN_LINEBUF_NO_SOF.GEN_FOR_ASYNC.crnt_vsize_d1_reg[12]/D
                            (rising edge-triggered cell FDRE clocked by clk_pixel_vga_system_clk_wiz_0_1  {rise@0.000ns fall@19.862ns period=39.724ns})
  Path Group:             clk_pixel_vga_system_clk_wiz_0_1
  Path Type:              Hold (Min at Fast Process Corner)
  Requirement:            0.000ns  (clk_pixel_vga_system_clk_wiz_0_1 rise@0.000ns - clk_pixel_vga_system_clk_wiz_0_1 rise@0.000ns)
  Data Path Delay:        0.197ns  (logic 0.141ns (71.611%)  route 0.056ns (28.389%))
  Logic Levels:           0  
  Clock Path Skew:        0.000ns (DCD - SCD - CPR)
    Destination Clock Delay (DCD):    -0.738ns
    Source Clock Delay      (SCD):    -0.501ns
    Clock Pessimism Removal (CPR):    -0.236ns

    Location             Delay type                Incr(ns)  Path(ns)    Netlist Resource(s)
  -------------------------------------------------------------------    -------------------
                         (clock clk_pixel_vga_system_clk_wiz_0_1 rise edge)
                                                      0.000     0.000 r  
    K17                                               0.000     0.000 r  i_clk (IN)
                         net (fo=0)                   0.000     0.000    i_clk
    K17                  IBUF (Prop_ibuf_I_O)         0.259     0.259 r  i_clk_IBUF_inst/O
                         net (fo=2, routed)           0.440     0.700    periph_vga/u_system/vga_system_i/clk_wiz_0/inst/clk_in1
    MMCME2_ADV_X0Y1      MMCME2_ADV (Prop_mmcme2_adv_CLKIN1_CLKOUT0)
                                                     -2.268    -1.568 r  periph_vga/u_system/vga_system_i/clk_wiz_0/inst/mmcm_adv_inst/CLKOUT0
                         net (fo=1, routed)           0.482    -1.086    periph_vga/u_system/vga_system_i/clk_wiz_0/inst/clk_pixel_vga_system_clk_wiz_0_1
    BUFGCTRL_X0Y30       BUFG (Prop_bufg_I_O)         0.026    -1.060 r  periph_vga/u_system/vga_system_i/clk_wiz_0/inst/clkout1_buf/O
                         net (fo=169, routed)         0.559    -0.501    periph_vga/u_system/vga_system_i/axi_vdma_0/U0/GEN_SPRT_FOR_MM2S.MM2S_LINEBUFFER_I/m_axis_mm2s_aclk
    SLICE_X7Y29          FDRE                                         r  periph_vga/u_system/vga_system_i/axi_vdma_0/U0/GEN_SPRT_FOR_MM2S.MM2S_LINEBUFFER_I/GEN_LINEBUF_NO_SOF.GEN_FOR_ASYNC.crnt_vsize_cdc_tig_reg[12]/C
  -------------------------------------------------------------------    -------------------
    SLICE_X7Y29          FDRE (Prop_fdre_C_Q)         0.141    -0.360 r  periph_vga/u_system/vga_system_i/axi_vdma_0/U0/GEN_SPRT_FOR_MM2S.MM2S_LINEBUFFER_I/GEN_LINEBUF_NO_SOF.GEN_FOR_ASYNC.crnt_vsize_cdc_tig_reg[12]/Q
                         net (fo=1, routed)           0.056    -0.305    periph_vga/u_system/vga_system_i/axi_vdma_0/U0/GEN_SPRT_FOR_MM2S.MM2S_LINEBUFFER_I/crnt_vsize_cdc_tig[12]
    SLICE_X7Y29          FDRE                                         r  periph_vga/u_system/vga_system_i/axi_vdma_0/U0/GEN_SPRT_FOR_MM2S.MM2S_LINEBUFFER_I/GEN_LINEBUF_NO_SOF.GEN_FOR_ASYNC.crnt_vsize_d1_reg[12]/D
  -------------------------------------------------------------------    -------------------

                         (clock clk_pixel_vga_system_clk_wiz_0_1 rise edge)
                                                      0.000     0.000 r  
    K17                                               0.000     0.000 r  i_clk (IN)
                         net (fo=0)                   0.000     0.000    i_clk
    K17                  IBUF (Prop_ibuf_I_O)         0.447     0.447 r  i_clk_IBUF_inst/O
                         net (fo=2, routed)           0.480     0.927    periph_vga/u_system/vga_system_i/clk_wiz_0/inst/clk_in1
    MMCME2_ADV_X0Y1      MMCME2_ADV (Prop_mmcme2_adv_CLKIN1_CLKOUT0)
                                                     -3.047    -2.120 r  periph_vga/u_system/vga_system_i/clk_wiz_0/inst/mmcm_adv_inst/CLKOUT0
                         net (fo=1, routed)           0.528    -1.592    periph_vga/u_system/vga_system_i/clk_wiz_0/inst/clk_pixel_vga_system_clk_wiz_0_1
    BUFGCTRL_X0Y30       BUFG (Prop_bufg_I_O)         0.029    -1.563 r  periph_vga/u_system/vga_system_i/clk_wiz_0/inst/clkout1_buf/O
                         net (fo=169, routed)         0.825    -0.738    periph_vga/u_system/vga_system_i/axi_vdma_0/U0/GEN_SPRT_FOR_MM2S.MM2S_LINEBUFFER_I/m_axis_mm2s_aclk
    SLICE_X7Y29          FDRE                                         r  periph_vga/u_system/vga_system_i/axi_vdma_0/U0/GEN_SPRT_FOR_MM2S.MM2S_LINEBUFFER_I/GEN_LINEBUF_NO_SOF.GEN_FOR_ASYNC.crnt_vsize_d1_reg[12]/C
                         clock pessimism              0.236    -0.501    
    SLICE_X7Y29          FDRE (Hold_fdre_C_D)         0.076    -0.425    periph_vga/u_system/vga_system_i/axi_vdma_0/U0/GEN_SPRT_FOR_MM2S.MM2S_LINEBUFFER_I/GEN_LINEBUF_NO_SOF.GEN_FOR_ASYNC.crnt_vsize_d1_reg[12]
  -------------------------------------------------------------------
                         required time                          0.425    
                         arrival time                          -0.305    
  -------------------------------------------------------------------
                         slack                                  0.121    

Slack (MET) :             0.122ns  (arrival time - required time)
  Source:                 periph_vga/u_rst_cdc/arststages_ff_reg[0]/C
                            (rising edge-triggered cell FDPE clocked by clk_pixel_vga_system_clk_wiz_0_1  {rise@0.000ns fall@19.862ns period=39.724ns})
  Destination:            periph_vga/u_rst_cdc/arststages_ff_reg[1]/D
                            (rising edge-triggered cell FDPE clocked by clk_pixel_vga_system_clk_wiz_0_1  {rise@0.000ns fall@19.862ns period=39.724ns})
  Path Group:             clk_pixel_vga_system_clk_wiz_0_1
  Path Type:              Hold (Min at Fast Process Corner)
  Requirement:            0.000ns  (clk_pixel_vga_system_clk_wiz_0_1 rise@0.000ns - clk_pixel_vga_system_clk_wiz_0_1 rise@0.000ns)
  Data Path Delay:        0.197ns  (logic 0.141ns (71.611%)  route 0.056ns (28.389%))
  Logic Levels:           0  
  Clock Path Skew:        0.000ns (DCD - SCD - CPR)
    Destination Clock Delay (DCD):    -0.743ns
    Source Clock Delay      (SCD):    -0.505ns
    Clock Pessimism Removal (CPR):    -0.237ns

    Location             Delay type                Incr(ns)  Path(ns)    Netlist Resource(s)
  -------------------------------------------------------------------    -------------------
                         (clock clk_pixel_vga_system_clk_wiz_0_1 rise edge)
                                                      0.000     0.000 r  
    K17                                               0.000     0.000 r  i_clk (IN)
                         net (fo=0)                   0.000     0.000    i_clk
    K17                  IBUF (Prop_ibuf_I_O)         0.259     0.259 r  i_clk_IBUF_inst/O
                         net (fo=2, routed)           0.440     0.700    periph_vga/u_system/vga_system_i/clk_wiz_0/inst/clk_in1
    MMCME2_ADV_X0Y1      MMCME2_ADV (Prop_mmcme2_adv_CLKIN1_CLKOUT0)
                                                     -2.268    -1.568 r  periph_vga/u_system/vga_system_i/clk_wiz_0/inst/mmcm_adv_inst/CLKOUT0
                         net (fo=1, routed)           0.482    -1.086    periph_vga/u_system/vga_system_i/clk_wiz_0/inst/clk_pixel_vga_system_clk_wiz_0_1
    BUFGCTRL_X0Y30       BUFG (Prop_bufg_I_O)         0.026    -1.060 r  periph_vga/u_system/vga_system_i/clk_wiz_0/inst/clkout1_buf/O
                         net (fo=169, routed)         0.555    -0.505    periph_vga/u_rst_cdc/dest_clk
    SLICE_X27Y27         FDPE                                         r  periph_vga/u_rst_cdc/arststages_ff_reg[0]/C
  -------------------------------------------------------------------    -------------------
    SLICE_X27Y27         FDPE (Prop_fdpe_C_Q)         0.141    -0.364 r  periph_vga/u_rst_cdc/arststages_ff_reg[0]/Q
                         net (fo=1, routed)           0.056    -0.309    periph_vga/u_rst_cdc/arststages_ff[0]
    SLICE_X27Y27         FDPE                                         r  periph_vga/u_rst_cdc/arststages_ff_reg[1]/D
  -------------------------------------------------------------------    -------------------

                         (clock clk_pixel_vga_system_clk_wiz_0_1 rise edge)
                                                      0.000     0.000 r  
    K17                                               0.000     0.000 r  i_clk (IN)
                         net (fo=0)                   0.000     0.000    i_clk
    K17                  IBUF (Prop_ibuf_I_O)         0.447     0.447 r  i_clk_IBUF_inst/O
                         net (fo=2, routed)           0.480     0.927    periph_vga/u_system/vga_system_i/clk_wiz_0/inst/clk_in1
    MMCME2_ADV_X0Y1      MMCME2_ADV (Prop_mmcme2_adv_CLKIN1_CLKOUT0)
                                                     -3.047    -2.120 r  periph_vga/u_system/vga_system_i/clk_wiz_0/inst/mmcm_adv_inst/CLKOUT0
                         net (fo=1, routed)           0.528    -1.592    periph_vga/u_system/vga_system_i/clk_wiz_0/inst/clk_pixel_vga_system_clk_wiz_0_1
    BUFGCTRL_X0Y30       BUFG (Prop_bufg_I_O)         0.029    -1.563 r  periph_vga/u_system/vga_system_i/clk_wiz_0/inst/clkout1_buf/O
                         net (fo=169, routed)         0.820    -0.743    periph_vga/u_rst_cdc/dest_clk
    SLICE_X27Y27         FDPE                                         r  periph_vga/u_rst_cdc/arststages_ff_reg[1]/C
                         clock pessimism              0.237    -0.505    
    SLICE_X27Y27         FDPE (Hold_fdpe_C_D)         0.075    -0.430    periph_vga/u_rst_cdc/arststages_ff_reg[1]
  -------------------------------------------------------------------
                         required time                          0.430    
                         arrival time                          -0.309    
  -------------------------------------------------------------------
                         slack                                  0.122    

Slack (MET) :             0.122ns  (arrival time - required time)
  Source:                 periph_vga/u_system/vga_system_i/axi_vdma_0/U0/GEN_SPRT_FOR_MM2S.MM2S_LINEBUFFER_I/GEN_LINEBUF_NO_SOF.GEN_FOR_ASYNC.crnt_vsize_cdc_tig_reg[10]/C
                            (rising edge-triggered cell FDRE clocked by clk_pixel_vga_system_clk_wiz_0_1  {rise@0.000ns fall@19.862ns period=39.724ns})
  Destination:            periph_vga/u_system/vga_system_i/axi_vdma_0/U0/GEN_SPRT_FOR_MM2S.MM2S_LINEBUFFER_I/GEN_LINEBUF_NO_SOF.GEN_FOR_ASYNC.crnt_vsize_d1_reg[10]/D
                            (rising edge-triggered cell FDRE clocked by clk_pixel_vga_system_clk_wiz_0_1  {rise@0.000ns fall@19.862ns period=39.724ns})
  Path Group:             clk_pixel_vga_system_clk_wiz_0_1
  Path Type:              Hold (Min at Fast Process Corner)
  Requirement:            0.000ns  (clk_pixel_vga_system_clk_wiz_0_1 rise@0.000ns - clk_pixel_vga_system_clk_wiz_0_1 rise@0.000ns)
  Data Path Delay:        0.197ns  (logic 0.141ns (71.611%)  route 0.056ns (28.389%))
  Logic Levels:           0  
  Clock Path Skew:        0.000ns (DCD - SCD - CPR)
    Destination Clock Delay (DCD):    -0.738ns
    Source Clock Delay      (SCD):    -0.501ns
    Clock Pessimism Removal (CPR):    -0.236ns

    Location             Delay type                Incr(ns)  Path(ns)    Netlist Resource(s)
  -------------------------------------------------------------------    -------------------
                         (clock clk_pixel_vga_system_clk_wiz_0_1 rise edge)
                                                      0.000     0.000 r  
    K17                                               0.000     0.000 r  i_clk (IN)
                         net (fo=0)                   0.000     0.000    i_clk
    K17                  IBUF (Prop_ibuf_I_O)         0.259     0.259 r  i_clk_IBUF_inst/O
                         net (fo=2, routed)           0.440     0.700    periph_vga/u_system/vga_system_i/clk_wiz_0/inst/clk_in1
    MMCME2_ADV_X0Y1      MMCME2_ADV (Prop_mmcme2_adv_CLKIN1_CLKOUT0)
                                                     -2.268    -1.568 r  periph_vga/u_system/vga_system_i/clk_wiz_0/inst/mmcm_adv_inst/CLKOUT0
                         net (fo=1, routed)           0.482    -1.086    periph_vga/u_system/vga_system_i/clk_wiz_0/inst/clk_pixel_vga_system_clk_wiz_0_1
    BUFGCTRL_X0Y30       BUFG (Prop_bufg_I_O)         0.026    -1.060 r  periph_vga/u_system/vga_system_i/clk_wiz_0/inst/clkout1_buf/O
                         net (fo=169, routed)         0.559    -0.501    periph_vga/u_system/vga_system_i/axi_vdma_0/U0/GEN_SPRT_FOR_MM2S.MM2S_LINEBUFFER_I/m_axis_mm2s_aclk
    SLICE_X7Y29          FDRE                                         r  periph_vga/u_system/vga_system_i/axi_vdma_0/U0/GEN_SPRT_FOR_MM2S.MM2S_LINEBUFFER_I/GEN_LINEBUF_NO_SOF.GEN_FOR_ASYNC.crnt_vsize_cdc_tig_reg[10]/C
  -------------------------------------------------------------------    -------------------
    SLICE_X7Y29          FDRE (Prop_fdre_C_Q)         0.141    -0.360 r  periph_vga/u_system/vga_system_i/axi_vdma_0/U0/GEN_SPRT_FOR_MM2S.MM2S_LINEBUFFER_I/GEN_LINEBUF_NO_SOF.GEN_FOR_ASYNC.crnt_vsize_cdc_tig_reg[10]/Q
                         net (fo=1, routed)           0.056    -0.305    periph_vga/u_system/vga_system_i/axi_vdma_0/U0/GEN_SPRT_FOR_MM2S.MM2S_LINEBUFFER_I/crnt_vsize_cdc_tig[10]
    SLICE_X7Y29          FDRE                                         r  periph_vga/u_system/vga_system_i/axi_vdma_0/U0/GEN_SPRT_FOR_MM2S.MM2S_LINEBUFFER_I/GEN_LINEBUF_NO_SOF.GEN_FOR_ASYNC.crnt_vsize_d1_reg[10]/D
  -------------------------------------------------------------------    -------------------

                         (clock clk_pixel_vga_system_clk_wiz_0_1 rise edge)
                                                      0.000     0.000 r  
    K17                                               0.000     0.000 r  i_clk (IN)
                         net (fo=0)                   0.000     0.000    i_clk
    K17                  IBUF (Prop_ibuf_I_O)         0.447     0.447 r  i_clk_IBUF_inst/O
                         net (fo=2, routed)           0.480     0.927    periph_vga/u_system/vga_system_i/clk_wiz_0/inst/clk_in1
    MMCME2_ADV_X0Y1      MMCME2_ADV (Prop_mmcme2_adv_CLKIN1_CLKOUT0)
                                                     -3.047    -2.120 r  periph_vga/u_system/vga_system_i/clk_wiz_0/inst/mmcm_adv_inst/CLKOUT0
                         net (fo=1, routed)           0.528    -1.592    periph_vga/u_system/vga_system_i/clk_wiz_0/inst/clk_pixel_vga_system_clk_wiz_0_1
    BUFGCTRL_X0Y30       BUFG (Prop_bufg_I_O)         0.029    -1.563 r  periph_vga/u_system/vga_system_i/clk_wiz_0/inst/clkout1_buf/O
                         net (fo=169, routed)         0.825    -0.738    periph_vga/u_system/vga_system_i/axi_vdma_0/U0/GEN_SPRT_FOR_MM2S.MM2S_LINEBUFFER_I/m_axis_mm2s_aclk
    SLICE_X7Y29          FDRE                                         r  periph_vga/u_system/vga_system_i/axi_vdma_0/U0/GEN_SPRT_FOR_MM2S.MM2S_LINEBUFFER_I/GEN_LINEBUF_NO_SOF.GEN_FOR_ASYNC.crnt_vsize_d1_reg[10]/C
                         clock pessimism              0.236    -0.501    
    SLICE_X7Y29          FDRE (Hold_fdre_C_D)         0.075    -0.426    periph_vga/u_system/vga_system_i/axi_vdma_0/U0/GEN_SPRT_FOR_MM2S.MM2S_LINEBUFFER_I/GEN_LINEBUF_NO_SOF.GEN_FOR_ASYNC.crnt_vsize_d1_reg[10]
  -------------------------------------------------------------------
                         required time                          0.426    
                         arrival time                          -0.305    
  -------------------------------------------------------------------
                         slack                                  0.122    

Slack (MET) :             0.122ns  (arrival time - required time)
  Source:                 <hidden>
                            (rising edge-triggered cell FDPE clocked by clk_pixel_vga_system_clk_wiz_0_1  {rise@0.000ns fall@19.862ns period=39.724ns})
  Destination:            <hidden>
                            (rising edge-triggered cell FDPE clocked by clk_pixel_vga_system_clk_wiz_0_1  {rise@0.000ns fall@19.862ns period=39.724ns})
  Path Group:             clk_pixel_vga_system_clk_wiz_0_1
  Path Type:              Hold (Min at Fast Process Corner)
  Requirement:            0.000ns  (clk_pixel_vga_system_clk_wiz_0_1 rise@0.000ns - clk_pixel_vga_system_clk_wiz_0_1 rise@0.000ns)
  Data Path Delay:        0.197ns  (logic 0.141ns (71.611%)  route 0.056ns (28.389%))
  Logic Levels:           0  
  Clock Path Skew:        0.000ns (DCD - SCD - CPR)
    Destination Clock Delay (DCD):    -0.737ns
    Source Clock Delay      (SCD):    -0.500ns
    Clock Pessimism Removal (CPR):    -0.236ns

    Location             Delay type                Incr(ns)  Path(ns)    Netlist Resource(s)
  -------------------------------------------------------------------    -------------------
                         (clock clk_pixel_vga_system_clk_wiz_0_1 rise edge)
                                                      0.000     0.000 r  
    K17                                               0.000     0.000 r  i_clk (IN)
                         net (fo=0)                   0.000     0.000    i_clk
    K17                  IBUF (Prop_ibuf_I_O)         0.259     0.259 r  i_clk_IBUF_inst/O
                         net (fo=2, routed)           0.440     0.700    periph_vga/u_system/vga_system_i/clk_wiz_0/inst/clk_in1
    MMCME2_ADV_X0Y1      MMCME2_ADV (Prop_mmcme2_adv_CLKIN1_CLKOUT0)
                                                     -2.268    -1.568 r  periph_vga/u_system/vga_system_i/clk_wiz_0/inst/mmcm_adv_inst/CLKOUT0
                         net (fo=1, routed)           0.482    -1.086    periph_vga/u_system/vga_system_i/clk_wiz_0/inst/clk_pixel_vga_system_clk_wiz_0_1
    BUFGCTRL_X0Y30       BUFG (Prop_bufg_I_O)         0.026    -1.060 r  periph_vga/u_system/vga_system_i/clk_wiz_0/inst/clkout1_buf/O
                         net (fo=169, routed)         0.560    -0.500    <hidden>
    SLICE_X7Y19          FDPE                                         r  <hidden>
  -------------------------------------------------------------------    -------------------
    SLICE_X7Y19          FDPE (Prop_fdpe_C_Q)         0.141    -0.359 r  <hidden>
                         net (fo=1, routed)           0.056    -0.304    <hidden>
    SLICE_X7Y19          FDPE                                         r  <hidden>
  -------------------------------------------------------------------    -------------------

                         (clock clk_pixel_vga_system_clk_wiz_0_1 rise edge)
                                                      0.000     0.000 r  
    K17                                               0.000     0.000 r  i_clk (IN)
                         net (fo=0)                   0.000     0.000    i_clk
    K17                  IBUF (Prop_ibuf_I_O)         0.447     0.447 r  i_clk_IBUF_inst/O
                         net (fo=2, routed)           0.480     0.927    periph_vga/u_system/vga_system_i/clk_wiz_0/inst/clk_in1
    MMCME2_ADV_X0Y1      MMCME2_ADV (Prop_mmcme2_adv_CLKIN1_CLKOUT0)
                                                     -3.047    -2.120 r  periph_vga/u_system/vga_system_i/clk_wiz_0/inst/mmcm_adv_inst/CLKOUT0
                         net (fo=1, routed)           0.528    -1.592    periph_vga/u_system/vga_system_i/clk_wiz_0/inst/clk_pixel_vga_system_clk_wiz_0_1
    BUFGCTRL_X0Y30       BUFG (Prop_bufg_I_O)         0.029    -1.563 r  periph_vga/u_system/vga_system_i/clk_wiz_0/inst/clkout1_buf/O
                         net (fo=169, routed)         0.826    -0.737    <hidden>
    SLICE_X7Y19          FDPE                                         r  <hidden>
                         clock pessimism              0.236    -0.500    
    SLICE_X7Y19          FDPE (Hold_fdpe_C_D)         0.075    -0.425    <hidden>
  -------------------------------------------------------------------
                         required time                          0.425    
                         arrival time                          -0.304    
  -------------------------------------------------------------------
                         slack                                  0.122    

Slack (MET) :             0.122ns  (arrival time - required time)
  Source:                 periph_vga/u_system/vga_system_i/axi_vdma_0/U0/I_RST_MODULE/GEN_RESET_FOR_MM2S.RESET_I/GEN_MIN_FOR_ASYNC.AXIS_CLR_CDC_I/xpm_cdc_single_inst/syncstages_ff_reg[0]/C
                            (rising edge-triggered cell FDRE clocked by clk_pixel_vga_system_clk_wiz_0_1  {rise@0.000ns fall@19.862ns period=39.724ns})
  Destination:            periph_vga/u_system/vga_system_i/axi_vdma_0/U0/I_RST_MODULE/GEN_RESET_FOR_MM2S.RESET_I/GEN_MIN_FOR_ASYNC.AXIS_CLR_CDC_I/xpm_cdc_single_inst/syncstages_ff_reg[1]/D
                            (rising edge-triggered cell FDRE clocked by clk_pixel_vga_system_clk_wiz_0_1  {rise@0.000ns fall@19.862ns period=39.724ns})
  Path Group:             clk_pixel_vga_system_clk_wiz_0_1
  Path Type:              Hold (Min at Fast Process Corner)
  Requirement:            0.000ns  (clk_pixel_vga_system_clk_wiz_0_1 rise@0.000ns - clk_pixel_vga_system_clk_wiz_0_1 rise@0.000ns)
  Data Path Delay:        0.197ns  (logic 0.141ns (71.611%)  route 0.056ns (28.389%))
  Logic Levels:           0  
  Clock Path Skew:        0.000ns (DCD - SCD - CPR)
    Destination Clock Delay (DCD):    -0.742ns
    Source Clock Delay      (SCD):    -0.505ns
    Clock Pessimism Removal (CPR):    -0.236ns

    Location             Delay type                Incr(ns)  Path(ns)    Netlist Resource(s)
  -------------------------------------------------------------------    -------------------
                         (clock clk_pixel_vga_system_clk_wiz_0_1 rise edge)
                                                      0.000     0.000 r  
    K17                                               0.000     0.000 r  i_clk (IN)
                         net (fo=0)                   0.000     0.000    i_clk
    K17                  IBUF (Prop_ibuf_I_O)         0.259     0.259 r  i_clk_IBUF_inst/O
                         net (fo=2, routed)           0.440     0.700    periph_vga/u_system/vga_system_i/clk_wiz_0/inst/clk_in1
    MMCME2_ADV_X0Y1      MMCME2_ADV (Prop_mmcme2_adv_CLKIN1_CLKOUT0)
                                                     -2.268    -1.568 r  periph_vga/u_system/vga_system_i/clk_wiz_0/inst/mmcm_adv_inst/CLKOUT0
                         net (fo=1, routed)           0.482    -1.086    periph_vga/u_system/vga_system_i/clk_wiz_0/inst/clk_pixel_vga_system_clk_wiz_0_1
    BUFGCTRL_X0Y30       BUFG (Prop_bufg_I_O)         0.026    -1.060 r  periph_vga/u_system/vga_system_i/clk_wiz_0/inst/clkout1_buf/O
                         net (fo=169, routed)         0.555    -0.505    periph_vga/u_system/vga_system_i/axi_vdma_0/U0/I_RST_MODULE/GEN_RESET_FOR_MM2S.RESET_I/GEN_MIN_FOR_ASYNC.AXIS_CLR_CDC_I/xpm_cdc_single_inst/dest_clk
    SLICE_X17Y28         FDRE                                         r  periph_vga/u_system/vga_system_i/axi_vdma_0/U0/I_RST_MODULE/GEN_RESET_FOR_MM2S.RESET_I/GEN_MIN_FOR_ASYNC.AXIS_CLR_CDC_I/xpm_cdc_single_inst/syncstages_ff_reg[0]/C
  -------------------------------------------------------------------    -------------------
    SLICE_X17Y28         FDRE (Prop_fdre_C_Q)         0.141    -0.364 r  periph_vga/u_system/vga_system_i/axi_vdma_0/U0/I_RST_MODULE/GEN_RESET_FOR_MM2S.RESET_I/GEN_MIN_FOR_ASYNC.AXIS_CLR_CDC_I/xpm_cdc_single_inst/syncstages_ff_reg[0]/Q
                         net (fo=1, routed)           0.056    -0.309    periph_vga/u_system/vga_system_i/axi_vdma_0/U0/I_RST_MODULE/GEN_RESET_FOR_MM2S.RESET_I/GEN_MIN_FOR_ASYNC.AXIS_CLR_CDC_I/xpm_cdc_single_inst/syncstages_ff[0]
    SLICE_X17Y28         FDRE                                         r  periph_vga/u_system/vga_system_i/axi_vdma_0/U0/I_RST_MODULE/GEN_RESET_FOR_MM2S.RESET_I/GEN_MIN_FOR_ASYNC.AXIS_CLR_CDC_I/xpm_cdc_single_inst/syncstages_ff_reg[1]/D
  -------------------------------------------------------------------    -------------------

                         (clock clk_pixel_vga_system_clk_wiz_0_1 rise edge)
                                                      0.000     0.000 r  
    K17                                               0.000     0.000 r  i_clk (IN)
                         net (fo=0)                   0.000     0.000    i_clk
    K17                  IBUF (Prop_ibuf_I_O)         0.447     0.447 r  i_clk_IBUF_inst/O
                         net (fo=2, routed)           0.480     0.927    periph_vga/u_system/vga_system_i/clk_wiz_0/inst/clk_in1
    MMCME2_ADV_X0Y1      MMCME2_ADV (Prop_mmcme2_adv_CLKIN1_CLKOUT0)
                                                     -3.047    -2.120 r  periph_vga/u_system/vga_system_i/clk_wiz_0/inst/mmcm_adv_inst/CLKOUT0
                         net (fo=1, routed)           0.528    -1.592    periph_vga/u_system/vga_system_i/clk_wiz_0/inst/clk_pixel_vga_system_clk_wiz_0_1
    BUFGCTRL_X0Y30       BUFG (Prop_bufg_I_O)         0.029    -1.563 r  periph_vga/u_system/vga_system_i/clk_wiz_0/inst/clkout1_buf/O
                         net (fo=169, routed)         0.821    -0.742    periph_vga/u_system/vga_system_i/axi_vdma_0/U0/I_RST_MODULE/GEN_RESET_FOR_MM2S.RESET_I/GEN_MIN_FOR_ASYNC.AXIS_CLR_CDC_I/xpm_cdc_single_inst/dest_clk
    SLICE_X17Y28         FDRE                                         r  periph_vga/u_system/vga_system_i/axi_vdma_0/U0/I_RST_MODULE/GEN_RESET_FOR_MM2S.RESET_I/GEN_MIN_FOR_ASYNC.AXIS_CLR_CDC_I/xpm_cdc_single_inst/syncstages_ff_reg[1]/C
                         clock pessimism              0.236    -0.505    
    SLICE_X17Y28         FDRE (Hold_fdre_C_D)         0.075    -0.430    periph_vga/u_system/vga_system_i/axi_vdma_0/U0/I_RST_MODULE/GEN_RESET_FOR_MM2S.RESET_I/GEN_MIN_FOR_ASYNC.AXIS_CLR_CDC_I/xpm_cdc_single_inst/syncstages_ff_reg[1]
  -------------------------------------------------------------------
                         required time                          0.430    
                         arrival time                          -0.309    
  -------------------------------------------------------------------
                         slack                                  0.122    

Slack (MET) :             0.122ns  (arrival time - required time)
  Source:                 periph_vga/u_system/vga_system_i/axi_vdma_0/U0/I_RST_MODULE/GEN_RESET_FOR_MM2S.RESET_I/GEN_MIN_FOR_ASYNC.AXIS_IDLE_CDC_I/syncstages_ff_reg[0]/C
                            (rising edge-triggered cell FDRE clocked by clk_pixel_vga_system_clk_wiz_0_1  {rise@0.000ns fall@19.862ns period=39.724ns})
  Destination:            periph_vga/u_system/vga_system_i/axi_vdma_0/U0/I_RST_MODULE/GEN_RESET_FOR_MM2S.RESET_I/GEN_MIN_FOR_ASYNC.AXIS_IDLE_CDC_I/syncstages_ff_reg[1]/D
                            (rising edge-triggered cell FDRE clocked by clk_pixel_vga_system_clk_wiz_0_1  {rise@0.000ns fall@19.862ns period=39.724ns})
  Path Group:             clk_pixel_vga_system_clk_wiz_0_1
  Path Type:              Hold (Min at Fast Process Corner)
  Requirement:            0.000ns  (clk_pixel_vga_system_clk_wiz_0_1 rise@0.000ns - clk_pixel_vga_system_clk_wiz_0_1 rise@0.000ns)
  Data Path Delay:        0.197ns  (logic 0.141ns (71.611%)  route 0.056ns (28.389%))
  Logic Levels:           0  
  Clock Path Skew:        0.000ns (DCD - SCD - CPR)
    Destination Clock Delay (DCD):    -0.743ns
    Source Clock Delay      (SCD):    -0.505ns
    Clock Pessimism Removal (CPR):    -0.237ns

    Location             Delay type                Incr(ns)  Path(ns)    Netlist Resource(s)
  -------------------------------------------------------------------    -------------------
                         (clock clk_pixel_vga_system_clk_wiz_0_1 rise edge)
                                                      0.000     0.000 r  
    K17                                               0.000     0.000 r  i_clk (IN)
                         net (fo=0)                   0.000     0.000    i_clk
    K17                  IBUF (Prop_ibuf_I_O)         0.259     0.259 r  i_clk_IBUF_inst/O
                         net (fo=2, routed)           0.440     0.700    periph_vga/u_system/vga_system_i/clk_wiz_0/inst/clk_in1
    MMCME2_ADV_X0Y1      MMCME2_ADV (Prop_mmcme2_adv_CLKIN1_CLKOUT0)
                                                     -2.268    -1.568 r  periph_vga/u_system/vga_system_i/clk_wiz_0/inst/mmcm_adv_inst/CLKOUT0
                         net (fo=1, routed)           0.482    -1.086    periph_vga/u_system/vga_system_i/clk_wiz_0/inst/clk_pixel_vga_system_clk_wiz_0_1
    BUFGCTRL_X0Y30       BUFG (Prop_bufg_I_O)         0.026    -1.060 r  periph_vga/u_system/vga_system_i/clk_wiz_0/inst/clkout1_buf/O
                         net (fo=169, routed)         0.555    -0.505    periph_vga/u_system/vga_system_i/axi_vdma_0/U0/I_RST_MODULE/GEN_RESET_FOR_MM2S.RESET_I/GEN_MIN_FOR_ASYNC.AXIS_IDLE_CDC_I/dest_clk
    SLICE_X13Y24         FDRE                                         r  periph_vga/u_system/vga_system_i/axi_vdma_0/U0/I_RST_MODULE/GEN_RESET_FOR_MM2S.RESET_I/GEN_MIN_FOR_ASYNC.AXIS_IDLE_CDC_I/syncstages_ff_reg[0]/C
  -------------------------------------------------------------------    -------------------
    SLICE_X13Y24         FDRE (Prop_fdre_C_Q)         0.141    -0.364 r  periph_vga/u_system/vga_system_i/axi_vdma_0/U0/I_RST_MODULE/GEN_RESET_FOR_MM2S.RESET_I/GEN_MIN_FOR_ASYNC.AXIS_IDLE_CDC_I/syncstages_ff_reg[0]/Q
                         net (fo=1, routed)           0.056    -0.309    periph_vga/u_system/vga_system_i/axi_vdma_0/U0/I_RST_MODULE/GEN_RESET_FOR_MM2S.RESET_I/GEN_MIN_FOR_ASYNC.AXIS_IDLE_CDC_I/syncstages_ff[0]
    SLICE_X13Y24         FDRE                                         r  periph_vga/u_system/vga_system_i/axi_vdma_0/U0/I_RST_MODULE/GEN_RESET_FOR_MM2S.RESET_I/GEN_MIN_FOR_ASYNC.AXIS_IDLE_CDC_I/syncstages_ff_reg[1]/D
  -------------------------------------------------------------------    -------------------

                         (clock clk_pixel_vga_system_clk_wiz_0_1 rise edge)
                                                      0.000     0.000 r  
    K17                                               0.000     0.000 r  i_clk (IN)
                         net (fo=0)                   0.000     0.000    i_clk
    K17                  IBUF (Prop_ibuf_I_O)         0.447     0.447 r  i_clk_IBUF_inst/O
                         net (fo=2, routed)           0.480     0.927    periph_vga/u_system/vga_system_i/clk_wiz_0/inst/clk_in1
    MMCME2_ADV_X0Y1      MMCME2_ADV (Prop_mmcme2_adv_CLKIN1_CLKOUT0)
                                                     -3.047    -2.120 r  periph_vga/u_system/vga_system_i/clk_wiz_0/inst/mmcm_adv_inst/CLKOUT0
                         net (fo=1, routed)           0.528    -1.592    periph_vga/u_system/vga_system_i/clk_wiz_0/inst/clk_pixel_vga_system_clk_wiz_0_1
    BUFGCTRL_X0Y30       BUFG (Prop_bufg_I_O)         0.029    -1.563 r  periph_vga/u_system/vga_system_i/clk_wiz_0/inst/clkout1_buf/O
                         net (fo=169, routed)         0.820    -0.743    periph_vga/u_system/vga_system_i/axi_vdma_0/U0/I_RST_MODULE/GEN_RESET_FOR_MM2S.RESET_I/GEN_MIN_FOR_ASYNC.AXIS_IDLE_CDC_I/dest_clk
    SLICE_X13Y24         FDRE                                         r  periph_vga/u_system/vga_system_i/axi_vdma_0/U0/I_RST_MODULE/GEN_RESET_FOR_MM2S.RESET_I/GEN_MIN_FOR_ASYNC.AXIS_IDLE_CDC_I/syncstages_ff_reg[1]/C
                         clock pessimism              0.237    -0.505    
    SLICE_X13Y24         FDRE (Hold_fdre_C_D)         0.075    -0.430    periph_vga/u_system/vga_system_i/axi_vdma_0/U0/I_RST_MODULE/GEN_RESET_FOR_MM2S.RESET_I/GEN_MIN_FOR_ASYNC.AXIS_IDLE_CDC_I/syncstages_ff_reg[1]
  -------------------------------------------------------------------
                         required time                          0.430    
                         arrival time                          -0.309    
  -------------------------------------------------------------------
                         slack                                  0.122    

Slack (MET) :             0.126ns  (arrival time - required time)
  Source:                 periph_vga/u_system/vga_system_i/axi_vdma_0/U0/GEN_SPRT_FOR_MM2S.MM2S_LINEBUFFER_I/GEN_LINEBUF_NO_SOF.GEN_FOR_ASYNC.crnt_vsize_cdc_tig_reg[11]/C
                            (rising edge-triggered cell FDRE clocked by clk_pixel_vga_system_clk_wiz_0_1  {rise@0.000ns fall@19.862ns period=39.724ns})
  Destination:            periph_vga/u_system/vga_system_i/axi_vdma_0/U0/GEN_SPRT_FOR_MM2S.MM2S_LINEBUFFER_I/GEN_LINEBUF_NO_SOF.GEN_FOR_ASYNC.crnt_vsize_d1_reg[11]/D
                            (rising edge-triggered cell FDRE clocked by clk_pixel_vga_system_clk_wiz_0_1  {rise@0.000ns fall@19.862ns period=39.724ns})
  Path Group:             clk_pixel_vga_system_clk_wiz_0_1
  Path Type:              Hold (Min at Fast Process Corner)
  Requirement:            0.000ns  (clk_pixel_vga_system_clk_wiz_0_1 rise@0.000ns - clk_pixel_vga_system_clk_wiz_0_1 rise@0.000ns)
  Data Path Delay:        0.197ns  (logic 0.141ns (71.611%)  route 0.056ns (28.389%))
  Logic Levels:           0  
  Clock Path Skew:        0.000ns (DCD - SCD - CPR)
    Destination Clock Delay (DCD):    -0.738ns
    Source Clock Delay      (SCD):    -0.501ns
    Clock Pessimism Removal (CPR):    -0.236ns

    Location             Delay type                Incr(ns)  Path(ns)    Netlist Resource(s)
  -------------------------------------------------------------------    -------------------
                         (clock clk_pixel_vga_system_clk_wiz_0_1 rise edge)
                                                      0.000     0.000 r  
    K17                                               0.000     0.000 r  i_clk (IN)
                         net (fo=0)                   0.000     0.000    i_clk
    K17                  IBUF (Prop_ibuf_I_O)         0.259     0.259 r  i_clk_IBUF_inst/O
                         net (fo=2, routed)           0.440     0.700    periph_vga/u_system/vga_system_i/clk_wiz_0/inst/clk_in1
    MMCME2_ADV_X0Y1      MMCME2_ADV (Prop_mmcme2_adv_CLKIN1_CLKOUT0)
                                                     -2.268    -1.568 r  periph_vga/u_system/vga_system_i/clk_wiz_0/inst/mmcm_adv_inst/CLKOUT0
                         net (fo=1, routed)           0.482    -1.086    periph_vga/u_system/vga_system_i/clk_wiz_0/inst/clk_pixel_vga_system_clk_wiz_0_1
    BUFGCTRL_X0Y30       BUFG (Prop_bufg_I_O)         0.026    -1.060 r  periph_vga/u_system/vga_system_i/clk_wiz_0/inst/clkout1_buf/O
                         net (fo=169, routed)         0.559    -0.501    periph_vga/u_system/vga_system_i/axi_vdma_0/U0/GEN_SPRT_FOR_MM2S.MM2S_LINEBUFFER_I/m_axis_mm2s_aclk
    SLICE_X7Y29          FDRE                                         r  periph_vga/u_system/vga_system_i/axi_vdma_0/U0/GEN_SPRT_FOR_MM2S.MM2S_LINEBUFFER_I/GEN_LINEBUF_NO_SOF.GEN_FOR_ASYNC.crnt_vsize_cdc_tig_reg[11]/C
  -------------------------------------------------------------------    -------------------
    SLICE_X7Y29          FDRE (Prop_fdre_C_Q)         0.141    -0.360 r  periph_vga/u_system/vga_system_i/axi_vdma_0/U0/GEN_SPRT_FOR_MM2S.MM2S_LINEBUFFER_I/GEN_LINEBUF_NO_SOF.GEN_FOR_ASYNC.crnt_vsize_cdc_tig_reg[11]/Q
                         net (fo=1, routed)           0.056    -0.305    periph_vga/u_system/vga_system_i/axi_vdma_0/U0/GEN_SPRT_FOR_MM2S.MM2S_LINEBUFFER_I/crnt_vsize_cdc_tig[11]
    SLICE_X7Y29          FDRE                                         r  periph_vga/u_system/vga_system_i/axi_vdma_0/U0/GEN_SPRT_FOR_MM2S.MM2S_LINEBUFFER_I/GEN_LINEBUF_NO_SOF.GEN_FOR_ASYNC.crnt_vsize_d1_reg[11]/D
  -------------------------------------------------------------------    -------------------

                         (clock clk_pixel_vga_system_clk_wiz_0_1 rise edge)
                                                      0.000     0.000 r  
    K17                                               0.000     0.000 r  i_clk (IN)
                         net (fo=0)                   0.000     0.000    i_clk
    K17                  IBUF (Prop_ibuf_I_O)         0.447     0.447 r  i_clk_IBUF_inst/O
                         net (fo=2, routed)           0.480     0.927    periph_vga/u_system/vga_system_i/clk_wiz_0/inst/clk_in1
    MMCME2_ADV_X0Y1      MMCME2_ADV (Prop_mmcme2_adv_CLKIN1_CLKOUT0)
                                                     -3.047    -2.120 r  periph_vga/u_system/vga_system_i/clk_wiz_0/inst/mmcm_adv_inst/CLKOUT0
                         net (fo=1, routed)           0.528    -1.592    periph_vga/u_system/vga_system_i/clk_wiz_0/inst/clk_pixel_vga_system_clk_wiz_0_1
    BUFGCTRL_X0Y30       BUFG (Prop_bufg_I_O)         0.029    -1.563 r  periph_vga/u_system/vga_system_i/clk_wiz_0/inst/clkout1_buf/O
                         net (fo=169, routed)         0.825    -0.738    periph_vga/u_system/vga_system_i/axi_vdma_0/U0/GEN_SPRT_FOR_MM2S.MM2S_LINEBUFFER_I/m_axis_mm2s_aclk
    SLICE_X7Y29          FDRE                                         r  periph_vga/u_system/vga_system_i/axi_vdma_0/U0/GEN_SPRT_FOR_MM2S.MM2S_LINEBUFFER_I/GEN_LINEBUF_NO_SOF.GEN_FOR_ASYNC.crnt_vsize_d1_reg[11]/C
                         clock pessimism              0.236    -0.501    
    SLICE_X7Y29          FDRE (Hold_fdre_C_D)         0.071    -0.430    periph_vga/u_system/vga_system_i/axi_vdma_0/U0/GEN_SPRT_FOR_MM2S.MM2S_LINEBUFFER_I/GEN_LINEBUF_NO_SOF.GEN_FOR_ASYNC.crnt_vsize_d1_reg[11]
  -------------------------------------------------------------------
                         required time                          0.430    
                         arrival time                          -0.305    
  -------------------------------------------------------------------
                         slack                                  0.126    

Slack (MET) :             0.143ns  (arrival time - required time)
  Source:                 periph_vga/u_system/vga_system_i/axi_vdma_0/U0/GEN_SPRT_FOR_MM2S.MM2S_LINEBUFFER_I/GEN_LINEBUF_NO_SOF.GEN_LINEBUFFER.I_MSTR_SKID/sig_data_skid_reg_reg[4]/C
                            (rising edge-triggered cell FDRE clocked by clk_pixel_vga_system_clk_wiz_0_1  {rise@0.000ns fall@19.862ns period=39.724ns})
  Destination:            periph_vga/u_system/vga_system_i/axi_vdma_0/U0/GEN_SPRT_FOR_MM2S.MM2S_LINEBUFFER_I/GEN_LINEBUF_NO_SOF.GEN_LINEBUFFER.I_MSTR_SKID/sig_data_reg_out_reg[4]/D
                            (rising edge-triggered cell FDRE clocked by clk_pixel_vga_system_clk_wiz_0_1  {rise@0.000ns fall@19.862ns period=39.724ns})
  Path Group:             clk_pixel_vga_system_clk_wiz_0_1
  Path Type:              Hold (Min at Fast Process Corner)
  Requirement:            0.000ns  (clk_pixel_vga_system_clk_wiz_0_1 rise@0.000ns - clk_pixel_vga_system_clk_wiz_0_1 rise@0.000ns)
  Data Path Delay:        0.277ns  (logic 0.186ns (67.123%)  route 0.091ns (32.877%))
  Logic Levels:           1  (LUT3=1)
  Clock Path Skew:        0.013ns (DCD - SCD - CPR)
    Destination Clock Delay (DCD):    -0.740ns
    Source Clock Delay      (SCD):    -0.502ns
    Clock Pessimism Removal (CPR):    -0.250ns

    Location             Delay type                Incr(ns)  Path(ns)    Netlist Resource(s)
  -------------------------------------------------------------------    -------------------
                         (clock clk_pixel_vga_system_clk_wiz_0_1 rise edge)
                                                      0.000     0.000 r  
    K17                                               0.000     0.000 r  i_clk (IN)
                         net (fo=0)                   0.000     0.000    i_clk
    K17                  IBUF (Prop_ibuf_I_O)         0.259     0.259 r  i_clk_IBUF_inst/O
                         net (fo=2, routed)           0.440     0.700    periph_vga/u_system/vga_system_i/clk_wiz_0/inst/clk_in1
    MMCME2_ADV_X0Y1      MMCME2_ADV (Prop_mmcme2_adv_CLKIN1_CLKOUT0)
                                                     -2.268    -1.568 r  periph_vga/u_system/vga_system_i/clk_wiz_0/inst/mmcm_adv_inst/CLKOUT0
                         net (fo=1, routed)           0.482    -1.086    periph_vga/u_system/vga_system_i/clk_wiz_0/inst/clk_pixel_vga_system_clk_wiz_0_1
    BUFGCTRL_X0Y30       BUFG (Prop_bufg_I_O)         0.026    -1.060 r  periph_vga/u_system/vga_system_i/clk_wiz_0/inst/clkout1_buf/O
                         net (fo=169, routed)         0.558    -0.502    periph_vga/u_system/vga_system_i/axi_vdma_0/U0/GEN_SPRT_FOR_MM2S.MM2S_LINEBUFFER_I/GEN_LINEBUF_NO_SOF.GEN_LINEBUFFER.I_MSTR_SKID/m_axis_mm2s_aclk
    SLICE_X11Y22         FDRE                                         r  periph_vga/u_system/vga_system_i/axi_vdma_0/U0/GEN_SPRT_FOR_MM2S.MM2S_LINEBUFFER_I/GEN_LINEBUF_NO_SOF.GEN_LINEBUFFER.I_MSTR_SKID/sig_data_skid_reg_reg[4]/C
  -------------------------------------------------------------------    -------------------
    SLICE_X11Y22         FDRE (Prop_fdre_C_Q)         0.141    -0.361 r  periph_vga/u_system/vga_system_i/axi_vdma_0/U0/GEN_SPRT_FOR_MM2S.MM2S_LINEBUFFER_I/GEN_LINEBUF_NO_SOF.GEN_LINEBUFFER.I_MSTR_SKID/sig_data_skid_reg_reg[4]/Q
                         net (fo=1, routed)           0.091    -0.270    periph_vga/u_system/vga_system_i/axi_vdma_0/U0/GEN_SPRT_FOR_MM2S.MM2S_LINEBUFFER_I/GEN_LINEBUF_NO_SOF.GEN_LINEBUFFER.I_MSTR_SKID/sig_data_skid_reg[4]
    SLICE_X10Y22         LUT3 (Prop_lut3_I2_O)        0.045    -0.225 r  periph_vga/u_system/vga_system_i/axi_vdma_0/U0/GEN_SPRT_FOR_MM2S.MM2S_LINEBUFFER_I/GEN_LINEBUF_NO_SOF.GEN_LINEBUFFER.I_MSTR_SKID/sig_data_reg_out[4]_i_1/O
                         net (fo=1, routed)           0.000    -0.225    periph_vga/u_system/vga_system_i/axi_vdma_0/U0/GEN_SPRT_FOR_MM2S.MM2S_LINEBUFFER_I/GEN_LINEBUF_NO_SOF.GEN_LINEBUFFER.I_MSTR_SKID/sig_data_skid_mux_out[4]
    SLICE_X10Y22         FDRE                                         r  periph_vga/u_system/vga_system_i/axi_vdma_0/U0/GEN_SPRT_FOR_MM2S.MM2S_LINEBUFFER_I/GEN_LINEBUF_NO_SOF.GEN_LINEBUFFER.I_MSTR_SKID/sig_data_reg_out_reg[4]/D
  -------------------------------------------------------------------    -------------------

                         (clock clk_pixel_vga_system_clk_wiz_0_1 rise edge)
                                                      0.000     0.000 r  
    K17                                               0.000     0.000 r  i_clk (IN)
                         net (fo=0)                   0.000     0.000    i_clk
    K17                  IBUF (Prop_ibuf_I_O)         0.447     0.447 r  i_clk_IBUF_inst/O
                         net (fo=2, routed)           0.480     0.927    periph_vga/u_system/vga_system_i/clk_wiz_0/inst/clk_in1
    MMCME2_ADV_X0Y1      MMCME2_ADV (Prop_mmcme2_adv_CLKIN1_CLKOUT0)
                                                     -3.047    -2.120 r  periph_vga/u_system/vga_system_i/clk_wiz_0/inst/mmcm_adv_inst/CLKOUT0
                         net (fo=1, routed)           0.528    -1.592    periph_vga/u_system/vga_system_i/clk_wiz_0/inst/clk_pixel_vga_system_clk_wiz_0_1
    BUFGCTRL_X0Y30       BUFG (Prop_bufg_I_O)         0.029    -1.563 r  periph_vga/u_system/vga_system_i/clk_wiz_0/inst/clkout1_buf/O
                         net (fo=169, routed)         0.823    -0.740    periph_vga/u_system/vga_system_i/axi_vdma_0/U0/GEN_SPRT_FOR_MM2S.MM2S_LINEBUFFER_I/GEN_LINEBUF_NO_SOF.GEN_LINEBUFFER.I_MSTR_SKID/m_axis_mm2s_aclk
    SLICE_X10Y22         FDRE                                         r  periph_vga/u_system/vga_system_i/axi_vdma_0/U0/GEN_SPRT_FOR_MM2S.MM2S_LINEBUFFER_I/GEN_LINEBUF_NO_SOF.GEN_LINEBUFFER.I_MSTR_SKID/sig_data_reg_out_reg[4]/C
                         clock pessimism              0.250    -0.489    
    SLICE_X10Y22         FDRE (Hold_fdre_C_D)         0.121    -0.368    periph_vga/u_system/vga_system_i/axi_vdma_0/U0/GEN_SPRT_FOR_MM2S.MM2S_LINEBUFFER_I/GEN_LINEBUF_NO_SOF.GEN_LINEBUFFER.I_MSTR_SKID/sig_data_reg_out_reg[4]
  -------------------------------------------------------------------
                         required time                          0.368    
                         arrival time                          -0.225    
  -------------------------------------------------------------------
                         slack                                  0.143    





Pulse Width Checks
--------------------------------------------------------------------------------------
Clock Name:         clk_pixel_vga_system_clk_wiz_0_1
Waveform(ns):       { 0.000 19.862 }
Period(ns):         39.724
Sources:            { periph_vga/u_system/vga_system_i/clk_wiz_0/inst/mmcm_adv_inst/CLKOUT0 }

Check Type        Corner  Lib Pin             Reference Pin  Required(ns)  Actual(ns)  Slack(ns)  Location         Pin
Min Period        n/a     FIFO36E1/RDCLK      n/a            2.576         39.724      37.148     RAMB36_X0Y4      <hidden>
Min Period        n/a     BUFG/I              n/a            2.155         39.724      37.569     BUFGCTRL_X0Y30   periph_vga/u_system/vga_system_i/clk_wiz_0/inst/clkout1_buf/I
Min Period        n/a     MMCME2_ADV/CLKOUT0  n/a            1.249         39.724      38.475     MMCME2_ADV_X0Y1  periph_vga/u_system/vga_system_i/clk_wiz_0/inst/mmcm_adv_inst/CLKOUT0
Min Period        n/a     FDRE/C              n/a            1.000         39.724      38.724     SLICE_X24Y32     periph_vga/hsync_module/FSM_sequential__state_reg[0]/C
Min Period        n/a     FDRE/C              n/a            1.000         39.724      38.724     SLICE_X24Y32     periph_vga/hsync_module/FSM_sequential__state_reg[1]/C
Min Period        n/a     FDRE/C              n/a            1.000         39.724      38.724     SLICE_X25Y31     periph_vga/hsync_module/_endLine_reg/C
Min Period        n/a     FDSE/C              n/a            1.000         39.724      38.724     SLICE_X28Y29     periph_vga/hsync_module/_hsync_reg/C
Min Period        n/a     FDRE/C              n/a            1.000         39.724      38.724     SLICE_X23Y32     periph_vga/hsync_module/_pixelCounter_reg[0]/C
Min Period        n/a     FDRE/C              n/a            1.000         39.724      38.724     SLICE_X23Y32     periph_vga/hsync_module/_pixelCounter_reg[1]/C
Min Period        n/a     FDRE/C              n/a            1.000         39.724      38.724     SLICE_X23Y32     periph_vga/hsync_module/_pixelCounter_reg[2]/C
Max Period        n/a     MMCME2_ADV/CLKOUT0  n/a            213.360       39.724      173.636    MMCME2_ADV_X0Y1  periph_vga/u_system/vga_system_i/clk_wiz_0/inst/mmcm_adv_inst/CLKOUT0
Low Pulse Width   Slow    SRL16E/CLK          n/a            0.980         19.862      18.882     SLICE_X12Y18     <hidden>
Low Pulse Width   Fast    SRL16E/CLK          n/a            0.980         19.862      18.882     SLICE_X12Y18     <hidden>
Low Pulse Width   Slow    FDRE/C              n/a            0.500         19.862      19.362     SLICE_X24Y32     periph_vga/hsync_module/FSM_sequential__state_reg[0]/C
Low Pulse Width   Fast    FDRE/C              n/a            0.500         19.862      19.362     SLICE_X24Y32     periph_vga/hsync_module/FSM_sequential__state_reg[0]/C
Low Pulse Width   Slow    FDRE/C              n/a            0.500         19.862      19.362     SLICE_X24Y32     periph_vga/hsync_module/FSM_sequential__state_reg[1]/C
Low Pulse Width   Fast    FDRE/C              n/a            0.500         19.862      19.362     SLICE_X24Y32     periph_vga/hsync_module/FSM_sequential__state_reg[1]/C
Low Pulse Width   Slow    FDRE/C              n/a            0.500         19.862      19.362     SLICE_X25Y31     periph_vga/hsync_module/_endLine_reg/C
Low Pulse Width   Fast    FDRE/C              n/a            0.500         19.862      19.362     SLICE_X25Y31     periph_vga/hsync_module/_endLine_reg/C
Low Pulse Width   Slow    FDSE/C              n/a            0.500         19.862      19.362     SLICE_X28Y29     periph_vga/hsync_module/_hsync_reg/C
Low Pulse Width   Fast    FDSE/C              n/a            0.500         19.862      19.362     SLICE_X28Y29     periph_vga/hsync_module/_hsync_reg/C
High Pulse Width  Slow    SRL16E/CLK          n/a            0.980         19.862      18.882     SLICE_X12Y18     <hidden>
High Pulse Width  Fast    SRL16E/CLK          n/a            0.980         19.862      18.882     SLICE_X12Y18     <hidden>
High Pulse Width  Slow    FDRE/C              n/a            0.500         19.862      19.362     SLICE_X24Y32     periph_vga/hsync_module/FSM_sequential__state_reg[0]/C
High Pulse Width  Fast    FDRE/C              n/a            0.500         19.862      19.362     SLICE_X24Y32     periph_vga/hsync_module/FSM_sequential__state_reg[0]/C
High Pulse Width  Slow    FDRE/C              n/a            0.500         19.862      19.362     SLICE_X24Y32     periph_vga/hsync_module/FSM_sequential__state_reg[1]/C
High Pulse Width  Fast    FDRE/C              n/a            0.500         19.862      19.362     SLICE_X24Y32     periph_vga/hsync_module/FSM_sequential__state_reg[1]/C
High Pulse Width  Slow    FDRE/C              n/a            0.500         19.862      19.362     SLICE_X25Y31     periph_vga/hsync_module/_endLine_reg/C
High Pulse Width  Fast    FDRE/C              n/a            0.500         19.862      19.362     SLICE_X25Y31     periph_vga/hsync_module/_endLine_reg/C
High Pulse Width  Slow    FDSE/C              n/a            0.500         19.862      19.362     SLICE_X28Y29     periph_vga/hsync_module/_hsync_reg/C
High Pulse Width  Fast    FDSE/C              n/a            0.500         19.862      19.362     SLICE_X28Y29     periph_vga/hsync_module/_hsync_reg/C



---------------------------------------------------------------------------------------------------
From Clock:  clkfbout_clk_wiz_0
  To Clock:  clkfbout_clk_wiz_0

Setup :           NA  Failing Endpoints,  Worst Slack           NA  ,  Total Violation           NA
Hold  :           NA  Failing Endpoints,  Worst Slack           NA  ,  Total Violation           NA
PW    :            0  Failing Endpoints,  Worst Slack        5.845ns,  Total Violation        0.000ns
---------------------------------------------------------------------------------------------------


Pulse Width Checks
--------------------------------------------------------------------------------------
Clock Name:         clkfbout_clk_wiz_0
Waveform(ns):       { 0.000 4.000 }
Period(ns):         8.000
Sources:            { u_clk_wiz/inst/mmcm_adv_inst/CLKFBOUT }

Check Type  Corner  Lib Pin              Reference Pin  Required(ns)  Actual(ns)  Slack(ns)  Location         Pin
Min Period  n/a     BUFG/I               n/a            2.155         8.000       5.845      BUFGCTRL_X0Y0    u_clk_wiz/inst/clkf_buf/I
Min Period  n/a     MMCME2_ADV/CLKFBOUT  n/a            1.249         8.000       6.751      MMCME2_ADV_X0Y0  u_clk_wiz/inst/mmcm_adv_inst/CLKFBOUT
Min Period  n/a     MMCME2_ADV/CLKFBIN   n/a            1.249         8.000       6.751      MMCME2_ADV_X0Y0  u_clk_wiz/inst/mmcm_adv_inst/CLKFBIN
Max Period  n/a     MMCME2_ADV/CLKFBIN   n/a            100.000       8.000       92.000     MMCME2_ADV_X0Y0  u_clk_wiz/inst/mmcm_adv_inst/CLKFBIN
Max Period  n/a     MMCME2_ADV/CLKFBOUT  n/a            213.360       8.000       205.360    MMCME2_ADV_X0Y0  u_clk_wiz/inst/mmcm_adv_inst/CLKFBOUT



---------------------------------------------------------------------------------------------------
From Clock:  clkfbout_vga_system_clk_wiz_0_1
  To Clock:  clkfbout_vga_system_clk_wiz_0_1

Setup :           NA  Failing Endpoints,  Worst Slack           NA  ,  Total Violation           NA
Hold  :           NA  Failing Endpoints,  Worst Slack           NA  ,  Total Violation           NA
PW    :            0  Failing Endpoints,  Worst Slack       45.845ns,  Total Violation        0.000ns
---------------------------------------------------------------------------------------------------


Pulse Width Checks
--------------------------------------------------------------------------------------
Clock Name:         clkfbout_vga_system_clk_wiz_0_1
Waveform(ns):       { 0.000 24.000 }
Period(ns):         48.000
Sources:            { periph_vga/u_system/vga_system_i/clk_wiz_0/inst/mmcm_adv_inst/CLKFBOUT }

Check Type  Corner  Lib Pin              Reference Pin  Required(ns)  Actual(ns)  Slack(ns)  Location         Pin
Min Period  n/a     BUFG/I               n/a            2.155         48.000      45.845     BUFGCTRL_X0Y31   periph_vga/u_system/vga_system_i/clk_wiz_0/inst/clkf_buf/I
Min Period  n/a     MMCME2_ADV/CLKFBOUT  n/a            1.249         48.000      46.751     MMCME2_ADV_X0Y1  periph_vga/u_system/vga_system_i/clk_wiz_0/inst/mmcm_adv_inst/CLKFBOUT
Min Period  n/a     MMCME2_ADV/CLKFBIN   n/a            1.249         48.000      46.751     MMCME2_ADV_X0Y1  periph_vga/u_system/vga_system_i/clk_wiz_0/inst/mmcm_adv_inst/CLKFBIN
Max Period  n/a     MMCME2_ADV/CLKFBIN   n/a            100.000       48.000      52.000     MMCME2_ADV_X0Y1  periph_vga/u_system/vga_system_i/clk_wiz_0/inst/mmcm_adv_inst/CLKFBIN
Max Period  n/a     MMCME2_ADV/CLKFBOUT  n/a            213.360       48.000      165.360    MMCME2_ADV_X0Y1  periph_vga/u_system/vga_system_i/clk_wiz_0/inst/mmcm_adv_inst/CLKFBOUT



--------------------------------------------------------------------------------------
Path Group:  (none)
From Clock:  
  To Clock:  clk_fpga_0

Max Delay             1 Endpoint
Min Delay             1 Endpoint
--------------------------------------------------------------------------------------


Max Delay Paths
--------------------------------------------------------------------------------------
Slack:                    inf
  Source:                 periph_vga/u_system/vga_system_i/processing_system7_0/inst/PS7_i/FCLKRESETN[0]
                            (internal pin)
  Destination:            periph_vga/u_system/vga_system_i/rst_ps7_0_50M/U0/EXT_LPF/ACTIVE_LOW_EXT.ACT_LO_EXT/syncstages_ff_reg[0]/D
                            (rising edge-triggered cell FDRE clocked by clk_fpga_0  {rise@0.000ns fall@5.000ns period=10.000ns})
  Path Group:             (none)
  Path Type:              Setup (Max at Slow Process Corner)
  Data Path Delay:        1.891ns  (logic 0.124ns (6.556%)  route 1.767ns (93.444%))
  Logic Levels:           1  (LUT1=1)
  Clock Uncertainty:      0.152ns  ((TSJ^2 + TIJ^2)^1/2 + DJ) / 2 + PE
    Total System Jitter     (TSJ):    0.050ns
    Total Input Jitter      (TIJ):    0.300ns
    Discrete Jitter          (DJ):    0.000ns
    Phase Error              (PE):    0.000ns
  Timing Exception:       False Path

    Location             Delay type                Incr(ns)  Path(ns)    Netlist Resource(s)
  -------------------------------------------------------------------    -------------------
    PS7_X0Y0             PS7                          0.000     0.000 f  periph_vga/u_system/vga_system_i/processing_system7_0/inst/PS7_i/FCLKRESETN[0]
                         net (fo=2, routed)           1.767     1.767    periph_vga/u_system/vga_system_i/rst_ps7_0_50M/U0/EXT_LPF/ext_reset_in
    SLICE_X14Y37         LUT1 (Prop_lut1_I0_O)        0.124     1.891 r  periph_vga/u_system/vga_system_i/rst_ps7_0_50M/U0/EXT_LPF/ACTIVE_LOW_EXT.ACT_LO_EXT_i_1/O
                         net (fo=1, routed)           0.000     1.891    periph_vga/u_system/vga_system_i/rst_ps7_0_50M/U0/EXT_LPF/ACTIVE_LOW_EXT.ACT_LO_EXT/src_in
    SLICE_X14Y37         FDRE                                         r  periph_vga/u_system/vga_system_i/rst_ps7_0_50M/U0/EXT_LPF/ACTIVE_LOW_EXT.ACT_LO_EXT/syncstages_ff_reg[0]/D
  -------------------------------------------------------------------    -------------------

                         (clock clk_fpga_0 rise edge)
                                                      0.000     0.000 r  
    PS7_X0Y0             PS7                          0.000     0.000 r  periph_vga/u_system/vga_system_i/processing_system7_0/inst/PS7_i/FCLKCLK[0]
                         net (fo=1, routed)           1.101     1.101    periph_vga/u_system/vga_system_i/processing_system7_0/inst/FCLK_CLK_unbuffered[0]
    BUFGCTRL_X0Y15       BUFG (Prop_bufg_I_O)         0.091     1.192 r  periph_vga/u_system/vga_system_i/processing_system7_0/inst/buffer_fclk_clk_0.FCLK_CLK_0_BUFG/O
                         net (fo=2395, routed)        1.497     2.689    periph_vga/u_system/vga_system_i/rst_ps7_0_50M/U0/EXT_LPF/ACTIVE_LOW_EXT.ACT_LO_EXT/dest_clk
    SLICE_X14Y37         FDRE                                         r  periph_vga/u_system/vga_system_i/rst_ps7_0_50M/U0/EXT_LPF/ACTIVE_LOW_EXT.ACT_LO_EXT/syncstages_ff_reg[0]/C





Min Delay Paths
--------------------------------------------------------------------------------------
Slack:                    inf
  Source:                 periph_vga/u_system/vga_system_i/processing_system7_0/inst/PS7_i/FCLKRESETN[0]
                            (internal pin)
  Destination:            periph_vga/u_system/vga_system_i/rst_ps7_0_50M/U0/EXT_LPF/ACTIVE_LOW_EXT.ACT_LO_EXT/syncstages_ff_reg[0]/D
                            (rising edge-triggered cell FDRE clocked by clk_fpga_0  {rise@0.000ns fall@5.000ns period=10.000ns})
  Path Group:             (none)
  Path Type:              Hold (Min at Fast Process Corner)
  Data Path Delay:        0.833ns  (logic 0.045ns (5.400%)  route 0.788ns (94.600%))
  Logic Levels:           1  (LUT1=1)
  Clock Uncertainty:      0.152ns  ((TSJ^2 + TIJ^2)^1/2 + DJ) / 2 + PE
    Total System Jitter     (TSJ):    0.050ns
    Total Input Jitter      (TIJ):    0.300ns
    Discrete Jitter          (DJ):    0.000ns
    Phase Error              (PE):    0.000ns
  Timing Exception:       False Path

    Location             Delay type                Incr(ns)  Path(ns)    Netlist Resource(s)
  -------------------------------------------------------------------    -------------------
    PS7_X0Y0             PS7                          0.000     0.000 f  periph_vga/u_system/vga_system_i/processing_system7_0/inst/PS7_i/FCLKRESETN[0]
                         net (fo=2, routed)           0.788     0.788    periph_vga/u_system/vga_system_i/rst_ps7_0_50M/U0/EXT_LPF/ext_reset_in
    SLICE_X14Y37         LUT1 (Prop_lut1_I0_O)        0.045     0.833 r  periph_vga/u_system/vga_system_i/rst_ps7_0_50M/U0/EXT_LPF/ACTIVE_LOW_EXT.ACT_LO_EXT_i_1/O
                         net (fo=1, routed)           0.000     0.833    periph_vga/u_system/vga_system_i/rst_ps7_0_50M/U0/EXT_LPF/ACTIVE_LOW_EXT.ACT_LO_EXT/src_in
    SLICE_X14Y37         FDRE                                         r  periph_vga/u_system/vga_system_i/rst_ps7_0_50M/U0/EXT_LPF/ACTIVE_LOW_EXT.ACT_LO_EXT/syncstages_ff_reg[0]/D
  -------------------------------------------------------------------    -------------------

                         (clock clk_fpga_0 rise edge)
                                                      0.000     0.000 r  
    PS7_X0Y0             PS7                          0.000     0.000 r  periph_vga/u_system/vga_system_i/processing_system7_0/inst/PS7_i/FCLKCLK[0]
                         net (fo=1, routed)           0.341     0.341    periph_vga/u_system/vga_system_i/processing_system7_0/inst/FCLK_CLK_unbuffered[0]
    BUFGCTRL_X0Y15       BUFG (Prop_bufg_I_O)         0.029     0.370 r  periph_vga/u_system/vga_system_i/processing_system7_0/inst/buffer_fclk_clk_0.FCLK_CLK_0_BUFG/O
                         net (fo=2395, routed)        0.827     1.197    periph_vga/u_system/vga_system_i/rst_ps7_0_50M/U0/EXT_LPF/ACTIVE_LOW_EXT.ACT_LO_EXT/dest_clk
    SLICE_X14Y37         FDRE                                         r  periph_vga/u_system/vga_system_i/rst_ps7_0_50M/U0/EXT_LPF/ACTIVE_LOW_EXT.ACT_LO_EXT/syncstages_ff_reg[0]/C





--------------------------------------------------------------------------------------
Path Group:  (none)
From Clock:  clk_fpga_0
  To Clock:  clk_fpga_0

Max Delay           136 Endpoints
Min Delay           136 Endpoints
--------------------------------------------------------------------------------------


Max Delay Paths
--------------------------------------------------------------------------------------
Slack:                    inf
  Source:                 periph_vga/u_system/vga_system_i/axi_smc/inst/clk_map/psr_aclk/U0/ACTIVE_LOW_BSR_OUT_DFF[0].FDRE_BSR_N/C
                            (rising edge-triggered cell FDRE clocked by clk_fpga_0  {rise@0.000ns fall@5.000ns period=10.000ns})
  Destination:            <hidden>
                            (recovery check against rising-edge clock clk_fpga_0  {rise@0.000ns fall@5.000ns period=10.000ns})
  Path Group:             (none)
  Path Type:              Recovery (Max at Slow Process Corner)
  Data Path Delay:        2.960ns  (logic 0.642ns (21.691%)  route 2.318ns (78.309%))
  Logic Levels:           1  (LUT1=1)
  Clock Path Skew:        -0.281ns (DCD - SCD + CPR)
    Destination Clock Delay (DCD):    2.699ns
    Source Clock Delay      (SCD):    2.981ns
    Clock Pessimism Removal (CPR):    0.000ns
  Clock Uncertainty:      0.154ns  ((TSJ^2 + TIJ^2)^1/2 + DJ) / 2 + PE
    Total System Jitter     (TSJ):    0.071ns
    Total Input Jitter      (TIJ):    0.300ns
    Discrete Jitter          (DJ):    0.000ns
    Phase Error              (PE):    0.000ns
  Timing Exception:       False Path

    Location             Delay type                Incr(ns)  Path(ns)    Netlist Resource(s)
  -------------------------------------------------------------------    -------------------
                         (clock clk_fpga_0 rise edge)
                                                      0.000     0.000 r  
    PS7_X0Y0             PS7                          0.000     0.000 r  periph_vga/u_system/vga_system_i/processing_system7_0/inst/PS7_i/FCLKCLK[0]
                         net (fo=1, routed)           1.207     1.207    periph_vga/u_system/vga_system_i/processing_system7_0/inst/FCLK_CLK_unbuffered[0]
    BUFGCTRL_X0Y15       BUFG (Prop_bufg_I_O)         0.101     1.308 r  periph_vga/u_system/vga_system_i/processing_system7_0/inst/buffer_fclk_clk_0.FCLK_CLK_0_BUFG/O
                         net (fo=2395, routed)        1.673     2.981    periph_vga/u_system/vga_system_i/axi_smc/inst/clk_map/psr_aclk/U0/aclk
    SLICE_X16Y42         FDRE                                         r  periph_vga/u_system/vga_system_i/axi_smc/inst/clk_map/psr_aclk/U0/ACTIVE_LOW_BSR_OUT_DFF[0].FDRE_BSR_N/C
  -------------------------------------------------------------------    -------------------
    SLICE_X16Y42         FDRE (Prop_fdre_C_Q)         0.518     3.499 r  periph_vga/u_system/vga_system_i/axi_smc/inst/clk_map/psr_aclk/U0/ACTIVE_LOW_BSR_OUT_DFF[0].FDRE_BSR_N/Q
                         net (fo=9, routed)           1.277     4.776    <hidden>
    SLICE_X13Y44         LUT1 (Prop_lut1_I0_O)        0.124     4.900 f  <hidden>
                         net (fo=3, routed)           1.040     5.941    <hidden>
    SLICE_X13Y44         FDCE                                         f  <hidden>
  -------------------------------------------------------------------    -------------------

                         (clock clk_fpga_0 rise edge)
                                                      0.000     0.000 r  
    PS7_X0Y0             PS7                          0.000     0.000 r  periph_vga/u_system/vga_system_i/processing_system7_0/inst/PS7_i/FCLKCLK[0]
                         net (fo=1, routed)           1.101     1.101    periph_vga/u_system/vga_system_i/processing_system7_0/inst/FCLK_CLK_unbuffered[0]
    BUFGCTRL_X0Y15       BUFG (Prop_bufg_I_O)         0.091     1.192 r  periph_vga/u_system/vga_system_i/processing_system7_0/inst/buffer_fclk_clk_0.FCLK_CLK_0_BUFG/O
                         net (fo=2395, routed)        1.507     2.700    <hidden>
    SLICE_X13Y44         FDCE                                         r  <hidden>

Slack:                    inf
  Source:                 periph_vga/u_system/vga_system_i/axi_smc/inst/clk_map/psr_aclk/U0/ACTIVE_LOW_BSR_OUT_DFF[0].FDRE_BSR_N/C
                            (rising edge-triggered cell FDRE clocked by clk_fpga_0  {rise@0.000ns fall@5.000ns period=10.000ns})
  Destination:            <hidden>
                            (recovery check against rising-edge clock clk_fpga_0  {rise@0.000ns fall@5.000ns period=10.000ns})
  Path Group:             (none)
  Path Type:              Recovery (Max at Slow Process Corner)
  Data Path Delay:        2.960ns  (logic 0.642ns (21.691%)  route 2.318ns (78.309%))
  Logic Levels:           1  (LUT1=1)
  Clock Path Skew:        -0.281ns (DCD - SCD + CPR)
    Destination Clock Delay (DCD):    2.699ns
    Source Clock Delay      (SCD):    2.981ns
    Clock Pessimism Removal (CPR):    0.000ns
  Clock Uncertainty:      0.154ns  ((TSJ^2 + TIJ^2)^1/2 + DJ) / 2 + PE
    Total System Jitter     (TSJ):    0.071ns
    Total Input Jitter      (TIJ):    0.300ns
    Discrete Jitter          (DJ):    0.000ns
    Phase Error              (PE):    0.000ns
  Timing Exception:       False Path

    Location             Delay type                Incr(ns)  Path(ns)    Netlist Resource(s)
  -------------------------------------------------------------------    -------------------
                         (clock clk_fpga_0 rise edge)
                                                      0.000     0.000 r  
    PS7_X0Y0             PS7                          0.000     0.000 r  periph_vga/u_system/vga_system_i/processing_system7_0/inst/PS7_i/FCLKCLK[0]
                         net (fo=1, routed)           1.207     1.207    periph_vga/u_system/vga_system_i/processing_system7_0/inst/FCLK_CLK_unbuffered[0]
    BUFGCTRL_X0Y15       BUFG (Prop_bufg_I_O)         0.101     1.308 r  periph_vga/u_system/vga_system_i/processing_system7_0/inst/buffer_fclk_clk_0.FCLK_CLK_0_BUFG/O
                         net (fo=2395, routed)        1.673     2.981    periph_vga/u_system/vga_system_i/axi_smc/inst/clk_map/psr_aclk/U0/aclk
    SLICE_X16Y42         FDRE                                         r  periph_vga/u_system/vga_system_i/axi_smc/inst/clk_map/psr_aclk/U0/ACTIVE_LOW_BSR_OUT_DFF[0].FDRE_BSR_N/C
  -------------------------------------------------------------------    -------------------
    SLICE_X16Y42         FDRE (Prop_fdre_C_Q)         0.518     3.499 r  periph_vga/u_system/vga_system_i/axi_smc/inst/clk_map/psr_aclk/U0/ACTIVE_LOW_BSR_OUT_DFF[0].FDRE_BSR_N/Q
                         net (fo=9, routed)           1.277     4.776    <hidden>
    SLICE_X13Y44         LUT1 (Prop_lut1_I0_O)        0.124     4.900 f  <hidden>
                         net (fo=3, routed)           1.040     5.941    <hidden>
    SLICE_X13Y44         FDCE                                         f  <hidden>
  -------------------------------------------------------------------    -------------------

                         (clock clk_fpga_0 rise edge)
                                                      0.000     0.000 r  
    PS7_X0Y0             PS7                          0.000     0.000 r  periph_vga/u_system/vga_system_i/processing_system7_0/inst/PS7_i/FCLKCLK[0]
                         net (fo=1, routed)           1.101     1.101    periph_vga/u_system/vga_system_i/processing_system7_0/inst/FCLK_CLK_unbuffered[0]
    BUFGCTRL_X0Y15       BUFG (Prop_bufg_I_O)         0.091     1.192 r  periph_vga/u_system/vga_system_i/processing_system7_0/inst/buffer_fclk_clk_0.FCLK_CLK_0_BUFG/O
                         net (fo=2395, routed)        1.507     2.700    <hidden>
    SLICE_X13Y44         FDCE                                         r  <hidden>

Slack:                    inf
  Source:                 periph_vga/u_system/vga_system_i/axi_smc/inst/clk_map/psr_aclk/U0/ACTIVE_LOW_BSR_OUT_DFF[0].FDRE_BSR_N/C
                            (rising edge-triggered cell FDRE clocked by clk_fpga_0  {rise@0.000ns fall@5.000ns period=10.000ns})
  Destination:            <hidden>
                            (recovery check against rising-edge clock clk_fpga_0  {rise@0.000ns fall@5.000ns period=10.000ns})
  Path Group:             (none)
  Path Type:              Recovery (Max at Slow Process Corner)
  Data Path Delay:        2.960ns  (logic 0.642ns (21.691%)  route 2.318ns (78.309%))
  Logic Levels:           1  (LUT1=1)
  Clock Path Skew:        -0.281ns (DCD - SCD + CPR)
    Destination Clock Delay (DCD):    2.699ns
    Source Clock Delay      (SCD):    2.981ns
    Clock Pessimism Removal (CPR):    0.000ns
  Clock Uncertainty:      0.154ns  ((TSJ^2 + TIJ^2)^1/2 + DJ) / 2 + PE
    Total System Jitter     (TSJ):    0.071ns
    Total Input Jitter      (TIJ):    0.300ns
    Discrete Jitter          (DJ):    0.000ns
    Phase Error              (PE):    0.000ns
  Timing Exception:       False Path

    Location             Delay type                Incr(ns)  Path(ns)    Netlist Resource(s)
  -------------------------------------------------------------------    -------------------
                         (clock clk_fpga_0 rise edge)
                                                      0.000     0.000 r  
    PS7_X0Y0             PS7                          0.000     0.000 r  periph_vga/u_system/vga_system_i/processing_system7_0/inst/PS7_i/FCLKCLK[0]
                         net (fo=1, routed)           1.207     1.207    periph_vga/u_system/vga_system_i/processing_system7_0/inst/FCLK_CLK_unbuffered[0]
    BUFGCTRL_X0Y15       BUFG (Prop_bufg_I_O)         0.101     1.308 r  periph_vga/u_system/vga_system_i/processing_system7_0/inst/buffer_fclk_clk_0.FCLK_CLK_0_BUFG/O
                         net (fo=2395, routed)        1.673     2.981    periph_vga/u_system/vga_system_i/axi_smc/inst/clk_map/psr_aclk/U0/aclk
    SLICE_X16Y42         FDRE                                         r  periph_vga/u_system/vga_system_i/axi_smc/inst/clk_map/psr_aclk/U0/ACTIVE_LOW_BSR_OUT_DFF[0].FDRE_BSR_N/C
  -------------------------------------------------------------------    -------------------
    SLICE_X16Y42         FDRE (Prop_fdre_C_Q)         0.518     3.499 r  periph_vga/u_system/vga_system_i/axi_smc/inst/clk_map/psr_aclk/U0/ACTIVE_LOW_BSR_OUT_DFF[0].FDRE_BSR_N/Q
                         net (fo=9, routed)           1.277     4.776    <hidden>
    SLICE_X13Y44         LUT1 (Prop_lut1_I0_O)        0.124     4.900 f  <hidden>
                         net (fo=3, routed)           1.040     5.941    <hidden>
    SLICE_X13Y44         FDCE                                         f  <hidden>
  -------------------------------------------------------------------    -------------------

                         (clock clk_fpga_0 rise edge)
                                                      0.000     0.000 r  
    PS7_X0Y0             PS7                          0.000     0.000 r  periph_vga/u_system/vga_system_i/processing_system7_0/inst/PS7_i/FCLKCLK[0]
                         net (fo=1, routed)           1.101     1.101    periph_vga/u_system/vga_system_i/processing_system7_0/inst/FCLK_CLK_unbuffered[0]
    BUFGCTRL_X0Y15       BUFG (Prop_bufg_I_O)         0.091     1.192 r  periph_vga/u_system/vga_system_i/processing_system7_0/inst/buffer_fclk_clk_0.FCLK_CLK_0_BUFG/O
                         net (fo=2395, routed)        1.507     2.700    <hidden>
    SLICE_X13Y44         FDCE                                         r  <hidden>

Slack:                    inf
  Source:                 periph_vga/u_system/vga_system_i/rst_ps7_0_50M/U0/ACTIVE_LOW_PR_OUT_DFF[0].FDRE_PER_N/C
                            (rising edge-triggered cell FDRE clocked by clk_fpga_0  {rise@0.000ns fall@5.000ns period=10.000ns})
  Destination:            periph_vga/u_system/vga_system_i/smartconnect_0/inst/clk_map/psr_aclk/U0/EXT_LPF/ACTIVE_LOW_AUX.ACT_LO_AUX/syncstages_ff_reg[0]/D
                            (rising edge-triggered cell FDRE clocked by clk_fpga_0  {rise@0.000ns fall@5.000ns period=10.000ns})
  Path Group:             (none)
  Path Type:              Setup (Max at Slow Process Corner)
  Data Path Delay:        2.585ns  (logic 0.642ns (24.832%)  route 1.943ns (75.168%))
  Logic Levels:           1  (LUT1=1)
  Clock Path Skew:        -0.296ns (DCD - SCD + CPR)
    Destination Clock Delay (DCD):    2.682ns
    Source Clock Delay      (SCD):    2.978ns
    Clock Pessimism Removal (CPR):    0.000ns
  Clock Uncertainty:      0.154ns  ((TSJ^2 + TIJ^2)^1/2 + DJ) / 2 + PE
    Total System Jitter     (TSJ):    0.071ns
    Total Input Jitter      (TIJ):    0.300ns
    Discrete Jitter          (DJ):    0.000ns
    Phase Error              (PE):    0.000ns
  Timing Exception:       False Path

    Location             Delay type                Incr(ns)  Path(ns)    Netlist Resource(s)
  -------------------------------------------------------------------    -------------------
                         (clock clk_fpga_0 rise edge)
                                                      0.000     0.000 r  
    PS7_X0Y0             PS7                          0.000     0.000 r  periph_vga/u_system/vga_system_i/processing_system7_0/inst/PS7_i/FCLKCLK[0]
                         net (fo=1, routed)           1.207     1.207    periph_vga/u_system/vga_system_i/processing_system7_0/inst/FCLK_CLK_unbuffered[0]
    BUFGCTRL_X0Y15       BUFG (Prop_bufg_I_O)         0.101     1.308 r  periph_vga/u_system/vga_system_i/processing_system7_0/inst/buffer_fclk_clk_0.FCLK_CLK_0_BUFG/O
                         net (fo=2395, routed)        1.670     2.978    periph_vga/u_system/vga_system_i/rst_ps7_0_50M/U0/slowest_sync_clk
    SLICE_X16Y37         FDRE                                         r  periph_vga/u_system/vga_system_i/rst_ps7_0_50M/U0/ACTIVE_LOW_PR_OUT_DFF[0].FDRE_PER_N/C
  -------------------------------------------------------------------    -------------------
    SLICE_X16Y37         FDRE (Prop_fdre_C_Q)         0.518     3.496 f  periph_vga/u_system/vga_system_i/rst_ps7_0_50M/U0/ACTIVE_LOW_PR_OUT_DFF[0].FDRE_PER_N/Q
                         net (fo=3, routed)           0.814     4.310    periph_vga/u_system/vga_system_i/smartconnect_0/inst/clk_map/psr_aclk/U0/EXT_LPF/aresetn
    SLICE_X15Y37         LUT1 (Prop_lut1_I0_O)        0.124     4.434 r  periph_vga/u_system/vga_system_i/smartconnect_0/inst/clk_map/psr_aclk/U0/EXT_LPF/ACTIVE_LOW_AUX.ACT_LO_AUX_i_1/O
                         net (fo=1, routed)           1.129     5.563    periph_vga/u_system/vga_system_i/smartconnect_0/inst/clk_map/psr_aclk/U0/EXT_LPF/ACTIVE_LOW_AUX.ACT_LO_AUX/src_in
    SLICE_X14Y20         FDRE                                         r  periph_vga/u_system/vga_system_i/smartconnect_0/inst/clk_map/psr_aclk/U0/EXT_LPF/ACTIVE_LOW_AUX.ACT_LO_AUX/syncstages_ff_reg[0]/D
  -------------------------------------------------------------------    -------------------

                         (clock clk_fpga_0 rise edge)
                                                      0.000     0.000 r  
    PS7_X0Y0             PS7                          0.000     0.000 r  periph_vga/u_system/vga_system_i/processing_system7_0/inst/PS7_i/FCLKCLK[0]
                         net (fo=1, routed)           1.101     1.101    periph_vga/u_system/vga_system_i/processing_system7_0/inst/FCLK_CLK_unbuffered[0]
    BUFGCTRL_X0Y15       BUFG (Prop_bufg_I_O)         0.091     1.192 r  periph_vga/u_system/vga_system_i/processing_system7_0/inst/buffer_fclk_clk_0.FCLK_CLK_0_BUFG/O
                         net (fo=2395, routed)        1.490     2.682    periph_vga/u_system/vga_system_i/smartconnect_0/inst/clk_map/psr_aclk/U0/EXT_LPF/ACTIVE_LOW_AUX.ACT_LO_AUX/dest_clk
    SLICE_X14Y20         FDRE                                         r  periph_vga/u_system/vga_system_i/smartconnect_0/inst/clk_map/psr_aclk/U0/EXT_LPF/ACTIVE_LOW_AUX.ACT_LO_AUX/syncstages_ff_reg[0]/C

Slack:                    inf
  Source:                 periph_vga/u_system/vga_system_i/smartconnect_0/inst/clk_map/psr_aclk/U0/ACTIVE_LOW_BSR_OUT_DFF[0].FDRE_BSR_N/C
                            (rising edge-triggered cell FDRE clocked by clk_fpga_0  {rise@0.000ns fall@5.000ns period=10.000ns})
  Destination:            <hidden>
                            (recovery check against rising-edge clock clk_fpga_0  {rise@0.000ns fall@5.000ns period=10.000ns})
  Path Group:             (none)
  Path Type:              Recovery (Max at Slow Process Corner)
  Data Path Delay:        2.498ns  (logic 0.642ns (25.697%)  route 1.856ns (74.303%))
  Logic Levels:           1  (LUT1=1)
  Clock Path Skew:        -0.287ns (DCD - SCD + CPR)
    Destination Clock Delay (DCD):    2.692ns
    Source Clock Delay      (SCD):    2.979ns
    Clock Pessimism Removal (CPR):    0.000ns
  Clock Uncertainty:      0.154ns  ((TSJ^2 + TIJ^2)^1/2 + DJ) / 2 + PE
    Total System Jitter     (TSJ):    0.071ns
    Total Input Jitter      (TIJ):    0.300ns
    Discrete Jitter          (DJ):    0.000ns
    Phase Error              (PE):    0.000ns
  Timing Exception:       False Path

    Location             Delay type                Incr(ns)  Path(ns)    Netlist Resource(s)
  -------------------------------------------------------------------    -------------------
                         (clock clk_fpga_0 rise edge)
                                                      0.000     0.000 r  
    PS7_X0Y0             PS7                          0.000     0.000 r  periph_vga/u_system/vga_system_i/processing_system7_0/inst/PS7_i/FCLKCLK[0]
                         net (fo=1, routed)           1.207     1.207    periph_vga/u_system/vga_system_i/processing_system7_0/inst/FCLK_CLK_unbuffered[0]
    BUFGCTRL_X0Y15       BUFG (Prop_bufg_I_O)         0.101     1.308 r  periph_vga/u_system/vga_system_i/processing_system7_0/inst/buffer_fclk_clk_0.FCLK_CLK_0_BUFG/O
                         net (fo=2395, routed)        1.671     2.979    periph_vga/u_system/vga_system_i/smartconnect_0/inst/clk_map/psr_aclk/U0/aclk
    SLICE_X16Y11         FDRE                                         r  periph_vga/u_system/vga_system_i/smartconnect_0/inst/clk_map/psr_aclk/U0/ACTIVE_LOW_BSR_OUT_DFF[0].FDRE_BSR_N/C
  -------------------------------------------------------------------    -------------------
    SLICE_X16Y11         FDRE (Prop_fdre_C_Q)         0.518     3.497 r  periph_vga/u_system/vga_system_i/smartconnect_0/inst/clk_map/psr_aclk/U0/ACTIVE_LOW_BSR_OUT_DFF[0].FDRE_BSR_N/Q
                         net (fo=5, routed)           1.324     4.821    <hidden>
    SLICE_X18Y3          LUT1 (Prop_lut1_I0_O)        0.124     4.945 f  <hidden>
                         net (fo=3, routed)           0.532     5.477    <hidden>
    SLICE_X18Y3          FDCE                                         f  <hidden>
  -------------------------------------------------------------------    -------------------

                         (clock clk_fpga_0 rise edge)
                                                      0.000     0.000 r  
    PS7_X0Y0             PS7                          0.000     0.000 r  periph_vga/u_system/vga_system_i/processing_system7_0/inst/PS7_i/FCLKCLK[0]
                         net (fo=1, routed)           1.101     1.101    periph_vga/u_system/vga_system_i/processing_system7_0/inst/FCLK_CLK_unbuffered[0]
    BUFGCTRL_X0Y15       BUFG (Prop_bufg_I_O)         0.091     1.192 r  periph_vga/u_system/vga_system_i/processing_system7_0/inst/buffer_fclk_clk_0.FCLK_CLK_0_BUFG/O
                         net (fo=2395, routed)        1.500     2.692    <hidden>
    SLICE_X18Y3          FDCE                                         r  <hidden>

Slack:                    inf
  Source:                 periph_vga/u_system/vga_system_i/smartconnect_0/inst/clk_map/psr_aclk/U0/ACTIVE_LOW_BSR_OUT_DFF[0].FDRE_BSR_N/C
                            (rising edge-triggered cell FDRE clocked by clk_fpga_0  {rise@0.000ns fall@5.000ns period=10.000ns})
  Destination:            <hidden>
                            (recovery check against rising-edge clock clk_fpga_0  {rise@0.000ns fall@5.000ns period=10.000ns})
  Path Group:             (none)
  Path Type:              Recovery (Max at Slow Process Corner)
  Data Path Delay:        2.498ns  (logic 0.642ns (25.697%)  route 1.856ns (74.303%))
  Logic Levels:           1  (LUT1=1)
  Clock Path Skew:        -0.287ns (DCD - SCD + CPR)
    Destination Clock Delay (DCD):    2.692ns
    Source Clock Delay      (SCD):    2.979ns
    Clock Pessimism Removal (CPR):    0.000ns
  Clock Uncertainty:      0.154ns  ((TSJ^2 + TIJ^2)^1/2 + DJ) / 2 + PE
    Total System Jitter     (TSJ):    0.071ns
    Total Input Jitter      (TIJ):    0.300ns
    Discrete Jitter          (DJ):    0.000ns
    Phase Error              (PE):    0.000ns
  Timing Exception:       False Path

    Location             Delay type                Incr(ns)  Path(ns)    Netlist Resource(s)
  -------------------------------------------------------------------    -------------------
                         (clock clk_fpga_0 rise edge)
                                                      0.000     0.000 r  
    PS7_X0Y0             PS7                          0.000     0.000 r  periph_vga/u_system/vga_system_i/processing_system7_0/inst/PS7_i/FCLKCLK[0]
                         net (fo=1, routed)           1.207     1.207    periph_vga/u_system/vga_system_i/processing_system7_0/inst/FCLK_CLK_unbuffered[0]
    BUFGCTRL_X0Y15       BUFG (Prop_bufg_I_O)         0.101     1.308 r  periph_vga/u_system/vga_system_i/processing_system7_0/inst/buffer_fclk_clk_0.FCLK_CLK_0_BUFG/O
                         net (fo=2395, routed)        1.671     2.979    periph_vga/u_system/vga_system_i/smartconnect_0/inst/clk_map/psr_aclk/U0/aclk
    SLICE_X16Y11         FDRE                                         r  periph_vga/u_system/vga_system_i/smartconnect_0/inst/clk_map/psr_aclk/U0/ACTIVE_LOW_BSR_OUT_DFF[0].FDRE_BSR_N/C
  -------------------------------------------------------------------    -------------------
    SLICE_X16Y11         FDRE (Prop_fdre_C_Q)         0.518     3.497 r  periph_vga/u_system/vga_system_i/smartconnect_0/inst/clk_map/psr_aclk/U0/ACTIVE_LOW_BSR_OUT_DFF[0].FDRE_BSR_N/Q
                         net (fo=5, routed)           1.324     4.821    <hidden>
    SLICE_X18Y3          LUT1 (Prop_lut1_I0_O)        0.124     4.945 f  <hidden>
                         net (fo=3, routed)           0.532     5.477    <hidden>
    SLICE_X18Y3          FDCE                                         f  <hidden>
  -------------------------------------------------------------------    -------------------

                         (clock clk_fpga_0 rise edge)
                                                      0.000     0.000 r  
    PS7_X0Y0             PS7                          0.000     0.000 r  periph_vga/u_system/vga_system_i/processing_system7_0/inst/PS7_i/FCLKCLK[0]
                         net (fo=1, routed)           1.101     1.101    periph_vga/u_system/vga_system_i/processing_system7_0/inst/FCLK_CLK_unbuffered[0]
    BUFGCTRL_X0Y15       BUFG (Prop_bufg_I_O)         0.091     1.192 r  periph_vga/u_system/vga_system_i/processing_system7_0/inst/buffer_fclk_clk_0.FCLK_CLK_0_BUFG/O
                         net (fo=2395, routed)        1.500     2.692    <hidden>
    SLICE_X18Y3          FDCE                                         r  <hidden>

Slack:                    inf
  Source:                 periph_vga/u_system/vga_system_i/smartconnect_0/inst/clk_map/psr_aclk/U0/ACTIVE_LOW_BSR_OUT_DFF[0].FDRE_BSR_N/C
                            (rising edge-triggered cell FDRE clocked by clk_fpga_0  {rise@0.000ns fall@5.000ns period=10.000ns})
  Destination:            <hidden>
                            (recovery check against rising-edge clock clk_fpga_0  {rise@0.000ns fall@5.000ns period=10.000ns})
  Path Group:             (none)
  Path Type:              Recovery (Max at Slow Process Corner)
  Data Path Delay:        2.498ns  (logic 0.642ns (25.697%)  route 1.856ns (74.303%))
  Logic Levels:           1  (LUT1=1)
  Clock Path Skew:        -0.287ns (DCD - SCD + CPR)
    Destination Clock Delay (DCD):    2.692ns
    Source Clock Delay      (SCD):    2.979ns
    Clock Pessimism Removal (CPR):    0.000ns
  Clock Uncertainty:      0.154ns  ((TSJ^2 + TIJ^2)^1/2 + DJ) / 2 + PE
    Total System Jitter     (TSJ):    0.071ns
    Total Input Jitter      (TIJ):    0.300ns
    Discrete Jitter          (DJ):    0.000ns
    Phase Error              (PE):    0.000ns
  Timing Exception:       False Path

    Location             Delay type                Incr(ns)  Path(ns)    Netlist Resource(s)
  -------------------------------------------------------------------    -------------------
                         (clock clk_fpga_0 rise edge)
                                                      0.000     0.000 r  
    PS7_X0Y0             PS7                          0.000     0.000 r  periph_vga/u_system/vga_system_i/processing_system7_0/inst/PS7_i/FCLKCLK[0]
                         net (fo=1, routed)           1.207     1.207    periph_vga/u_system/vga_system_i/processing_system7_0/inst/FCLK_CLK_unbuffered[0]
    BUFGCTRL_X0Y15       BUFG (Prop_bufg_I_O)         0.101     1.308 r  periph_vga/u_system/vga_system_i/processing_system7_0/inst/buffer_fclk_clk_0.FCLK_CLK_0_BUFG/O
                         net (fo=2395, routed)        1.671     2.979    periph_vga/u_system/vga_system_i/smartconnect_0/inst/clk_map/psr_aclk/U0/aclk
    SLICE_X16Y11         FDRE                                         r  periph_vga/u_system/vga_system_i/smartconnect_0/inst/clk_map/psr_aclk/U0/ACTIVE_LOW_BSR_OUT_DFF[0].FDRE_BSR_N/C
  -------------------------------------------------------------------    -------------------
    SLICE_X16Y11         FDRE (Prop_fdre_C_Q)         0.518     3.497 r  periph_vga/u_system/vga_system_i/smartconnect_0/inst/clk_map/psr_aclk/U0/ACTIVE_LOW_BSR_OUT_DFF[0].FDRE_BSR_N/Q
                         net (fo=5, routed)           1.324     4.821    <hidden>
    SLICE_X18Y3          LUT1 (Prop_lut1_I0_O)        0.124     4.945 f  <hidden>
                         net (fo=3, routed)           0.532     5.477    <hidden>
    SLICE_X18Y3          FDCE                                         f  <hidden>
  -------------------------------------------------------------------    -------------------

                         (clock clk_fpga_0 rise edge)
                                                      0.000     0.000 r  
    PS7_X0Y0             PS7                          0.000     0.000 r  periph_vga/u_system/vga_system_i/processing_system7_0/inst/PS7_i/FCLKCLK[0]
                         net (fo=1, routed)           1.101     1.101    periph_vga/u_system/vga_system_i/processing_system7_0/inst/FCLK_CLK_unbuffered[0]
    BUFGCTRL_X0Y15       BUFG (Prop_bufg_I_O)         0.091     1.192 r  periph_vga/u_system/vga_system_i/processing_system7_0/inst/buffer_fclk_clk_0.FCLK_CLK_0_BUFG/O
                         net (fo=2395, routed)        1.500     2.692    <hidden>
    SLICE_X18Y3          FDCE                                         r  <hidden>

Slack:                    inf
  Source:                 periph_vga/u_system/vga_system_i/axi_smc/inst/clk_map/psr_aclk/U0/ACTIVE_LOW_BSR_OUT_DFF[0].FDRE_BSR_N/C
                            (rising edge-triggered cell FDRE clocked by clk_fpga_0  {rise@0.000ns fall@5.000ns period=10.000ns})
  Destination:            <hidden>
                            (recovery check against rising-edge clock clk_fpga_0  {rise@0.000ns fall@5.000ns period=10.000ns})
  Path Group:             (none)
  Path Type:              Recovery (Max at Slow Process Corner)
  Data Path Delay:        2.474ns  (logic 0.672ns (27.161%)  route 1.802ns (72.839%))
  Logic Levels:           1  (LUT1=1)
  Clock Path Skew:        -0.281ns (DCD - SCD + CPR)
    Destination Clock Delay (DCD):    2.699ns
    Source Clock Delay      (SCD):    2.981ns
    Clock Pessimism Removal (CPR):    0.000ns
  Clock Uncertainty:      0.154ns  ((TSJ^2 + TIJ^2)^1/2 + DJ) / 2 + PE
    Total System Jitter     (TSJ):    0.071ns
    Total Input Jitter      (TIJ):    0.300ns
    Discrete Jitter          (DJ):    0.000ns
    Phase Error              (PE):    0.000ns
  Timing Exception:       False Path

    Location             Delay type                Incr(ns)  Path(ns)    Netlist Resource(s)
  -------------------------------------------------------------------    -------------------
                         (clock clk_fpga_0 rise edge)
                                                      0.000     0.000 r  
    PS7_X0Y0             PS7                          0.000     0.000 r  periph_vga/u_system/vga_system_i/processing_system7_0/inst/PS7_i/FCLKCLK[0]
                         net (fo=1, routed)           1.207     1.207    periph_vga/u_system/vga_system_i/processing_system7_0/inst/FCLK_CLK_unbuffered[0]
    BUFGCTRL_X0Y15       BUFG (Prop_bufg_I_O)         0.101     1.308 r  periph_vga/u_system/vga_system_i/processing_system7_0/inst/buffer_fclk_clk_0.FCLK_CLK_0_BUFG/O
                         net (fo=2395, routed)        1.673     2.981    periph_vga/u_system/vga_system_i/axi_smc/inst/clk_map/psr_aclk/U0/aclk
    SLICE_X16Y42         FDRE                                         r  periph_vga/u_system/vga_system_i/axi_smc/inst/clk_map/psr_aclk/U0/ACTIVE_LOW_BSR_OUT_DFF[0].FDRE_BSR_N/C
  -------------------------------------------------------------------    -------------------
    SLICE_X16Y42         FDRE (Prop_fdre_C_Q)         0.518     3.499 r  periph_vga/u_system/vga_system_i/axi_smc/inst/clk_map/psr_aclk/U0/ACTIVE_LOW_BSR_OUT_DFF[0].FDRE_BSR_N/Q
                         net (fo=9, routed)           1.277     4.776    <hidden>
    SLICE_X13Y44         LUT1 (Prop_lut1_I0_O)        0.154     4.930 f  <hidden>
                         net (fo=3, routed)           0.525     5.455    <hidden>
    SLICE_X11Y44         FDCE                                         f  <hidden>
  -------------------------------------------------------------------    -------------------

                         (clock clk_fpga_0 rise edge)
                                                      0.000     0.000 r  
    PS7_X0Y0             PS7                          0.000     0.000 r  periph_vga/u_system/vga_system_i/processing_system7_0/inst/PS7_i/FCLKCLK[0]
                         net (fo=1, routed)           1.101     1.101    periph_vga/u_system/vga_system_i/processing_system7_0/inst/FCLK_CLK_unbuffered[0]
    BUFGCTRL_X0Y15       BUFG (Prop_bufg_I_O)         0.091     1.192 r  periph_vga/u_system/vga_system_i/processing_system7_0/inst/buffer_fclk_clk_0.FCLK_CLK_0_BUFG/O
                         net (fo=2395, routed)        1.507     2.700    <hidden>
    SLICE_X11Y44         FDCE                                         r  <hidden>

Slack:                    inf
  Source:                 periph_vga/u_system/vga_system_i/axi_smc/inst/clk_map/psr_aclk/U0/ACTIVE_LOW_BSR_OUT_DFF[0].FDRE_BSR_N/C
                            (rising edge-triggered cell FDRE clocked by clk_fpga_0  {rise@0.000ns fall@5.000ns period=10.000ns})
  Destination:            <hidden>
                            (recovery check against rising-edge clock clk_fpga_0  {rise@0.000ns fall@5.000ns period=10.000ns})
  Path Group:             (none)
  Path Type:              Recovery (Max at Slow Process Corner)
  Data Path Delay:        2.474ns  (logic 0.672ns (27.161%)  route 1.802ns (72.839%))
  Logic Levels:           1  (LUT1=1)
  Clock Path Skew:        -0.281ns (DCD - SCD + CPR)
    Destination Clock Delay (DCD):    2.699ns
    Source Clock Delay      (SCD):    2.981ns
    Clock Pessimism Removal (CPR):    0.000ns
  Clock Uncertainty:      0.154ns  ((TSJ^2 + TIJ^2)^1/2 + DJ) / 2 + PE
    Total System Jitter     (TSJ):    0.071ns
    Total Input Jitter      (TIJ):    0.300ns
    Discrete Jitter          (DJ):    0.000ns
    Phase Error              (PE):    0.000ns
  Timing Exception:       False Path

    Location             Delay type                Incr(ns)  Path(ns)    Netlist Resource(s)
  -------------------------------------------------------------------    -------------------
                         (clock clk_fpga_0 rise edge)
                                                      0.000     0.000 r  
    PS7_X0Y0             PS7                          0.000     0.000 r  periph_vga/u_system/vga_system_i/processing_system7_0/inst/PS7_i/FCLKCLK[0]
                         net (fo=1, routed)           1.207     1.207    periph_vga/u_system/vga_system_i/processing_system7_0/inst/FCLK_CLK_unbuffered[0]
    BUFGCTRL_X0Y15       BUFG (Prop_bufg_I_O)         0.101     1.308 r  periph_vga/u_system/vga_system_i/processing_system7_0/inst/buffer_fclk_clk_0.FCLK_CLK_0_BUFG/O
                         net (fo=2395, routed)        1.673     2.981    periph_vga/u_system/vga_system_i/axi_smc/inst/clk_map/psr_aclk/U0/aclk
    SLICE_X16Y42         FDRE                                         r  periph_vga/u_system/vga_system_i/axi_smc/inst/clk_map/psr_aclk/U0/ACTIVE_LOW_BSR_OUT_DFF[0].FDRE_BSR_N/C
  -------------------------------------------------------------------    -------------------
    SLICE_X16Y42         FDRE (Prop_fdre_C_Q)         0.518     3.499 r  periph_vga/u_system/vga_system_i/axi_smc/inst/clk_map/psr_aclk/U0/ACTIVE_LOW_BSR_OUT_DFF[0].FDRE_BSR_N/Q
                         net (fo=9, routed)           1.277     4.776    <hidden>
    SLICE_X13Y44         LUT1 (Prop_lut1_I0_O)        0.154     4.930 f  <hidden>
                         net (fo=3, routed)           0.525     5.455    <hidden>
    SLICE_X11Y44         FDCE                                         f  <hidden>
  -------------------------------------------------------------------    -------------------

                         (clock clk_fpga_0 rise edge)
                                                      0.000     0.000 r  
    PS7_X0Y0             PS7                          0.000     0.000 r  periph_vga/u_system/vga_system_i/processing_system7_0/inst/PS7_i/FCLKCLK[0]
                         net (fo=1, routed)           1.101     1.101    periph_vga/u_system/vga_system_i/processing_system7_0/inst/FCLK_CLK_unbuffered[0]
    BUFGCTRL_X0Y15       BUFG (Prop_bufg_I_O)         0.091     1.192 r  periph_vga/u_system/vga_system_i/processing_system7_0/inst/buffer_fclk_clk_0.FCLK_CLK_0_BUFG/O
                         net (fo=2395, routed)        1.507     2.700    <hidden>
    SLICE_X11Y44         FDCE                                         r  <hidden>

Slack:                    inf
  Source:                 periph_vga/u_system/vga_system_i/axi_smc/inst/clk_map/psr_aclk/U0/ACTIVE_LOW_BSR_OUT_DFF[0].FDRE_BSR_N/C
                            (rising edge-triggered cell FDRE clocked by clk_fpga_0  {rise@0.000ns fall@5.000ns period=10.000ns})
  Destination:            <hidden>
                            (recovery check against rising-edge clock clk_fpga_0  {rise@0.000ns fall@5.000ns period=10.000ns})
  Path Group:             (none)
  Path Type:              Recovery (Max at Slow Process Corner)
  Data Path Delay:        2.474ns  (logic 0.672ns (27.161%)  route 1.802ns (72.839%))
  Logic Levels:           1  (LUT1=1)
  Clock Path Skew:        -0.281ns (DCD - SCD + CPR)
    Destination Clock Delay (DCD):    2.699ns
    Source Clock Delay      (SCD):    2.981ns
    Clock Pessimism Removal (CPR):    0.000ns
  Clock Uncertainty:      0.154ns  ((TSJ^2 + TIJ^2)^1/2 + DJ) / 2 + PE
    Total System Jitter     (TSJ):    0.071ns
    Total Input Jitter      (TIJ):    0.300ns
    Discrete Jitter          (DJ):    0.000ns
    Phase Error              (PE):    0.000ns
  Timing Exception:       False Path

    Location             Delay type                Incr(ns)  Path(ns)    Netlist Resource(s)
  -------------------------------------------------------------------    -------------------
                         (clock clk_fpga_0 rise edge)
                                                      0.000     0.000 r  
    PS7_X0Y0             PS7                          0.000     0.000 r  periph_vga/u_system/vga_system_i/processing_system7_0/inst/PS7_i/FCLKCLK[0]
                         net (fo=1, routed)           1.207     1.207    periph_vga/u_system/vga_system_i/processing_system7_0/inst/FCLK_CLK_unbuffered[0]
    BUFGCTRL_X0Y15       BUFG (Prop_bufg_I_O)         0.101     1.308 r  periph_vga/u_system/vga_system_i/processing_system7_0/inst/buffer_fclk_clk_0.FCLK_CLK_0_BUFG/O
                         net (fo=2395, routed)        1.673     2.981    periph_vga/u_system/vga_system_i/axi_smc/inst/clk_map/psr_aclk/U0/aclk
    SLICE_X16Y42         FDRE                                         r  periph_vga/u_system/vga_system_i/axi_smc/inst/clk_map/psr_aclk/U0/ACTIVE_LOW_BSR_OUT_DFF[0].FDRE_BSR_N/C
  -------------------------------------------------------------------    -------------------
    SLICE_X16Y42         FDRE (Prop_fdre_C_Q)         0.518     3.499 r  periph_vga/u_system/vga_system_i/axi_smc/inst/clk_map/psr_aclk/U0/ACTIVE_LOW_BSR_OUT_DFF[0].FDRE_BSR_N/Q
                         net (fo=9, routed)           1.277     4.776    <hidden>
    SLICE_X13Y44         LUT1 (Prop_lut1_I0_O)        0.154     4.930 f  <hidden>
                         net (fo=3, routed)           0.525     5.455    <hidden>
    SLICE_X11Y44         FDCE                                         f  <hidden>
  -------------------------------------------------------------------    -------------------

                         (clock clk_fpga_0 rise edge)
                                                      0.000     0.000 r  
    PS7_X0Y0             PS7                          0.000     0.000 r  periph_vga/u_system/vga_system_i/processing_system7_0/inst/PS7_i/FCLKCLK[0]
                         net (fo=1, routed)           1.101     1.101    periph_vga/u_system/vga_system_i/processing_system7_0/inst/FCLK_CLK_unbuffered[0]
    BUFGCTRL_X0Y15       BUFG (Prop_bufg_I_O)         0.091     1.192 r  periph_vga/u_system/vga_system_i/processing_system7_0/inst/buffer_fclk_clk_0.FCLK_CLK_0_BUFG/O
                         net (fo=2395, routed)        1.507     2.700    <hidden>
    SLICE_X11Y44         FDCE                                         r  <hidden>





Min Delay Paths
--------------------------------------------------------------------------------------
Slack:                    inf
  Source:                 periph_vga/u_system/vga_system_i/axi_vdma_0/U0/AXI_LITE_REG_INTERFACE_I/GEN_AXI_LITE_IF.AXI_LITE_IF_I/GEN_LITE_IS_ASYNC.GEN_MM2S_ONLY_ASYNC_LITE_ACCESS.mm2s_ip2axi_rddata_d1_reg[27]/C
                            (rising edge-triggered cell FDRE clocked by clk_fpga_0  {rise@0.000ns fall@5.000ns period=10.000ns})
  Destination:            periph_vga/u_system/vga_system_i/axi_vdma_0/U0/AXI_LITE_REG_INTERFACE_I/GEN_AXI_LITE_IF.AXI_LITE_IF_I/GEN_LITE_IS_ASYNC.GEN_MM2S_ONLY_ASYNC_LITE_ACCESS.ip2axi_rddata_captured_mm2s_cdc_tig_reg[27]/D
                            (rising edge-triggered cell FDRE clocked by clk_fpga_0  {rise@0.000ns fall@5.000ns period=10.000ns})
  Path Group:             (none)
  Path Type:              Hold (Min at Fast Process Corner)
  Data Path Delay:        0.197ns  (logic 0.141ns (71.611%)  route 0.056ns (28.389%))
  Logic Levels:           0  
  Clock Path Skew:        0.296ns (DCD - SCD - CPR)
    Destination Clock Delay (DCD):    1.199ns
    Source Clock Delay      (SCD):    0.903ns
    Clock Pessimism Removal (CPR):    -0.000ns
  Clock Uncertainty:      0.154ns  ((TSJ^2 + TIJ^2)^1/2 + DJ) / 2 + PE
    Total System Jitter     (TSJ):    0.071ns
    Total Input Jitter      (TIJ):    0.300ns
    Discrete Jitter          (DJ):    0.000ns
    Phase Error              (PE):    0.000ns
  Timing Exception:       False Path

    Location             Delay type                Incr(ns)  Path(ns)    Netlist Resource(s)
  -------------------------------------------------------------------    -------------------
                         (clock clk_fpga_0 rise edge)
                                                      0.000     0.000 r  
    PS7_X0Y0             PS7                          0.000     0.000 r  periph_vga/u_system/vga_system_i/processing_system7_0/inst/PS7_i/FCLKCLK[0]
                         net (fo=1, routed)           0.315     0.315    periph_vga/u_system/vga_system_i/processing_system7_0/inst/FCLK_CLK_unbuffered[0]
    BUFGCTRL_X0Y15       BUFG (Prop_bufg_I_O)         0.026     0.341 r  periph_vga/u_system/vga_system_i/processing_system7_0/inst/buffer_fclk_clk_0.FCLK_CLK_0_BUFG/O
                         net (fo=2395, routed)        0.562     0.903    periph_vga/u_system/vga_system_i/axi_vdma_0/U0/AXI_LITE_REG_INTERFACE_I/GEN_AXI_LITE_IF.AXI_LITE_IF_I/s_axi_lite_aclk
    SLICE_X7Y35          FDRE                                         r  periph_vga/u_system/vga_system_i/axi_vdma_0/U0/AXI_LITE_REG_INTERFACE_I/GEN_AXI_LITE_IF.AXI_LITE_IF_I/GEN_LITE_IS_ASYNC.GEN_MM2S_ONLY_ASYNC_LITE_ACCESS.mm2s_ip2axi_rddata_d1_reg[27]/C
  -------------------------------------------------------------------    -------------------
    SLICE_X7Y35          FDRE (Prop_fdre_C_Q)         0.141     1.044 r  periph_vga/u_system/vga_system_i/axi_vdma_0/U0/AXI_LITE_REG_INTERFACE_I/GEN_AXI_LITE_IF.AXI_LITE_IF_I/GEN_LITE_IS_ASYNC.GEN_MM2S_ONLY_ASYNC_LITE_ACCESS.mm2s_ip2axi_rddata_d1_reg[27]/Q
                         net (fo=1, routed)           0.056     1.099    periph_vga/u_system/vga_system_i/axi_vdma_0/U0/AXI_LITE_REG_INTERFACE_I/GEN_AXI_LITE_IF.AXI_LITE_IF_I/mm2s_ip2axi_rddata_d1[27]
    SLICE_X7Y35          FDRE                                         r  periph_vga/u_system/vga_system_i/axi_vdma_0/U0/AXI_LITE_REG_INTERFACE_I/GEN_AXI_LITE_IF.AXI_LITE_IF_I/GEN_LITE_IS_ASYNC.GEN_MM2S_ONLY_ASYNC_LITE_ACCESS.ip2axi_rddata_captured_mm2s_cdc_tig_reg[27]/D
  -------------------------------------------------------------------    -------------------

                         (clock clk_fpga_0 rise edge)
                                                      0.000     0.000 r  
    PS7_X0Y0             PS7                          0.000     0.000 r  periph_vga/u_system/vga_system_i/processing_system7_0/inst/PS7_i/FCLKCLK[0]
                         net (fo=1, routed)           0.341     0.341    periph_vga/u_system/vga_system_i/processing_system7_0/inst/FCLK_CLK_unbuffered[0]
    BUFGCTRL_X0Y15       BUFG (Prop_bufg_I_O)         0.029     0.370 r  periph_vga/u_system/vga_system_i/processing_system7_0/inst/buffer_fclk_clk_0.FCLK_CLK_0_BUFG/O
                         net (fo=2395, routed)        0.829     1.199    periph_vga/u_system/vga_system_i/axi_vdma_0/U0/AXI_LITE_REG_INTERFACE_I/GEN_AXI_LITE_IF.AXI_LITE_IF_I/s_axi_lite_aclk
    SLICE_X7Y35          FDRE                                         r  periph_vga/u_system/vga_system_i/axi_vdma_0/U0/AXI_LITE_REG_INTERFACE_I/GEN_AXI_LITE_IF.AXI_LITE_IF_I/GEN_LITE_IS_ASYNC.GEN_MM2S_ONLY_ASYNC_LITE_ACCESS.ip2axi_rddata_captured_mm2s_cdc_tig_reg[27]/C

Slack:                    inf
  Source:                 periph_vga/u_system/vga_system_i/axi_vdma_0/U0/AXI_LITE_REG_INTERFACE_I/GEN_AXI_LITE_IF.AXI_LITE_IF_I/GEN_LITE_IS_ASYNC.GEN_MM2S_ONLY_ASYNC_LITE_ACCESS.mm2s_ip2axi_rddata_d1_reg[13]/C
                            (rising edge-triggered cell FDRE clocked by clk_fpga_0  {rise@0.000ns fall@5.000ns period=10.000ns})
  Destination:            periph_vga/u_system/vga_system_i/axi_vdma_0/U0/AXI_LITE_REG_INTERFACE_I/GEN_AXI_LITE_IF.AXI_LITE_IF_I/GEN_LITE_IS_ASYNC.GEN_MM2S_ONLY_ASYNC_LITE_ACCESS.ip2axi_rddata_captured_mm2s_cdc_tig_reg[13]/D
                            (rising edge-triggered cell FDRE clocked by clk_fpga_0  {rise@0.000ns fall@5.000ns period=10.000ns})
  Path Group:             (none)
  Path Type:              Hold (Min at Fast Process Corner)
  Data Path Delay:        0.220ns  (logic 0.164ns (74.580%)  route 0.056ns (25.420%))
  Logic Levels:           0  
  Clock Path Skew:        0.296ns (DCD - SCD - CPR)
    Destination Clock Delay (DCD):    1.216ns
    Source Clock Delay      (SCD):    0.921ns
    Clock Pessimism Removal (CPR):    -0.000ns
  Clock Uncertainty:      0.154ns  ((TSJ^2 + TIJ^2)^1/2 + DJ) / 2 + PE
    Total System Jitter     (TSJ):    0.071ns
    Total Input Jitter      (TIJ):    0.300ns
    Discrete Jitter          (DJ):    0.000ns
    Phase Error              (PE):    0.000ns
  Timing Exception:       False Path

    Location             Delay type                Incr(ns)  Path(ns)    Netlist Resource(s)
  -------------------------------------------------------------------    -------------------
                         (clock clk_fpga_0 rise edge)
                                                      0.000     0.000 r  
    PS7_X0Y0             PS7                          0.000     0.000 r  periph_vga/u_system/vga_system_i/processing_system7_0/inst/PS7_i/FCLKCLK[0]
                         net (fo=1, routed)           0.315     0.315    periph_vga/u_system/vga_system_i/processing_system7_0/inst/FCLK_CLK_unbuffered[0]
    BUFGCTRL_X0Y15       BUFG (Prop_bufg_I_O)         0.026     0.341 r  periph_vga/u_system/vga_system_i/processing_system7_0/inst/buffer_fclk_clk_0.FCLK_CLK_0_BUFG/O
                         net (fo=2395, routed)        0.580     0.921    periph_vga/u_system/vga_system_i/axi_vdma_0/U0/AXI_LITE_REG_INTERFACE_I/GEN_AXI_LITE_IF.AXI_LITE_IF_I/s_axi_lite_aclk
    SLICE_X4Y33          FDRE                                         r  periph_vga/u_system/vga_system_i/axi_vdma_0/U0/AXI_LITE_REG_INTERFACE_I/GEN_AXI_LITE_IF.AXI_LITE_IF_I/GEN_LITE_IS_ASYNC.GEN_MM2S_ONLY_ASYNC_LITE_ACCESS.mm2s_ip2axi_rddata_d1_reg[13]/C
  -------------------------------------------------------------------    -------------------
    SLICE_X4Y33          FDRE (Prop_fdre_C_Q)         0.164     1.085 r  periph_vga/u_system/vga_system_i/axi_vdma_0/U0/AXI_LITE_REG_INTERFACE_I/GEN_AXI_LITE_IF.AXI_LITE_IF_I/GEN_LITE_IS_ASYNC.GEN_MM2S_ONLY_ASYNC_LITE_ACCESS.mm2s_ip2axi_rddata_d1_reg[13]/Q
                         net (fo=1, routed)           0.056     1.140    periph_vga/u_system/vga_system_i/axi_vdma_0/U0/AXI_LITE_REG_INTERFACE_I/GEN_AXI_LITE_IF.AXI_LITE_IF_I/mm2s_ip2axi_rddata_d1[13]
    SLICE_X4Y33          FDRE                                         r  periph_vga/u_system/vga_system_i/axi_vdma_0/U0/AXI_LITE_REG_INTERFACE_I/GEN_AXI_LITE_IF.AXI_LITE_IF_I/GEN_LITE_IS_ASYNC.GEN_MM2S_ONLY_ASYNC_LITE_ACCESS.ip2axi_rddata_captured_mm2s_cdc_tig_reg[13]/D
  -------------------------------------------------------------------    -------------------

                         (clock clk_fpga_0 rise edge)
                                                      0.000     0.000 r  
    PS7_X0Y0             PS7                          0.000     0.000 r  periph_vga/u_system/vga_system_i/processing_system7_0/inst/PS7_i/FCLKCLK[0]
                         net (fo=1, routed)           0.341     0.341    periph_vga/u_system/vga_system_i/processing_system7_0/inst/FCLK_CLK_unbuffered[0]
    BUFGCTRL_X0Y15       BUFG (Prop_bufg_I_O)         0.029     0.370 r  periph_vga/u_system/vga_system_i/processing_system7_0/inst/buffer_fclk_clk_0.FCLK_CLK_0_BUFG/O
                         net (fo=2395, routed)        0.846     1.216    periph_vga/u_system/vga_system_i/axi_vdma_0/U0/AXI_LITE_REG_INTERFACE_I/GEN_AXI_LITE_IF.AXI_LITE_IF_I/s_axi_lite_aclk
    SLICE_X4Y33          FDRE                                         r  periph_vga/u_system/vga_system_i/axi_vdma_0/U0/AXI_LITE_REG_INTERFACE_I/GEN_AXI_LITE_IF.AXI_LITE_IF_I/GEN_LITE_IS_ASYNC.GEN_MM2S_ONLY_ASYNC_LITE_ACCESS.ip2axi_rddata_captured_mm2s_cdc_tig_reg[13]/C

Slack:                    inf
  Source:                 periph_vga/u_system/vga_system_i/axi_vdma_0/U0/AXI_LITE_REG_INTERFACE_I/GEN_AXI_LITE_IF.AXI_LITE_IF_I/wdata_reg[0]/C
                            (rising edge-triggered cell FDRE clocked by clk_fpga_0  {rise@0.000ns fall@5.000ns period=10.000ns})
  Destination:            periph_vga/u_system/vga_system_i/axi_vdma_0/U0/AXI_LITE_REG_INTERFACE_I/GEN_AXI_LITE_IF.AXI_LITE_IF_I/GEN_LITE_IS_ASYNC.GEN_MM2S_ONLY_ASYNC_LITE_ACCESS.mm2s_axi2ip_wrdata_cdc_tig_reg[0]/D
                            (rising edge-triggered cell FDRE clocked by clk_fpga_0  {rise@0.000ns fall@5.000ns period=10.000ns})
  Path Group:             (none)
  Path Type:              Hold (Min at Fast Process Corner)
  Data Path Delay:        0.241ns  (logic 0.128ns (53.102%)  route 0.113ns (46.898%))
  Logic Levels:           0  
  Clock Path Skew:        0.295ns (DCD - SCD - CPR)
    Destination Clock Delay (DCD):    1.199ns
    Source Clock Delay      (SCD):    0.904ns
    Clock Pessimism Removal (CPR):    -0.000ns
  Clock Uncertainty:      0.154ns  ((TSJ^2 + TIJ^2)^1/2 + DJ) / 2 + PE
    Total System Jitter     (TSJ):    0.071ns
    Total Input Jitter      (TIJ):    0.300ns
    Discrete Jitter          (DJ):    0.000ns
    Phase Error              (PE):    0.000ns
  Timing Exception:       False Path

    Location             Delay type                Incr(ns)  Path(ns)    Netlist Resource(s)
  -------------------------------------------------------------------    -------------------
                         (clock clk_fpga_0 rise edge)
                                                      0.000     0.000 r  
    PS7_X0Y0             PS7                          0.000     0.000 r  periph_vga/u_system/vga_system_i/processing_system7_0/inst/PS7_i/FCLKCLK[0]
                         net (fo=1, routed)           0.315     0.315    periph_vga/u_system/vga_system_i/processing_system7_0/inst/FCLK_CLK_unbuffered[0]
    BUFGCTRL_X0Y15       BUFG (Prop_bufg_I_O)         0.026     0.341 r  periph_vga/u_system/vga_system_i/processing_system7_0/inst/buffer_fclk_clk_0.FCLK_CLK_0_BUFG/O
                         net (fo=2395, routed)        0.563     0.904    periph_vga/u_system/vga_system_i/axi_vdma_0/U0/AXI_LITE_REG_INTERFACE_I/GEN_AXI_LITE_IF.AXI_LITE_IF_I/s_axi_lite_aclk
    SLICE_X7Y37          FDRE                                         r  periph_vga/u_system/vga_system_i/axi_vdma_0/U0/AXI_LITE_REG_INTERFACE_I/GEN_AXI_LITE_IF.AXI_LITE_IF_I/wdata_reg[0]/C
  -------------------------------------------------------------------    -------------------
    SLICE_X7Y37          FDRE (Prop_fdre_C_Q)         0.128     1.031 r  periph_vga/u_system/vga_system_i/axi_vdma_0/U0/AXI_LITE_REG_INTERFACE_I/GEN_AXI_LITE_IF.AXI_LITE_IF_I/wdata_reg[0]/Q
                         net (fo=1, routed)           0.113     1.145    periph_vga/u_system/vga_system_i/axi_vdma_0/U0/AXI_LITE_REG_INTERFACE_I/GEN_AXI_LITE_IF.AXI_LITE_IF_I/wdata[0]
    SLICE_X7Y35          FDRE                                         r  periph_vga/u_system/vga_system_i/axi_vdma_0/U0/AXI_LITE_REG_INTERFACE_I/GEN_AXI_LITE_IF.AXI_LITE_IF_I/GEN_LITE_IS_ASYNC.GEN_MM2S_ONLY_ASYNC_LITE_ACCESS.mm2s_axi2ip_wrdata_cdc_tig_reg[0]/D
  -------------------------------------------------------------------    -------------------

                         (clock clk_fpga_0 rise edge)
                                                      0.000     0.000 r  
    PS7_X0Y0             PS7                          0.000     0.000 r  periph_vga/u_system/vga_system_i/processing_system7_0/inst/PS7_i/FCLKCLK[0]
                         net (fo=1, routed)           0.341     0.341    periph_vga/u_system/vga_system_i/processing_system7_0/inst/FCLK_CLK_unbuffered[0]
    BUFGCTRL_X0Y15       BUFG (Prop_bufg_I_O)         0.029     0.370 r  periph_vga/u_system/vga_system_i/processing_system7_0/inst/buffer_fclk_clk_0.FCLK_CLK_0_BUFG/O
                         net (fo=2395, routed)        0.829     1.199    periph_vga/u_system/vga_system_i/axi_vdma_0/U0/AXI_LITE_REG_INTERFACE_I/GEN_AXI_LITE_IF.AXI_LITE_IF_I/s_axi_lite_aclk
    SLICE_X7Y35          FDRE                                         r  periph_vga/u_system/vga_system_i/axi_vdma_0/U0/AXI_LITE_REG_INTERFACE_I/GEN_AXI_LITE_IF.AXI_LITE_IF_I/GEN_LITE_IS_ASYNC.GEN_MM2S_ONLY_ASYNC_LITE_ACCESS.mm2s_axi2ip_wrdata_cdc_tig_reg[0]/C

Slack:                    inf
  Source:                 periph_vga/u_system/vga_system_i/axi_vdma_0/U0/I_RST_MODULE/GEN_RESET_FOR_MM2S.RESET_I/GEN_MIN_FOR_ASYNC.LITE_CLR_CDC_I/src_level_ff_reg/C
                            (rising edge-triggered cell FDRE clocked by clk_fpga_0  {rise@0.000ns fall@5.000ns period=10.000ns})
  Destination:            periph_vga/u_system/vga_system_i/axi_vdma_0/U0/I_RST_MODULE/GEN_RESET_FOR_MM2S.RESET_I/GEN_MIN_FOR_ASYNC.LITE_CLR_CDC_I/xpm_cdc_single_inst/syncstages_ff_reg[0]/D
                            (rising edge-triggered cell FDRE clocked by clk_fpga_0  {rise@0.000ns fall@5.000ns period=10.000ns})
  Path Group:             (none)
  Path Type:              Hold (Min at Fast Process Corner)
  Data Path Delay:        0.257ns  (logic 0.164ns (63.762%)  route 0.093ns (36.238%))
  Logic Levels:           0  
  Clock Path Skew:        0.294ns (DCD - SCD - CPR)
    Destination Clock Delay (DCD):    1.186ns
    Source Clock Delay      (SCD):    0.892ns
    Clock Pessimism Removal (CPR):    -0.000ns
  Clock Uncertainty:      0.154ns  ((TSJ^2 + TIJ^2)^1/2 + DJ) / 2 + PE
    Total System Jitter     (TSJ):    0.071ns
    Total Input Jitter      (TIJ):    0.300ns
    Discrete Jitter          (DJ):    0.000ns
    Phase Error              (PE):    0.000ns
  Timing Exception:       False Path

    Location             Delay type                Incr(ns)  Path(ns)    Netlist Resource(s)
  -------------------------------------------------------------------    -------------------
                         (clock clk_fpga_0 rise edge)
                                                      0.000     0.000 r  
    PS7_X0Y0             PS7                          0.000     0.000 r  periph_vga/u_system/vga_system_i/processing_system7_0/inst/PS7_i/FCLKCLK[0]
                         net (fo=1, routed)           0.315     0.315    periph_vga/u_system/vga_system_i/processing_system7_0/inst/FCLK_CLK_unbuffered[0]
    BUFGCTRL_X0Y15       BUFG (Prop_bufg_I_O)         0.026     0.341 r  periph_vga/u_system/vga_system_i/processing_system7_0/inst/buffer_fclk_clk_0.FCLK_CLK_0_BUFG/O
                         net (fo=2395, routed)        0.551     0.891    periph_vga/u_system/vga_system_i/axi_vdma_0/U0/I_RST_MODULE/GEN_RESET_FOR_MM2S.RESET_I/GEN_MIN_FOR_ASYNC.LITE_CLR_CDC_I/src_clk
    SLICE_X16Y26         FDRE                                         r  periph_vga/u_system/vga_system_i/axi_vdma_0/U0/I_RST_MODULE/GEN_RESET_FOR_MM2S.RESET_I/GEN_MIN_FOR_ASYNC.LITE_CLR_CDC_I/src_level_ff_reg/C
  -------------------------------------------------------------------    -------------------
    SLICE_X16Y26         FDRE (Prop_fdre_C_Q)         0.164     1.056 r  periph_vga/u_system/vga_system_i/axi_vdma_0/U0/I_RST_MODULE/GEN_RESET_FOR_MM2S.RESET_I/GEN_MIN_FOR_ASYNC.LITE_CLR_CDC_I/src_level_ff_reg/Q
                         net (fo=2, routed)           0.093     1.149    periph_vga/u_system/vga_system_i/axi_vdma_0/U0/I_RST_MODULE/GEN_RESET_FOR_MM2S.RESET_I/GEN_MIN_FOR_ASYNC.LITE_CLR_CDC_I/xpm_cdc_single_inst/src_in
    SLICE_X17Y26         FDRE                                         r  periph_vga/u_system/vga_system_i/axi_vdma_0/U0/I_RST_MODULE/GEN_RESET_FOR_MM2S.RESET_I/GEN_MIN_FOR_ASYNC.LITE_CLR_CDC_I/xpm_cdc_single_inst/syncstages_ff_reg[0]/D
  -------------------------------------------------------------------    -------------------

                         (clock clk_fpga_0 rise edge)
                                                      0.000     0.000 r  
    PS7_X0Y0             PS7                          0.000     0.000 r  periph_vga/u_system/vga_system_i/processing_system7_0/inst/PS7_i/FCLKCLK[0]
                         net (fo=1, routed)           0.341     0.341    periph_vga/u_system/vga_system_i/processing_system7_0/inst/FCLK_CLK_unbuffered[0]
    BUFGCTRL_X0Y15       BUFG (Prop_bufg_I_O)         0.029     0.370 r  periph_vga/u_system/vga_system_i/processing_system7_0/inst/buffer_fclk_clk_0.FCLK_CLK_0_BUFG/O
                         net (fo=2395, routed)        0.816     1.186    periph_vga/u_system/vga_system_i/axi_vdma_0/U0/I_RST_MODULE/GEN_RESET_FOR_MM2S.RESET_I/GEN_MIN_FOR_ASYNC.LITE_CLR_CDC_I/xpm_cdc_single_inst/dest_clk
    SLICE_X17Y26         FDRE                                         r  periph_vga/u_system/vga_system_i/axi_vdma_0/U0/I_RST_MODULE/GEN_RESET_FOR_MM2S.RESET_I/GEN_MIN_FOR_ASYNC.LITE_CLR_CDC_I/xpm_cdc_single_inst/syncstages_ff_reg[0]/C

Slack:                    inf
  Source:                 periph_vga/u_system/vga_system_i/axi_vdma_0/U0/AXI_LITE_REG_INTERFACE_I/GEN_AXI_LITE_IF.AXI_LITE_IF_I/wdata_reg[2]/C
                            (rising edge-triggered cell FDRE clocked by clk_fpga_0  {rise@0.000ns fall@5.000ns period=10.000ns})
  Destination:            periph_vga/u_system/vga_system_i/axi_vdma_0/U0/AXI_LITE_REG_INTERFACE_I/GEN_AXI_LITE_IF.AXI_LITE_IF_I/GEN_LITE_IS_ASYNC.GEN_MM2S_ONLY_ASYNC_LITE_ACCESS.mm2s_axi2ip_wrdata_cdc_tig_reg[2]/D
                            (rising edge-triggered cell FDRE clocked by clk_fpga_0  {rise@0.000ns fall@5.000ns period=10.000ns})
  Path Group:             (none)
  Path Type:              Hold (Min at Fast Process Corner)
  Data Path Delay:        0.248ns  (logic 0.128ns (51.686%)  route 0.120ns (48.314%))
  Logic Levels:           0  
  Clock Path Skew:        0.295ns (DCD - SCD - CPR)
    Destination Clock Delay (DCD):    1.199ns
    Source Clock Delay      (SCD):    0.904ns
    Clock Pessimism Removal (CPR):    -0.000ns
  Clock Uncertainty:      0.154ns  ((TSJ^2 + TIJ^2)^1/2 + DJ) / 2 + PE
    Total System Jitter     (TSJ):    0.071ns
    Total Input Jitter      (TIJ):    0.300ns
    Discrete Jitter          (DJ):    0.000ns
    Phase Error              (PE):    0.000ns
  Timing Exception:       False Path

    Location             Delay type                Incr(ns)  Path(ns)    Netlist Resource(s)
  -------------------------------------------------------------------    -------------------
                         (clock clk_fpga_0 rise edge)
                                                      0.000     0.000 r  
    PS7_X0Y0             PS7                          0.000     0.000 r  periph_vga/u_system/vga_system_i/processing_system7_0/inst/PS7_i/FCLKCLK[0]
                         net (fo=1, routed)           0.315     0.315    periph_vga/u_system/vga_system_i/processing_system7_0/inst/FCLK_CLK_unbuffered[0]
    BUFGCTRL_X0Y15       BUFG (Prop_bufg_I_O)         0.026     0.341 r  periph_vga/u_system/vga_system_i/processing_system7_0/inst/buffer_fclk_clk_0.FCLK_CLK_0_BUFG/O
                         net (fo=2395, routed)        0.563     0.904    periph_vga/u_system/vga_system_i/axi_vdma_0/U0/AXI_LITE_REG_INTERFACE_I/GEN_AXI_LITE_IF.AXI_LITE_IF_I/s_axi_lite_aclk
    SLICE_X7Y37          FDRE                                         r  periph_vga/u_system/vga_system_i/axi_vdma_0/U0/AXI_LITE_REG_INTERFACE_I/GEN_AXI_LITE_IF.AXI_LITE_IF_I/wdata_reg[2]/C
  -------------------------------------------------------------------    -------------------
    SLICE_X7Y37          FDRE (Prop_fdre_C_Q)         0.128     1.031 r  periph_vga/u_system/vga_system_i/axi_vdma_0/U0/AXI_LITE_REG_INTERFACE_I/GEN_AXI_LITE_IF.AXI_LITE_IF_I/wdata_reg[2]/Q
                         net (fo=1, routed)           0.120     1.151    periph_vga/u_system/vga_system_i/axi_vdma_0/U0/AXI_LITE_REG_INTERFACE_I/GEN_AXI_LITE_IF.AXI_LITE_IF_I/wdata[2]
    SLICE_X7Y35          FDRE                                         r  periph_vga/u_system/vga_system_i/axi_vdma_0/U0/AXI_LITE_REG_INTERFACE_I/GEN_AXI_LITE_IF.AXI_LITE_IF_I/GEN_LITE_IS_ASYNC.GEN_MM2S_ONLY_ASYNC_LITE_ACCESS.mm2s_axi2ip_wrdata_cdc_tig_reg[2]/D
  -------------------------------------------------------------------    -------------------

                         (clock clk_fpga_0 rise edge)
                                                      0.000     0.000 r  
    PS7_X0Y0             PS7                          0.000     0.000 r  periph_vga/u_system/vga_system_i/processing_system7_0/inst/PS7_i/FCLKCLK[0]
                         net (fo=1, routed)           0.341     0.341    periph_vga/u_system/vga_system_i/processing_system7_0/inst/FCLK_CLK_unbuffered[0]
    BUFGCTRL_X0Y15       BUFG (Prop_bufg_I_O)         0.029     0.370 r  periph_vga/u_system/vga_system_i/processing_system7_0/inst/buffer_fclk_clk_0.FCLK_CLK_0_BUFG/O
                         net (fo=2395, routed)        0.829     1.199    periph_vga/u_system/vga_system_i/axi_vdma_0/U0/AXI_LITE_REG_INTERFACE_I/GEN_AXI_LITE_IF.AXI_LITE_IF_I/s_axi_lite_aclk
    SLICE_X7Y35          FDRE                                         r  periph_vga/u_system/vga_system_i/axi_vdma_0/U0/AXI_LITE_REG_INTERFACE_I/GEN_AXI_LITE_IF.AXI_LITE_IF_I/GEN_LITE_IS_ASYNC.GEN_MM2S_ONLY_ASYNC_LITE_ACCESS.mm2s_axi2ip_wrdata_cdc_tig_reg[2]/C

Slack:                    inf
  Source:                 periph_vga/u_system/vga_system_i/axi_vdma_0/U0/GEN_SPRT_FOR_MM2S.MM2S_REGISTER_MODULE_I/I_DMA_REGISTER/MM2S_ERR_FOR_IRQ.frm_store_i_reg[2]/C
                            (rising edge-triggered cell FDRE clocked by clk_fpga_0  {rise@0.000ns fall@5.000ns period=10.000ns})
  Destination:            periph_vga/u_system/vga_system_i/axi_vdma_0/U0/AXI_LITE_REG_INTERFACE_I/GEN_MM2S_LITE_CROSSINGS.GEN_MM2S_CROSSINGS_ASYNC.mm2s_ip2axi_frame_store_cdc_tig_reg[2]/D
                            (rising edge-triggered cell FDRE clocked by clk_fpga_0  {rise@0.000ns fall@5.000ns period=10.000ns})
  Path Group:             (none)
  Path Type:              Hold (Min at Fast Process Corner)
  Data Path Delay:        0.245ns  (logic 0.141ns (57.564%)  route 0.104ns (42.436%))
  Logic Levels:           0  
  Clock Path Skew:        0.295ns (DCD - SCD - CPR)
    Destination Clock Delay (DCD):    1.217ns
    Source Clock Delay      (SCD):    0.922ns
    Clock Pessimism Removal (CPR):    -0.000ns
  Clock Uncertainty:      0.154ns  ((TSJ^2 + TIJ^2)^1/2 + DJ) / 2 + PE
    Total System Jitter     (TSJ):    0.071ns
    Total Input Jitter      (TIJ):    0.300ns
    Discrete Jitter          (DJ):    0.000ns
    Phase Error              (PE):    0.000ns
  Timing Exception:       False Path

    Location             Delay type                Incr(ns)  Path(ns)    Netlist Resource(s)
  -------------------------------------------------------------------    -------------------
                         (clock clk_fpga_0 rise edge)
                                                      0.000     0.000 r  
    PS7_X0Y0             PS7                          0.000     0.000 r  periph_vga/u_system/vga_system_i/processing_system7_0/inst/PS7_i/FCLKCLK[0]
                         net (fo=1, routed)           0.315     0.315    periph_vga/u_system/vga_system_i/processing_system7_0/inst/FCLK_CLK_unbuffered[0]
    BUFGCTRL_X0Y15       BUFG (Prop_bufg_I_O)         0.026     0.341 r  periph_vga/u_system/vga_system_i/processing_system7_0/inst/buffer_fclk_clk_0.FCLK_CLK_0_BUFG/O
                         net (fo=2395, routed)        0.581     0.922    periph_vga/u_system/vga_system_i/axi_vdma_0/U0/GEN_SPRT_FOR_MM2S.MM2S_REGISTER_MODULE_I/I_DMA_REGISTER/s_axi_lite_aclk
    SLICE_X5Y34          FDRE                                         r  periph_vga/u_system/vga_system_i/axi_vdma_0/U0/GEN_SPRT_FOR_MM2S.MM2S_REGISTER_MODULE_I/I_DMA_REGISTER/MM2S_ERR_FOR_IRQ.frm_store_i_reg[2]/C
  -------------------------------------------------------------------    -------------------
    SLICE_X5Y34          FDRE (Prop_fdre_C_Q)         0.141     1.063 r  periph_vga/u_system/vga_system_i/axi_vdma_0/U0/GEN_SPRT_FOR_MM2S.MM2S_REGISTER_MODULE_I/I_DMA_REGISTER/MM2S_ERR_FOR_IRQ.frm_store_i_reg[2]/Q
                         net (fo=1, routed)           0.104     1.166    periph_vga/u_system/vga_system_i/axi_vdma_0/U0/AXI_LITE_REG_INTERFACE_I/GEN_MM2S_LITE_CROSSINGS.GEN_MM2S_CROSSINGS_ASYNC.mm2s_ip2axi_frame_store_cdc_tig_reg[4]_0[2]
    SLICE_X2Y34          FDRE                                         r  periph_vga/u_system/vga_system_i/axi_vdma_0/U0/AXI_LITE_REG_INTERFACE_I/GEN_MM2S_LITE_CROSSINGS.GEN_MM2S_CROSSINGS_ASYNC.mm2s_ip2axi_frame_store_cdc_tig_reg[2]/D
  -------------------------------------------------------------------    -------------------

                         (clock clk_fpga_0 rise edge)
                                                      0.000     0.000 r  
    PS7_X0Y0             PS7                          0.000     0.000 r  periph_vga/u_system/vga_system_i/processing_system7_0/inst/PS7_i/FCLKCLK[0]
                         net (fo=1, routed)           0.341     0.341    periph_vga/u_system/vga_system_i/processing_system7_0/inst/FCLK_CLK_unbuffered[0]
    BUFGCTRL_X0Y15       BUFG (Prop_bufg_I_O)         0.029     0.370 r  periph_vga/u_system/vga_system_i/processing_system7_0/inst/buffer_fclk_clk_0.FCLK_CLK_0_BUFG/O
                         net (fo=2395, routed)        0.847     1.217    periph_vga/u_system/vga_system_i/axi_vdma_0/U0/AXI_LITE_REG_INTERFACE_I/s_axi_lite_aclk
    SLICE_X2Y34          FDRE                                         r  periph_vga/u_system/vga_system_i/axi_vdma_0/U0/AXI_LITE_REG_INTERFACE_I/GEN_MM2S_LITE_CROSSINGS.GEN_MM2S_CROSSINGS_ASYNC.mm2s_ip2axi_frame_store_cdc_tig_reg[2]/C

Slack:                    inf
  Source:                 periph_vga/u_system/vga_system_i/axi_vdma_0/U0/AXI_LITE_REG_INTERFACE_I/GEN_AXI_LITE_IF.AXI_LITE_IF_I/GEN_LITE_IS_ASYNC.GEN_MM2S_ONLY_ASYNC_LITE_ACCESS.mm2s_ip2axi_rddata_d1_reg[10]/C
                            (rising edge-triggered cell FDRE clocked by clk_fpga_0  {rise@0.000ns fall@5.000ns period=10.000ns})
  Destination:            periph_vga/u_system/vga_system_i/axi_vdma_0/U0/AXI_LITE_REG_INTERFACE_I/GEN_AXI_LITE_IF.AXI_LITE_IF_I/GEN_LITE_IS_ASYNC.GEN_MM2S_ONLY_ASYNC_LITE_ACCESS.ip2axi_rddata_captured_mm2s_cdc_tig_reg[10]/D
                            (rising edge-triggered cell FDRE clocked by clk_fpga_0  {rise@0.000ns fall@5.000ns period=10.000ns})
  Path Group:             (none)
  Path Type:              Hold (Min at Fast Process Corner)
  Data Path Delay:        0.251ns  (logic 0.141ns (56.174%)  route 0.110ns (43.826%))
  Logic Levels:           0  
  Clock Path Skew:        0.296ns (DCD - SCD - CPR)
    Destination Clock Delay (DCD):    1.216ns
    Source Clock Delay      (SCD):    0.920ns
    Clock Pessimism Removal (CPR):    -0.000ns
  Clock Uncertainty:      0.154ns  ((TSJ^2 + TIJ^2)^1/2 + DJ) / 2 + PE
    Total System Jitter     (TSJ):    0.071ns
    Total Input Jitter      (TIJ):    0.300ns
    Discrete Jitter          (DJ):    0.000ns
    Phase Error              (PE):    0.000ns
  Timing Exception:       False Path

    Location             Delay type                Incr(ns)  Path(ns)    Netlist Resource(s)
  -------------------------------------------------------------------    -------------------
                         (clock clk_fpga_0 rise edge)
                                                      0.000     0.000 r  
    PS7_X0Y0             PS7                          0.000     0.000 r  periph_vga/u_system/vga_system_i/processing_system7_0/inst/PS7_i/FCLKCLK[0]
                         net (fo=1, routed)           0.315     0.315    periph_vga/u_system/vga_system_i/processing_system7_0/inst/FCLK_CLK_unbuffered[0]
    BUFGCTRL_X0Y15       BUFG (Prop_bufg_I_O)         0.026     0.341 r  periph_vga/u_system/vga_system_i/processing_system7_0/inst/buffer_fclk_clk_0.FCLK_CLK_0_BUFG/O
                         net (fo=2395, routed)        0.579     0.920    periph_vga/u_system/vga_system_i/axi_vdma_0/U0/AXI_LITE_REG_INTERFACE_I/GEN_AXI_LITE_IF.AXI_LITE_IF_I/s_axi_lite_aclk
    SLICE_X1Y35          FDRE                                         r  periph_vga/u_system/vga_system_i/axi_vdma_0/U0/AXI_LITE_REG_INTERFACE_I/GEN_AXI_LITE_IF.AXI_LITE_IF_I/GEN_LITE_IS_ASYNC.GEN_MM2S_ONLY_ASYNC_LITE_ACCESS.mm2s_ip2axi_rddata_d1_reg[10]/C
  -------------------------------------------------------------------    -------------------
    SLICE_X1Y35          FDRE (Prop_fdre_C_Q)         0.141     1.061 r  periph_vga/u_system/vga_system_i/axi_vdma_0/U0/AXI_LITE_REG_INTERFACE_I/GEN_AXI_LITE_IF.AXI_LITE_IF_I/GEN_LITE_IS_ASYNC.GEN_MM2S_ONLY_ASYNC_LITE_ACCESS.mm2s_ip2axi_rddata_d1_reg[10]/Q
                         net (fo=1, routed)           0.110     1.171    periph_vga/u_system/vga_system_i/axi_vdma_0/U0/AXI_LITE_REG_INTERFACE_I/GEN_AXI_LITE_IF.AXI_LITE_IF_I/mm2s_ip2axi_rddata_d1[10]
    SLICE_X0Y35          FDRE                                         r  periph_vga/u_system/vga_system_i/axi_vdma_0/U0/AXI_LITE_REG_INTERFACE_I/GEN_AXI_LITE_IF.AXI_LITE_IF_I/GEN_LITE_IS_ASYNC.GEN_MM2S_ONLY_ASYNC_LITE_ACCESS.ip2axi_rddata_captured_mm2s_cdc_tig_reg[10]/D
  -------------------------------------------------------------------    -------------------

                         (clock clk_fpga_0 rise edge)
                                                      0.000     0.000 r  
    PS7_X0Y0             PS7                          0.000     0.000 r  periph_vga/u_system/vga_system_i/processing_system7_0/inst/PS7_i/FCLKCLK[0]
                         net (fo=1, routed)           0.341     0.341    periph_vga/u_system/vga_system_i/processing_system7_0/inst/FCLK_CLK_unbuffered[0]
    BUFGCTRL_X0Y15       BUFG (Prop_bufg_I_O)         0.029     0.370 r  periph_vga/u_system/vga_system_i/processing_system7_0/inst/buffer_fclk_clk_0.FCLK_CLK_0_BUFG/O
                         net (fo=2395, routed)        0.846     1.216    periph_vga/u_system/vga_system_i/axi_vdma_0/U0/AXI_LITE_REG_INTERFACE_I/GEN_AXI_LITE_IF.AXI_LITE_IF_I/s_axi_lite_aclk
    SLICE_X0Y35          FDRE                                         r  periph_vga/u_system/vga_system_i/axi_vdma_0/U0/AXI_LITE_REG_INTERFACE_I/GEN_AXI_LITE_IF.AXI_LITE_IF_I/GEN_LITE_IS_ASYNC.GEN_MM2S_ONLY_ASYNC_LITE_ACCESS.ip2axi_rddata_captured_mm2s_cdc_tig_reg[10]/C

Slack:                    inf
  Source:                 periph_vga/u_system/vga_system_i/axi_vdma_0/U0/GEN_SPRT_FOR_MM2S.MM2S_REGISTER_MODULE_I/ptr_ref_i_reg[2]/C
                            (rising edge-triggered cell FDRE clocked by clk_fpga_0  {rise@0.000ns fall@5.000ns period=10.000ns})
  Destination:            periph_vga/u_system/vga_system_i/axi_vdma_0/U0/AXI_LITE_REG_INTERFACE_I/GEN_MM2S_LITE_CROSSINGS.GEN_MM2S_CROSSINGS_ASYNC.mm2s_ip2axi_frame_ptr_ref_cdc_tig_reg[2]/D
                            (rising edge-triggered cell FDRE clocked by clk_fpga_0  {rise@0.000ns fall@5.000ns period=10.000ns})
  Path Group:             (none)
  Path Type:              Hold (Min at Fast Process Corner)
  Data Path Delay:        0.270ns  (logic 0.141ns (52.164%)  route 0.129ns (47.836%))
  Logic Levels:           0  
  Clock Path Skew:        0.296ns (DCD - SCD - CPR)
    Destination Clock Delay (DCD):    1.198ns
    Source Clock Delay      (SCD):    0.902ns
    Clock Pessimism Removal (CPR):    -0.000ns
  Clock Uncertainty:      0.154ns  ((TSJ^2 + TIJ^2)^1/2 + DJ) / 2 + PE
    Total System Jitter     (TSJ):    0.071ns
    Total Input Jitter      (TIJ):    0.300ns
    Discrete Jitter          (DJ):    0.000ns
    Phase Error              (PE):    0.000ns
  Timing Exception:       False Path

    Location             Delay type                Incr(ns)  Path(ns)    Netlist Resource(s)
  -------------------------------------------------------------------    -------------------
                         (clock clk_fpga_0 rise edge)
                                                      0.000     0.000 r  
    PS7_X0Y0             PS7                          0.000     0.000 r  periph_vga/u_system/vga_system_i/processing_system7_0/inst/PS7_i/FCLKCLK[0]
                         net (fo=1, routed)           0.315     0.315    periph_vga/u_system/vga_system_i/processing_system7_0/inst/FCLK_CLK_unbuffered[0]
    BUFGCTRL_X0Y15       BUFG (Prop_bufg_I_O)         0.026     0.341 r  periph_vga/u_system/vga_system_i/processing_system7_0/inst/buffer_fclk_clk_0.FCLK_CLK_0_BUFG/O
                         net (fo=2395, routed)        0.561     0.901    periph_vga/u_system/vga_system_i/axi_vdma_0/U0/GEN_SPRT_FOR_MM2S.MM2S_REGISTER_MODULE_I/s_axi_lite_aclk
    SLICE_X9Y33          FDRE                                         r  periph_vga/u_system/vga_system_i/axi_vdma_0/U0/GEN_SPRT_FOR_MM2S.MM2S_REGISTER_MODULE_I/ptr_ref_i_reg[2]/C
  -------------------------------------------------------------------    -------------------
    SLICE_X9Y33          FDRE (Prop_fdre_C_Q)         0.141     1.043 r  periph_vga/u_system/vga_system_i/axi_vdma_0/U0/GEN_SPRT_FOR_MM2S.MM2S_REGISTER_MODULE_I/ptr_ref_i_reg[2]/Q
                         net (fo=2, routed)           0.129     1.172    periph_vga/u_system/vga_system_i/axi_vdma_0/U0/AXI_LITE_REG_INTERFACE_I/Q[2]
    SLICE_X7Y34          FDRE                                         r  periph_vga/u_system/vga_system_i/axi_vdma_0/U0/AXI_LITE_REG_INTERFACE_I/GEN_MM2S_LITE_CROSSINGS.GEN_MM2S_CROSSINGS_ASYNC.mm2s_ip2axi_frame_ptr_ref_cdc_tig_reg[2]/D
  -------------------------------------------------------------------    -------------------

                         (clock clk_fpga_0 rise edge)
                                                      0.000     0.000 r  
    PS7_X0Y0             PS7                          0.000     0.000 r  periph_vga/u_system/vga_system_i/processing_system7_0/inst/PS7_i/FCLKCLK[0]
                         net (fo=1, routed)           0.341     0.341    periph_vga/u_system/vga_system_i/processing_system7_0/inst/FCLK_CLK_unbuffered[0]
    BUFGCTRL_X0Y15       BUFG (Prop_bufg_I_O)         0.029     0.370 r  periph_vga/u_system/vga_system_i/processing_system7_0/inst/buffer_fclk_clk_0.FCLK_CLK_0_BUFG/O
                         net (fo=2395, routed)        0.828     1.198    periph_vga/u_system/vga_system_i/axi_vdma_0/U0/AXI_LITE_REG_INTERFACE_I/s_axi_lite_aclk
    SLICE_X7Y34          FDRE                                         r  periph_vga/u_system/vga_system_i/axi_vdma_0/U0/AXI_LITE_REG_INTERFACE_I/GEN_MM2S_LITE_CROSSINGS.GEN_MM2S_CROSSINGS_ASYNC.mm2s_ip2axi_frame_ptr_ref_cdc_tig_reg[2]/C

Slack:                    inf
  Source:                 periph_vga/u_system/vga_system_i/axi_vdma_0/U0/GEN_SPRT_FOR_MM2S.MM2S_REGISTER_MODULE_I/ptr_ref_i_reg[3]/C
                            (rising edge-triggered cell FDRE clocked by clk_fpga_0  {rise@0.000ns fall@5.000ns period=10.000ns})
  Destination:            periph_vga/u_system/vga_system_i/axi_vdma_0/U0/AXI_LITE_REG_INTERFACE_I/GEN_MM2S_LITE_CROSSINGS.GEN_MM2S_CROSSINGS_ASYNC.mm2s_ip2axi_frame_ptr_ref_cdc_tig_reg[3]/D
                            (rising edge-triggered cell FDRE clocked by clk_fpga_0  {rise@0.000ns fall@5.000ns period=10.000ns})
  Path Group:             (none)
  Path Type:              Hold (Min at Fast Process Corner)
  Data Path Delay:        0.270ns  (logic 0.141ns (52.164%)  route 0.129ns (47.836%))
  Logic Levels:           0  
  Clock Path Skew:        0.296ns (DCD - SCD - CPR)
    Destination Clock Delay (DCD):    1.198ns
    Source Clock Delay      (SCD):    0.902ns
    Clock Pessimism Removal (CPR):    -0.000ns
  Clock Uncertainty:      0.154ns  ((TSJ^2 + TIJ^2)^1/2 + DJ) / 2 + PE
    Total System Jitter     (TSJ):    0.071ns
    Total Input Jitter      (TIJ):    0.300ns
    Discrete Jitter          (DJ):    0.000ns
    Phase Error              (PE):    0.000ns
  Timing Exception:       False Path

    Location             Delay type                Incr(ns)  Path(ns)    Netlist Resource(s)
  -------------------------------------------------------------------    -------------------
                         (clock clk_fpga_0 rise edge)
                                                      0.000     0.000 r  
    PS7_X0Y0             PS7                          0.000     0.000 r  periph_vga/u_system/vga_system_i/processing_system7_0/inst/PS7_i/FCLKCLK[0]
                         net (fo=1, routed)           0.315     0.315    periph_vga/u_system/vga_system_i/processing_system7_0/inst/FCLK_CLK_unbuffered[0]
    BUFGCTRL_X0Y15       BUFG (Prop_bufg_I_O)         0.026     0.341 r  periph_vga/u_system/vga_system_i/processing_system7_0/inst/buffer_fclk_clk_0.FCLK_CLK_0_BUFG/O
                         net (fo=2395, routed)        0.561     0.901    periph_vga/u_system/vga_system_i/axi_vdma_0/U0/GEN_SPRT_FOR_MM2S.MM2S_REGISTER_MODULE_I/s_axi_lite_aclk
    SLICE_X9Y33          FDRE                                         r  periph_vga/u_system/vga_system_i/axi_vdma_0/U0/GEN_SPRT_FOR_MM2S.MM2S_REGISTER_MODULE_I/ptr_ref_i_reg[3]/C
  -------------------------------------------------------------------    -------------------
    SLICE_X9Y33          FDRE (Prop_fdre_C_Q)         0.141     1.043 r  periph_vga/u_system/vga_system_i/axi_vdma_0/U0/GEN_SPRT_FOR_MM2S.MM2S_REGISTER_MODULE_I/ptr_ref_i_reg[3]/Q
                         net (fo=2, routed)           0.129     1.172    periph_vga/u_system/vga_system_i/axi_vdma_0/U0/AXI_LITE_REG_INTERFACE_I/Q[3]
    SLICE_X6Y34          FDRE                                         r  periph_vga/u_system/vga_system_i/axi_vdma_0/U0/AXI_LITE_REG_INTERFACE_I/GEN_MM2S_LITE_CROSSINGS.GEN_MM2S_CROSSINGS_ASYNC.mm2s_ip2axi_frame_ptr_ref_cdc_tig_reg[3]/D
  -------------------------------------------------------------------    -------------------

                         (clock clk_fpga_0 rise edge)
                                                      0.000     0.000 r  
    PS7_X0Y0             PS7                          0.000     0.000 r  periph_vga/u_system/vga_system_i/processing_system7_0/inst/PS7_i/FCLKCLK[0]
                         net (fo=1, routed)           0.341     0.341    periph_vga/u_system/vga_system_i/processing_system7_0/inst/FCLK_CLK_unbuffered[0]
    BUFGCTRL_X0Y15       BUFG (Prop_bufg_I_O)         0.029     0.370 r  periph_vga/u_system/vga_system_i/processing_system7_0/inst/buffer_fclk_clk_0.FCLK_CLK_0_BUFG/O
                         net (fo=2395, routed)        0.828     1.198    periph_vga/u_system/vga_system_i/axi_vdma_0/U0/AXI_LITE_REG_INTERFACE_I/s_axi_lite_aclk
    SLICE_X6Y34          FDRE                                         r  periph_vga/u_system/vga_system_i/axi_vdma_0/U0/AXI_LITE_REG_INTERFACE_I/GEN_MM2S_LITE_CROSSINGS.GEN_MM2S_CROSSINGS_ASYNC.mm2s_ip2axi_frame_ptr_ref_cdc_tig_reg[3]/C

Slack:                    inf
  Source:                 periph_vga/u_system/vga_system_i/axi_vdma_0/U0/AXI_LITE_REG_INTERFACE_I/GEN_AXI_LITE_IF.AXI_LITE_IF_I/GEN_LITE_IS_ASYNC.GEN_MM2S_ONLY_ASYNC_LITE_ACCESS.mm2s_ip2axi_rddata_d1_reg[18]/C
                            (rising edge-triggered cell FDRE clocked by clk_fpga_0  {rise@0.000ns fall@5.000ns period=10.000ns})
  Destination:            periph_vga/u_system/vga_system_i/axi_vdma_0/U0/AXI_LITE_REG_INTERFACE_I/GEN_AXI_LITE_IF.AXI_LITE_IF_I/GEN_LITE_IS_ASYNC.GEN_MM2S_ONLY_ASYNC_LITE_ACCESS.ip2axi_rddata_captured_mm2s_cdc_tig_reg[18]/D
                            (rising edge-triggered cell FDRE clocked by clk_fpga_0  {rise@0.000ns fall@5.000ns period=10.000ns})
  Path Group:             (none)
  Path Type:              Hold (Min at Fast Process Corner)
  Data Path Delay:        0.255ns  (logic 0.141ns (55.331%)  route 0.114ns (44.669%))
  Logic Levels:           0  
  Clock Path Skew:        0.296ns (DCD - SCD - CPR)
    Destination Clock Delay (DCD):    1.217ns
    Source Clock Delay      (SCD):    0.921ns
    Clock Pessimism Removal (CPR):    -0.000ns
  Clock Uncertainty:      0.154ns  ((TSJ^2 + TIJ^2)^1/2 + DJ) / 2 + PE
    Total System Jitter     (TSJ):    0.071ns
    Total Input Jitter      (TIJ):    0.300ns
    Discrete Jitter          (DJ):    0.000ns
    Phase Error              (PE):    0.000ns
  Timing Exception:       False Path

    Location             Delay type                Incr(ns)  Path(ns)    Netlist Resource(s)
  -------------------------------------------------------------------    -------------------
                         (clock clk_fpga_0 rise edge)
                                                      0.000     0.000 r  
    PS7_X0Y0             PS7                          0.000     0.000 r  periph_vga/u_system/vga_system_i/processing_system7_0/inst/PS7_i/FCLKCLK[0]
                         net (fo=1, routed)           0.315     0.315    periph_vga/u_system/vga_system_i/processing_system7_0/inst/FCLK_CLK_unbuffered[0]
    BUFGCTRL_X0Y15       BUFG (Prop_bufg_I_O)         0.026     0.341 r  periph_vga/u_system/vga_system_i/processing_system7_0/inst/buffer_fclk_clk_0.FCLK_CLK_0_BUFG/O
                         net (fo=2395, routed)        0.580     0.921    periph_vga/u_system/vga_system_i/axi_vdma_0/U0/AXI_LITE_REG_INTERFACE_I/GEN_AXI_LITE_IF.AXI_LITE_IF_I/s_axi_lite_aclk
    SLICE_X2Y33          FDRE                                         r  periph_vga/u_system/vga_system_i/axi_vdma_0/U0/AXI_LITE_REG_INTERFACE_I/GEN_AXI_LITE_IF.AXI_LITE_IF_I/GEN_LITE_IS_ASYNC.GEN_MM2S_ONLY_ASYNC_LITE_ACCESS.mm2s_ip2axi_rddata_d1_reg[18]/C
  -------------------------------------------------------------------    -------------------
    SLICE_X2Y33          FDRE (Prop_fdre_C_Q)         0.141     1.062 r  periph_vga/u_system/vga_system_i/axi_vdma_0/U0/AXI_LITE_REG_INTERFACE_I/GEN_AXI_LITE_IF.AXI_LITE_IF_I/GEN_LITE_IS_ASYNC.GEN_MM2S_ONLY_ASYNC_LITE_ACCESS.mm2s_ip2axi_rddata_d1_reg[18]/Q
                         net (fo=1, routed)           0.114     1.175    periph_vga/u_system/vga_system_i/axi_vdma_0/U0/AXI_LITE_REG_INTERFACE_I/GEN_AXI_LITE_IF.AXI_LITE_IF_I/mm2s_ip2axi_rddata_d1[18]
    SLICE_X2Y34          FDRE                                         r  periph_vga/u_system/vga_system_i/axi_vdma_0/U0/AXI_LITE_REG_INTERFACE_I/GEN_AXI_LITE_IF.AXI_LITE_IF_I/GEN_LITE_IS_ASYNC.GEN_MM2S_ONLY_ASYNC_LITE_ACCESS.ip2axi_rddata_captured_mm2s_cdc_tig_reg[18]/D
  -------------------------------------------------------------------    -------------------

                         (clock clk_fpga_0 rise edge)
                                                      0.000     0.000 r  
    PS7_X0Y0             PS7                          0.000     0.000 r  periph_vga/u_system/vga_system_i/processing_system7_0/inst/PS7_i/FCLKCLK[0]
                         net (fo=1, routed)           0.341     0.341    periph_vga/u_system/vga_system_i/processing_system7_0/inst/FCLK_CLK_unbuffered[0]
    BUFGCTRL_X0Y15       BUFG (Prop_bufg_I_O)         0.029     0.370 r  periph_vga/u_system/vga_system_i/processing_system7_0/inst/buffer_fclk_clk_0.FCLK_CLK_0_BUFG/O
                         net (fo=2395, routed)        0.847     1.217    periph_vga/u_system/vga_system_i/axi_vdma_0/U0/AXI_LITE_REG_INTERFACE_I/GEN_AXI_LITE_IF.AXI_LITE_IF_I/s_axi_lite_aclk
    SLICE_X2Y34          FDRE                                         r  periph_vga/u_system/vga_system_i/axi_vdma_0/U0/AXI_LITE_REG_INTERFACE_I/GEN_AXI_LITE_IF.AXI_LITE_IF_I/GEN_LITE_IS_ASYNC.GEN_MM2S_ONLY_ASYNC_LITE_ACCESS.ip2axi_rddata_captured_mm2s_cdc_tig_reg[18]/C





--------------------------------------------------------------------------------------
Path Group:  (none)
From Clock:  clk_pixel_vga_system_clk_wiz_0_1
  To Clock:  clk_fpga_0

Max Delay             5 Endpoints
Min Delay             5 Endpoints
--------------------------------------------------------------------------------------


Max Delay Paths
--------------------------------------------------------------------------------------
Slack:                    inf
  Source:                 <hidden>
                            (rising edge-triggered cell FDPE clocked by clk_pixel_vga_system_clk_wiz_0_1  {rise@0.000ns fall@19.862ns period=39.724ns})
  Destination:            <hidden>
                            (recovery check against rising-edge clock clk_fpga_0  {rise@0.000ns fall@5.000ns period=10.000ns})
  Path Group:             (none)
  Path Type:              Recovery (Max at Slow Process Corner)
  Data Path Delay:        2.062ns  (logic 0.580ns (28.122%)  route 1.482ns (71.878%))
  Logic Levels:           1  (LUT2=1)
  Clock Path Skew:        3.414ns (DCD - SCD + CPR)
    Destination Clock Delay (DCD):    2.729ns
    Source Clock Delay      (SCD):    -0.685ns
    Clock Pessimism Removal (CPR):    0.000ns
  Clock Uncertainty:      0.498ns  ((TSJ^2 + TIJ^2 + DJ^2)^1/2) / 2 + PE
    Total System Jitter     (TSJ):    0.071ns
    Total Input Jitter      (TIJ):    0.300ns
    Discrete Jitter          (DJ):    0.292ns
    Phase Error              (PE):    0.285ns
  Timing Exception:       False Path

    Location             Delay type                Incr(ns)  Path(ns)    Netlist Resource(s)
  -------------------------------------------------------------------    -------------------
                         (clock clk_pixel_vga_system_clk_wiz_0_1 rise edge)
                                                      0.000     0.000 r  
    K17                                               0.000     0.000 r  i_clk (IN)
                         net (fo=0)                   0.000     0.000    i_clk
    K17                  IBUF (Prop_ibuf_I_O)         1.492     1.492 r  i_clk_IBUF_inst/O
                         net (fo=2, routed)           1.285     2.777    periph_vga/u_system/vga_system_i/clk_wiz_0/inst/clk_in1
    MMCME2_ADV_X0Y1      MMCME2_ADV (Prop_mmcme2_adv_CLKIN1_CLKOUT0)
                                                     -6.996    -4.219 r  periph_vga/u_system/vga_system_i/clk_wiz_0/inst/mmcm_adv_inst/CLKOUT0
                         net (fo=1, routed)           1.760    -2.459    periph_vga/u_system/vga_system_i/clk_wiz_0/inst/clk_pixel_vga_system_clk_wiz_0_1
    BUFGCTRL_X0Y30       BUFG (Prop_bufg_I_O)         0.101    -2.358 r  periph_vga/u_system/vga_system_i/clk_wiz_0/inst/clkout1_buf/O
                         net (fo=169, routed)         1.673    -0.685    <hidden>
    SLICE_X13Y18         FDPE                                         r  <hidden>
  -------------------------------------------------------------------    -------------------
    SLICE_X13Y18         FDPE (Prop_fdpe_C_Q)         0.456    -0.229 f  <hidden>
                         net (fo=3, routed)           0.608     0.379    <hidden>
    SLICE_X10Y18         LUT2 (Prop_lut2_I0_O)        0.124     0.503 f  <hidden>
                         net (fo=1, routed)           0.874     1.377    <hidden>
    RAMB36_X0Y4          FIFO36E1                                     f  <hidden>
  -------------------------------------------------------------------    -------------------

                         (clock clk_fpga_0 rise edge)
                                                      0.000     0.000 r  
    PS7_X0Y0             PS7                          0.000     0.000 r  periph_vga/u_system/vga_system_i/processing_system7_0/inst/PS7_i/FCLKCLK[0]
                         net (fo=1, routed)           1.101     1.101    periph_vga/u_system/vga_system_i/processing_system7_0/inst/FCLK_CLK_unbuffered[0]
    BUFGCTRL_X0Y15       BUFG (Prop_bufg_I_O)         0.091     1.192 r  periph_vga/u_system/vga_system_i/processing_system7_0/inst/buffer_fclk_clk_0.FCLK_CLK_0_BUFG/O
                         net (fo=2395, routed)        1.537     2.729    <hidden>
    RAMB36_X0Y4          FIFO36E1                                     r  <hidden>

Slack:                    inf
  Source:                 periph_vga/u_system/vga_system_i/axi_vdma_0/U0/GEN_SPRT_FOR_MM2S.MM2S_LINEBUFFER_I/GEN_LINEBUF_NO_SOF.GEN_FOR_ASYNC.ALL_LINES_XFRED_P_S_CDC_I/src_ff_reg/C
                            (rising edge-triggered cell FDRE clocked by clk_pixel_vga_system_clk_wiz_0_1  {rise@0.000ns fall@19.862ns period=39.724ns})
  Destination:            periph_vga/u_system/vga_system_i/axi_vdma_0/U0/GEN_SPRT_FOR_MM2S.MM2S_LINEBUFFER_I/GEN_LINEBUF_NO_SOF.GEN_FOR_ASYNC.ALL_LINES_XFRED_P_S_CDC_I/syncstages_ff_reg[0]/D
                            (rising edge-triggered cell FDRE clocked by clk_fpga_0  {rise@0.000ns fall@5.000ns period=10.000ns})
  Path Group:             (none)
  Path Type:              Setup (Max at Slow Process Corner)
  Data Path Delay:        1.064ns  (logic 0.478ns (44.909%)  route 0.586ns (55.091%))
  Logic Levels:           0  
  Clock Path Skew:        3.377ns (DCD - SCD + CPR)
    Destination Clock Delay (DCD):    2.684ns
    Source Clock Delay      (SCD):    -0.692ns
    Clock Pessimism Removal (CPR):    0.000ns
  Clock Uncertainty:      0.498ns  ((TSJ^2 + TIJ^2 + DJ^2)^1/2) / 2 + PE
    Total System Jitter     (TSJ):    0.071ns
    Total Input Jitter      (TIJ):    0.300ns
    Discrete Jitter          (DJ):    0.292ns
    Phase Error              (PE):    0.285ns
  Timing Exception:       False Path

    Location             Delay type                Incr(ns)  Path(ns)    Netlist Resource(s)
  -------------------------------------------------------------------    -------------------
                         (clock clk_pixel_vga_system_clk_wiz_0_1 rise edge)
                                                      0.000     0.000 r  
    K17                                               0.000     0.000 r  i_clk (IN)
                         net (fo=0)                   0.000     0.000    i_clk
    K17                  IBUF (Prop_ibuf_I_O)         1.492     1.492 r  i_clk_IBUF_inst/O
                         net (fo=2, routed)           1.285     2.777    periph_vga/u_system/vga_system_i/clk_wiz_0/inst/clk_in1
    MMCME2_ADV_X0Y1      MMCME2_ADV (Prop_mmcme2_adv_CLKIN1_CLKOUT0)
                                                     -6.996    -4.219 r  periph_vga/u_system/vga_system_i/clk_wiz_0/inst/mmcm_adv_inst/CLKOUT0
                         net (fo=1, routed)           1.760    -2.459    periph_vga/u_system/vga_system_i/clk_wiz_0/inst/clk_pixel_vga_system_clk_wiz_0_1
    BUFGCTRL_X0Y30       BUFG (Prop_bufg_I_O)         0.101    -2.358 r  periph_vga/u_system/vga_system_i/clk_wiz_0/inst/clkout1_buf/O
                         net (fo=169, routed)         1.666    -0.692    periph_vga/u_system/vga_system_i/axi_vdma_0/U0/GEN_SPRT_FOR_MM2S.MM2S_LINEBUFFER_I/GEN_LINEBUF_NO_SOF.GEN_FOR_ASYNC.ALL_LINES_XFRED_P_S_CDC_I/src_clk
    SLICE_X12Y26         FDRE                                         r  periph_vga/u_system/vga_system_i/axi_vdma_0/U0/GEN_SPRT_FOR_MM2S.MM2S_LINEBUFFER_I/GEN_LINEBUF_NO_SOF.GEN_FOR_ASYNC.ALL_LINES_XFRED_P_S_CDC_I/src_ff_reg/C
  -------------------------------------------------------------------    -------------------
    SLICE_X12Y26         FDRE (Prop_fdre_C_Q)         0.478    -0.214 r  periph_vga/u_system/vga_system_i/axi_vdma_0/U0/GEN_SPRT_FOR_MM2S.MM2S_LINEBUFFER_I/GEN_LINEBUF_NO_SOF.GEN_FOR_ASYNC.ALL_LINES_XFRED_P_S_CDC_I/src_ff_reg/Q
                         net (fo=1, routed)           0.586     0.372    periph_vga/u_system/vga_system_i/axi_vdma_0/U0/GEN_SPRT_FOR_MM2S.MM2S_LINEBUFFER_I/GEN_LINEBUF_NO_SOF.GEN_FOR_ASYNC.ALL_LINES_XFRED_P_S_CDC_I/p_0_in[0]
    SLICE_X10Y26         FDRE                                         r  periph_vga/u_system/vga_system_i/axi_vdma_0/U0/GEN_SPRT_FOR_MM2S.MM2S_LINEBUFFER_I/GEN_LINEBUF_NO_SOF.GEN_FOR_ASYNC.ALL_LINES_XFRED_P_S_CDC_I/syncstages_ff_reg[0]/D
  -------------------------------------------------------------------    -------------------

                         (clock clk_fpga_0 rise edge)
                                                      0.000     0.000 r  
    PS7_X0Y0             PS7                          0.000     0.000 r  periph_vga/u_system/vga_system_i/processing_system7_0/inst/PS7_i/FCLKCLK[0]
                         net (fo=1, routed)           1.101     1.101    periph_vga/u_system/vga_system_i/processing_system7_0/inst/FCLK_CLK_unbuffered[0]
    BUFGCTRL_X0Y15       BUFG (Prop_bufg_I_O)         0.091     1.192 r  periph_vga/u_system/vga_system_i/processing_system7_0/inst/buffer_fclk_clk_0.FCLK_CLK_0_BUFG/O
                         net (fo=2395, routed)        1.492     2.684    periph_vga/u_system/vga_system_i/axi_vdma_0/U0/GEN_SPRT_FOR_MM2S.MM2S_LINEBUFFER_I/GEN_LINEBUF_NO_SOF.GEN_FOR_ASYNC.ALL_LINES_XFRED_P_S_CDC_I/dest_clk
    SLICE_X10Y26         FDRE                                         r  periph_vga/u_system/vga_system_i/axi_vdma_0/U0/GEN_SPRT_FOR_MM2S.MM2S_LINEBUFFER_I/GEN_LINEBUF_NO_SOF.GEN_FOR_ASYNC.ALL_LINES_XFRED_P_S_CDC_I/syncstages_ff_reg[0]/C

Slack:                    inf
  Source:                 periph_vga/u_system/vga_system_i/axi_vdma_0/U0/I_RST_MODULE/GEN_RESET_FOR_MM2S.RESET_I/GEN_MIN_FOR_ASYNC.AXIS_MIN_CDC_I/src_ff_reg/C
                            (rising edge-triggered cell FDRE clocked by clk_pixel_vga_system_clk_wiz_0_1  {rise@0.000ns fall@19.862ns period=39.724ns})
  Destination:            periph_vga/u_system/vga_system_i/axi_vdma_0/U0/I_RST_MODULE/GEN_RESET_FOR_MM2S.RESET_I/GEN_MIN_FOR_ASYNC.AXIS_MIN_CDC_I/syncstages_ff_reg[0]/D
                            (rising edge-triggered cell FDRE clocked by clk_fpga_0  {rise@0.000ns fall@5.000ns period=10.000ns})
  Path Group:             (none)
  Path Type:              Setup (Max at Slow Process Corner)
  Data Path Delay:        1.022ns  (logic 0.518ns (50.661%)  route 0.504ns (49.339%))
  Logic Levels:           0  
  Clock Path Skew:        3.374ns (DCD - SCD + CPR)
    Destination Clock Delay (DCD):    2.678ns
    Source Clock Delay      (SCD):    -0.695ns
    Clock Pessimism Removal (CPR):    0.000ns
  Clock Uncertainty:      0.498ns  ((TSJ^2 + TIJ^2 + DJ^2)^1/2) / 2 + PE
    Total System Jitter     (TSJ):    0.071ns
    Total Input Jitter      (TIJ):    0.300ns
    Discrete Jitter          (DJ):    0.292ns
    Phase Error              (PE):    0.285ns
  Timing Exception:       False Path

    Location             Delay type                Incr(ns)  Path(ns)    Netlist Resource(s)
  -------------------------------------------------------------------    -------------------
                         (clock clk_pixel_vga_system_clk_wiz_0_1 rise edge)
                                                      0.000     0.000 r  
    K17                                               0.000     0.000 r  i_clk (IN)
                         net (fo=0)                   0.000     0.000    i_clk
    K17                  IBUF (Prop_ibuf_I_O)         1.492     1.492 r  i_clk_IBUF_inst/O
                         net (fo=2, routed)           1.285     2.777    periph_vga/u_system/vga_system_i/clk_wiz_0/inst/clk_in1
    MMCME2_ADV_X0Y1      MMCME2_ADV (Prop_mmcme2_adv_CLKIN1_CLKOUT0)
                                                     -6.996    -4.219 r  periph_vga/u_system/vga_system_i/clk_wiz_0/inst/mmcm_adv_inst/CLKOUT0
                         net (fo=1, routed)           1.760    -2.459    periph_vga/u_system/vga_system_i/clk_wiz_0/inst/clk_pixel_vga_system_clk_wiz_0_1
    BUFGCTRL_X0Y30       BUFG (Prop_bufg_I_O)         0.101    -2.358 r  periph_vga/u_system/vga_system_i/clk_wiz_0/inst/clkout1_buf/O
                         net (fo=169, routed)         1.663    -0.695    periph_vga/u_system/vga_system_i/axi_vdma_0/U0/I_RST_MODULE/GEN_RESET_FOR_MM2S.RESET_I/GEN_MIN_FOR_ASYNC.AXIS_MIN_CDC_I/src_clk
    SLICE_X16Y28         FDRE                                         r  periph_vga/u_system/vga_system_i/axi_vdma_0/U0/I_RST_MODULE/GEN_RESET_FOR_MM2S.RESET_I/GEN_MIN_FOR_ASYNC.AXIS_MIN_CDC_I/src_ff_reg/C
  -------------------------------------------------------------------    -------------------
    SLICE_X16Y28         FDRE (Prop_fdre_C_Q)         0.518    -0.177 r  periph_vga/u_system/vga_system_i/axi_vdma_0/U0/I_RST_MODULE/GEN_RESET_FOR_MM2S.RESET_I/GEN_MIN_FOR_ASYNC.AXIS_MIN_CDC_I/src_ff_reg/Q
                         net (fo=1, routed)           0.504     0.327    periph_vga/u_system/vga_system_i/axi_vdma_0/U0/I_RST_MODULE/GEN_RESET_FOR_MM2S.RESET_I/GEN_MIN_FOR_ASYNC.AXIS_MIN_CDC_I/p_0_in[0]
    SLICE_X16Y27         FDRE                                         r  periph_vga/u_system/vga_system_i/axi_vdma_0/U0/I_RST_MODULE/GEN_RESET_FOR_MM2S.RESET_I/GEN_MIN_FOR_ASYNC.AXIS_MIN_CDC_I/syncstages_ff_reg[0]/D
  -------------------------------------------------------------------    -------------------

                         (clock clk_fpga_0 rise edge)
                                                      0.000     0.000 r  
    PS7_X0Y0             PS7                          0.000     0.000 r  periph_vga/u_system/vga_system_i/processing_system7_0/inst/PS7_i/FCLKCLK[0]
                         net (fo=1, routed)           1.101     1.101    periph_vga/u_system/vga_system_i/processing_system7_0/inst/FCLK_CLK_unbuffered[0]
    BUFGCTRL_X0Y15       BUFG (Prop_bufg_I_O)         0.091     1.192 r  periph_vga/u_system/vga_system_i/processing_system7_0/inst/buffer_fclk_clk_0.FCLK_CLK_0_BUFG/O
                         net (fo=2395, routed)        1.486     2.678    periph_vga/u_system/vga_system_i/axi_vdma_0/U0/I_RST_MODULE/GEN_RESET_FOR_MM2S.RESET_I/GEN_MIN_FOR_ASYNC.AXIS_MIN_CDC_I/dest_clk
    SLICE_X16Y27         FDRE                                         r  periph_vga/u_system/vga_system_i/axi_vdma_0/U0/I_RST_MODULE/GEN_RESET_FOR_MM2S.RESET_I/GEN_MIN_FOR_ASYNC.AXIS_MIN_CDC_I/syncstages_ff_reg[0]/C

Slack:                    inf
  Source:                 periph_vga/u_system/vga_system_i/axi_vdma_0/U0/GEN_SPRT_FOR_MM2S.MM2S_LINEBUFFER_I/GEN_LINEBUF_NO_SOF.GEN_FOR_ASYNC.SHUTDOWN_RST_CDC_I/src_ff_reg/C
                            (rising edge-triggered cell FDRE clocked by clk_pixel_vga_system_clk_wiz_0_1  {rise@0.000ns fall@19.862ns period=39.724ns})
  Destination:            periph_vga/u_system/vga_system_i/axi_vdma_0/U0/GEN_SPRT_FOR_MM2S.MM2S_LINEBUFFER_I/GEN_LINEBUF_NO_SOF.GEN_FOR_ASYNC.SHUTDOWN_RST_CDC_I/syncstages_ff_reg[0]/D
                            (rising edge-triggered cell FDRE clocked by clk_fpga_0  {rise@0.000ns fall@5.000ns period=10.000ns})
  Path Group:             (none)
  Path Type:              Setup (Max at Slow Process Corner)
  Data Path Delay:        0.972ns  (logic 0.518ns (53.275%)  route 0.454ns (46.725%))
  Logic Levels:           0  
  Clock Path Skew:        3.377ns (DCD - SCD + CPR)
    Destination Clock Delay (DCD):    2.684ns
    Source Clock Delay      (SCD):    -0.692ns
    Clock Pessimism Removal (CPR):    0.000ns
  Clock Uncertainty:      0.498ns  ((TSJ^2 + TIJ^2 + DJ^2)^1/2) / 2 + PE
    Total System Jitter     (TSJ):    0.071ns
    Total Input Jitter      (TIJ):    0.300ns
    Discrete Jitter          (DJ):    0.292ns
    Phase Error              (PE):    0.285ns
  Timing Exception:       False Path

    Location             Delay type                Incr(ns)  Path(ns)    Netlist Resource(s)
  -------------------------------------------------------------------    -------------------
                         (clock clk_pixel_vga_system_clk_wiz_0_1 rise edge)
                                                      0.000     0.000 r  
    K17                                               0.000     0.000 r  i_clk (IN)
                         net (fo=0)                   0.000     0.000    i_clk
    K17                  IBUF (Prop_ibuf_I_O)         1.492     1.492 r  i_clk_IBUF_inst/O
                         net (fo=2, routed)           1.285     2.777    periph_vga/u_system/vga_system_i/clk_wiz_0/inst/clk_in1
    MMCME2_ADV_X0Y1      MMCME2_ADV (Prop_mmcme2_adv_CLKIN1_CLKOUT0)
                                                     -6.996    -4.219 r  periph_vga/u_system/vga_system_i/clk_wiz_0/inst/mmcm_adv_inst/CLKOUT0
                         net (fo=1, routed)           1.760    -2.459    periph_vga/u_system/vga_system_i/clk_wiz_0/inst/clk_pixel_vga_system_clk_wiz_0_1
    BUFGCTRL_X0Y30       BUFG (Prop_bufg_I_O)         0.101    -2.358 r  periph_vga/u_system/vga_system_i/clk_wiz_0/inst/clkout1_buf/O
                         net (fo=169, routed)         1.666    -0.692    periph_vga/u_system/vga_system_i/axi_vdma_0/U0/GEN_SPRT_FOR_MM2S.MM2S_LINEBUFFER_I/GEN_LINEBUF_NO_SOF.GEN_FOR_ASYNC.SHUTDOWN_RST_CDC_I/src_clk
    SLICE_X12Y26         FDRE                                         r  periph_vga/u_system/vga_system_i/axi_vdma_0/U0/GEN_SPRT_FOR_MM2S.MM2S_LINEBUFFER_I/GEN_LINEBUF_NO_SOF.GEN_FOR_ASYNC.SHUTDOWN_RST_CDC_I/src_ff_reg/C
  -------------------------------------------------------------------    -------------------
    SLICE_X12Y26         FDRE (Prop_fdre_C_Q)         0.518    -0.174 r  periph_vga/u_system/vga_system_i/axi_vdma_0/U0/GEN_SPRT_FOR_MM2S.MM2S_LINEBUFFER_I/GEN_LINEBUF_NO_SOF.GEN_FOR_ASYNC.SHUTDOWN_RST_CDC_I/src_ff_reg/Q
                         net (fo=1, routed)           0.454     0.280    periph_vga/u_system/vga_system_i/axi_vdma_0/U0/GEN_SPRT_FOR_MM2S.MM2S_LINEBUFFER_I/GEN_LINEBUF_NO_SOF.GEN_FOR_ASYNC.SHUTDOWN_RST_CDC_I/p_0_in[0]
    SLICE_X11Y26         FDRE                                         r  periph_vga/u_system/vga_system_i/axi_vdma_0/U0/GEN_SPRT_FOR_MM2S.MM2S_LINEBUFFER_I/GEN_LINEBUF_NO_SOF.GEN_FOR_ASYNC.SHUTDOWN_RST_CDC_I/syncstages_ff_reg[0]/D
  -------------------------------------------------------------------    -------------------

                         (clock clk_fpga_0 rise edge)
                                                      0.000     0.000 r  
    PS7_X0Y0             PS7                          0.000     0.000 r  periph_vga/u_system/vga_system_i/processing_system7_0/inst/PS7_i/FCLKCLK[0]
                         net (fo=1, routed)           1.101     1.101    periph_vga/u_system/vga_system_i/processing_system7_0/inst/FCLK_CLK_unbuffered[0]
    BUFGCTRL_X0Y15       BUFG (Prop_bufg_I_O)         0.091     1.192 r  periph_vga/u_system/vga_system_i/processing_system7_0/inst/buffer_fclk_clk_0.FCLK_CLK_0_BUFG/O
                         net (fo=2395, routed)        1.492     2.684    periph_vga/u_system/vga_system_i/axi_vdma_0/U0/GEN_SPRT_FOR_MM2S.MM2S_LINEBUFFER_I/GEN_LINEBUF_NO_SOF.GEN_FOR_ASYNC.SHUTDOWN_RST_CDC_I/dest_clk
    SLICE_X11Y26         FDRE                                         r  periph_vga/u_system/vga_system_i/axi_vdma_0/U0/GEN_SPRT_FOR_MM2S.MM2S_LINEBUFFER_I/GEN_LINEBUF_NO_SOF.GEN_FOR_ASYNC.SHUTDOWN_RST_CDC_I/syncstages_ff_reg[0]/C

Slack:                    inf
  Source:                 periph_vga/u_system/vga_system_i/axi_vdma_0/U0/GEN_SPRT_FOR_MM2S.MM2S_VID_CDC_I/GEN_CDC_FOR_ASYNC.SOF_CDC_I/src_level_ff_reg/C
                            (rising edge-triggered cell FDRE clocked by clk_pixel_vga_system_clk_wiz_0_1  {rise@0.000ns fall@19.862ns period=39.724ns})
  Destination:            periph_vga/u_system/vga_system_i/axi_vdma_0/U0/GEN_SPRT_FOR_MM2S.MM2S_VID_CDC_I/GEN_CDC_FOR_ASYNC.SOF_CDC_I/xpm_cdc_single_inst/syncstages_ff_reg[0]/D
                            (rising edge-triggered cell FDRE clocked by clk_fpga_0  {rise@0.000ns fall@5.000ns period=10.000ns})
  Path Group:             (none)
  Path Type:              Setup (Max at Slow Process Corner)
  Data Path Delay:        0.956ns  (logic 0.518ns (54.175%)  route 0.438ns (45.825%))
  Logic Levels:           0  
  Clock Path Skew:        3.376ns (DCD - SCD + CPR)
    Destination Clock Delay (DCD):    2.688ns
    Source Clock Delay      (SCD):    -0.687ns
    Clock Pessimism Removal (CPR):    0.000ns
  Clock Uncertainty:      0.498ns  ((TSJ^2 + TIJ^2 + DJ^2)^1/2) / 2 + PE
    Total System Jitter     (TSJ):    0.071ns
    Total Input Jitter      (TIJ):    0.300ns
    Discrete Jitter          (DJ):    0.292ns
    Phase Error              (PE):    0.285ns
  Timing Exception:       False Path

    Location             Delay type                Incr(ns)  Path(ns)    Netlist Resource(s)
  -------------------------------------------------------------------    -------------------
                         (clock clk_pixel_vga_system_clk_wiz_0_1 rise edge)
                                                      0.000     0.000 r  
    K17                                               0.000     0.000 r  i_clk (IN)
                         net (fo=0)                   0.000     0.000    i_clk
    K17                  IBUF (Prop_ibuf_I_O)         1.492     1.492 r  i_clk_IBUF_inst/O
                         net (fo=2, routed)           1.285     2.777    periph_vga/u_system/vga_system_i/clk_wiz_0/inst/clk_in1
    MMCME2_ADV_X0Y1      MMCME2_ADV (Prop_mmcme2_adv_CLKIN1_CLKOUT0)
                                                     -6.996    -4.219 r  periph_vga/u_system/vga_system_i/clk_wiz_0/inst/mmcm_adv_inst/CLKOUT0
                         net (fo=1, routed)           1.760    -2.459    periph_vga/u_system/vga_system_i/clk_wiz_0/inst/clk_pixel_vga_system_clk_wiz_0_1
    BUFGCTRL_X0Y30       BUFG (Prop_bufg_I_O)         0.101    -2.358 r  periph_vga/u_system/vga_system_i/clk_wiz_0/inst/clkout1_buf/O
                         net (fo=169, routed)         1.671    -0.687    periph_vga/u_system/vga_system_i/axi_vdma_0/U0/GEN_SPRT_FOR_MM2S.MM2S_VID_CDC_I/GEN_CDC_FOR_ASYNC.SOF_CDC_I/src_clk
    SLICE_X12Y29         FDRE                                         r  periph_vga/u_system/vga_system_i/axi_vdma_0/U0/GEN_SPRT_FOR_MM2S.MM2S_VID_CDC_I/GEN_CDC_FOR_ASYNC.SOF_CDC_I/src_level_ff_reg/C
  -------------------------------------------------------------------    -------------------
    SLICE_X12Y29         FDRE (Prop_fdre_C_Q)         0.518    -0.169 r  periph_vga/u_system/vga_system_i/axi_vdma_0/U0/GEN_SPRT_FOR_MM2S.MM2S_VID_CDC_I/GEN_CDC_FOR_ASYNC.SOF_CDC_I/src_level_ff_reg/Q
                         net (fo=2, routed)           0.438     0.269    periph_vga/u_system/vga_system_i/axi_vdma_0/U0/GEN_SPRT_FOR_MM2S.MM2S_VID_CDC_I/GEN_CDC_FOR_ASYNC.SOF_CDC_I/xpm_cdc_single_inst/src_in
    SLICE_X11Y30         FDRE                                         r  periph_vga/u_system/vga_system_i/axi_vdma_0/U0/GEN_SPRT_FOR_MM2S.MM2S_VID_CDC_I/GEN_CDC_FOR_ASYNC.SOF_CDC_I/xpm_cdc_single_inst/syncstages_ff_reg[0]/D
  -------------------------------------------------------------------    -------------------

                         (clock clk_fpga_0 rise edge)
                                                      0.000     0.000 r  
    PS7_X0Y0             PS7                          0.000     0.000 r  periph_vga/u_system/vga_system_i/processing_system7_0/inst/PS7_i/FCLKCLK[0]
                         net (fo=1, routed)           1.101     1.101    periph_vga/u_system/vga_system_i/processing_system7_0/inst/FCLK_CLK_unbuffered[0]
    BUFGCTRL_X0Y15       BUFG (Prop_bufg_I_O)         0.091     1.192 r  periph_vga/u_system/vga_system_i/processing_system7_0/inst/buffer_fclk_clk_0.FCLK_CLK_0_BUFG/O
                         net (fo=2395, routed)        1.496     2.688    periph_vga/u_system/vga_system_i/axi_vdma_0/U0/GEN_SPRT_FOR_MM2S.MM2S_VID_CDC_I/GEN_CDC_FOR_ASYNC.SOF_CDC_I/xpm_cdc_single_inst/dest_clk
    SLICE_X11Y30         FDRE                                         r  periph_vga/u_system/vga_system_i/axi_vdma_0/U0/GEN_SPRT_FOR_MM2S.MM2S_VID_CDC_I/GEN_CDC_FOR_ASYNC.SOF_CDC_I/xpm_cdc_single_inst/syncstages_ff_reg[0]/C





Min Delay Paths
--------------------------------------------------------------------------------------
Slack:                    inf
  Source:                 periph_vga/u_system/vga_system_i/axi_vdma_0/U0/GEN_SPRT_FOR_MM2S.MM2S_VID_CDC_I/GEN_CDC_FOR_ASYNC.SOF_CDC_I/src_level_ff_reg/C
                            (rising edge-triggered cell FDRE clocked by clk_pixel_vga_system_clk_wiz_0_1  {rise@0.000ns fall@19.862ns period=39.724ns})
  Destination:            periph_vga/u_system/vga_system_i/axi_vdma_0/U0/GEN_SPRT_FOR_MM2S.MM2S_VID_CDC_I/GEN_CDC_FOR_ASYNC.SOF_CDC_I/xpm_cdc_single_inst/syncstages_ff_reg[0]/D
                            (rising edge-triggered cell FDRE clocked by clk_fpga_0  {rise@0.000ns fall@5.000ns period=10.000ns})
  Path Group:             (none)
  Path Type:              Hold (Min at Slow Process Corner)
  Data Path Delay:        0.787ns  (logic 0.418ns (53.103%)  route 0.369ns (46.897%))
  Logic Levels:           0  
  Clock Path Skew:        4.309ns (DCD - SCD - CPR)
    Destination Clock Delay (DCD):    2.977ns
    Source Clock Delay      (SCD):    -1.332ns
    Clock Pessimism Removal (CPR):    -0.000ns
  Clock Uncertainty:      0.498ns  ((TSJ^2 + TIJ^2 + DJ^2)^1/2) / 2 + PE
    Total System Jitter     (TSJ):    0.071ns
    Total Input Jitter      (TIJ):    0.300ns
    Discrete Jitter          (DJ):    0.292ns
    Phase Error              (PE):    0.285ns
  Timing Exception:       False Path

    Location             Delay type                Incr(ns)  Path(ns)    Netlist Resource(s)
  -------------------------------------------------------------------    -------------------
                         (clock clk_pixel_vga_system_clk_wiz_0_1 rise edge)
                                                      0.000     0.000 r  
    K17                                               0.000     0.000 r  i_clk (IN)
                         net (fo=0)                   0.000     0.000    i_clk
    K17                  IBUF (Prop_ibuf_I_O)         1.421     1.421 r  i_clk_IBUF_inst/O
                         net (fo=2, routed)           1.162     2.583    periph_vga/u_system/vga_system_i/clk_wiz_0/inst/clk_in1
    MMCME2_ADV_X0Y1      MMCME2_ADV (Prop_mmcme2_adv_CLKIN1_CLKOUT0)
                                                     -7.105    -4.522 r  periph_vga/u_system/vga_system_i/clk_wiz_0/inst/mmcm_adv_inst/CLKOUT0
                         net (fo=1, routed)           1.599    -2.923    periph_vga/u_system/vga_system_i/clk_wiz_0/inst/clk_pixel_vga_system_clk_wiz_0_1
    BUFGCTRL_X0Y30       BUFG (Prop_bufg_I_O)         0.091    -2.832 r  periph_vga/u_system/vga_system_i/clk_wiz_0/inst/clkout1_buf/O
                         net (fo=169, routed)         1.499    -1.332    periph_vga/u_system/vga_system_i/axi_vdma_0/U0/GEN_SPRT_FOR_MM2S.MM2S_VID_CDC_I/GEN_CDC_FOR_ASYNC.SOF_CDC_I/src_clk
    SLICE_X12Y29         FDRE                                         r  periph_vga/u_system/vga_system_i/axi_vdma_0/U0/GEN_SPRT_FOR_MM2S.MM2S_VID_CDC_I/GEN_CDC_FOR_ASYNC.SOF_CDC_I/src_level_ff_reg/C
  -------------------------------------------------------------------    -------------------
    SLICE_X12Y29         FDRE (Prop_fdre_C_Q)         0.418    -0.914 r  periph_vga/u_system/vga_system_i/axi_vdma_0/U0/GEN_SPRT_FOR_MM2S.MM2S_VID_CDC_I/GEN_CDC_FOR_ASYNC.SOF_CDC_I/src_level_ff_reg/Q
                         net (fo=2, routed)           0.369    -0.545    periph_vga/u_system/vga_system_i/axi_vdma_0/U0/GEN_SPRT_FOR_MM2S.MM2S_VID_CDC_I/GEN_CDC_FOR_ASYNC.SOF_CDC_I/xpm_cdc_single_inst/src_in
    SLICE_X11Y30         FDRE                                         r  periph_vga/u_system/vga_system_i/axi_vdma_0/U0/GEN_SPRT_FOR_MM2S.MM2S_VID_CDC_I/GEN_CDC_FOR_ASYNC.SOF_CDC_I/xpm_cdc_single_inst/syncstages_ff_reg[0]/D
  -------------------------------------------------------------------    -------------------

                         (clock clk_fpga_0 rise edge)
                                                      0.000     0.000 r  
    PS7_X0Y0             PS7                          0.000     0.000 r  periph_vga/u_system/vga_system_i/processing_system7_0/inst/PS7_i/FCLKCLK[0]
                         net (fo=1, routed)           1.207     1.207    periph_vga/u_system/vga_system_i/processing_system7_0/inst/FCLK_CLK_unbuffered[0]
    BUFGCTRL_X0Y15       BUFG (Prop_bufg_I_O)         0.101     1.308 r  periph_vga/u_system/vga_system_i/processing_system7_0/inst/buffer_fclk_clk_0.FCLK_CLK_0_BUFG/O
                         net (fo=2395, routed)        1.669     2.977    periph_vga/u_system/vga_system_i/axi_vdma_0/U0/GEN_SPRT_FOR_MM2S.MM2S_VID_CDC_I/GEN_CDC_FOR_ASYNC.SOF_CDC_I/xpm_cdc_single_inst/dest_clk
    SLICE_X11Y30         FDRE                                         r  periph_vga/u_system/vga_system_i/axi_vdma_0/U0/GEN_SPRT_FOR_MM2S.MM2S_VID_CDC_I/GEN_CDC_FOR_ASYNC.SOF_CDC_I/xpm_cdc_single_inst/syncstages_ff_reg[0]/C

Slack:                    inf
  Source:                 periph_vga/u_system/vga_system_i/axi_vdma_0/U0/GEN_SPRT_FOR_MM2S.MM2S_LINEBUFFER_I/GEN_LINEBUF_NO_SOF.GEN_FOR_ASYNC.SHUTDOWN_RST_CDC_I/src_ff_reg/C
                            (rising edge-triggered cell FDRE clocked by clk_pixel_vga_system_clk_wiz_0_1  {rise@0.000ns fall@19.862ns period=39.724ns})
  Destination:            periph_vga/u_system/vga_system_i/axi_vdma_0/U0/GEN_SPRT_FOR_MM2S.MM2S_LINEBUFFER_I/GEN_LINEBUF_NO_SOF.GEN_FOR_ASYNC.SHUTDOWN_RST_CDC_I/syncstages_ff_reg[0]/D
                            (rising edge-triggered cell FDRE clocked by clk_fpga_0  {rise@0.000ns fall@5.000ns period=10.000ns})
  Path Group:             (none)
  Path Type:              Hold (Min at Slow Process Corner)
  Data Path Delay:        0.799ns  (logic 0.418ns (52.295%)  route 0.381ns (47.705%))
  Logic Levels:           0  
  Clock Path Skew:        4.307ns (DCD - SCD - CPR)
    Destination Clock Delay (DCD):    2.971ns
    Source Clock Delay      (SCD):    -1.336ns
    Clock Pessimism Removal (CPR):    -0.000ns
  Clock Uncertainty:      0.498ns  ((TSJ^2 + TIJ^2 + DJ^2)^1/2) / 2 + PE
    Total System Jitter     (TSJ):    0.071ns
    Total Input Jitter      (TIJ):    0.300ns
    Discrete Jitter          (DJ):    0.292ns
    Phase Error              (PE):    0.285ns
  Timing Exception:       False Path

    Location             Delay type                Incr(ns)  Path(ns)    Netlist Resource(s)
  -------------------------------------------------------------------    -------------------
                         (clock clk_pixel_vga_system_clk_wiz_0_1 rise edge)
                                                      0.000     0.000 r  
    K17                                               0.000     0.000 r  i_clk (IN)
                         net (fo=0)                   0.000     0.000    i_clk
    K17                  IBUF (Prop_ibuf_I_O)         1.421     1.421 r  i_clk_IBUF_inst/O
                         net (fo=2, routed)           1.162     2.583    periph_vga/u_system/vga_system_i/clk_wiz_0/inst/clk_in1
    MMCME2_ADV_X0Y1      MMCME2_ADV (Prop_mmcme2_adv_CLKIN1_CLKOUT0)
                                                     -7.105    -4.522 r  periph_vga/u_system/vga_system_i/clk_wiz_0/inst/mmcm_adv_inst/CLKOUT0
                         net (fo=1, routed)           1.599    -2.923    periph_vga/u_system/vga_system_i/clk_wiz_0/inst/clk_pixel_vga_system_clk_wiz_0_1
    BUFGCTRL_X0Y30       BUFG (Prop_bufg_I_O)         0.091    -2.832 r  periph_vga/u_system/vga_system_i/clk_wiz_0/inst/clkout1_buf/O
                         net (fo=169, routed)         1.495    -1.336    periph_vga/u_system/vga_system_i/axi_vdma_0/U0/GEN_SPRT_FOR_MM2S.MM2S_LINEBUFFER_I/GEN_LINEBUF_NO_SOF.GEN_FOR_ASYNC.SHUTDOWN_RST_CDC_I/src_clk
    SLICE_X12Y26         FDRE                                         r  periph_vga/u_system/vga_system_i/axi_vdma_0/U0/GEN_SPRT_FOR_MM2S.MM2S_LINEBUFFER_I/GEN_LINEBUF_NO_SOF.GEN_FOR_ASYNC.SHUTDOWN_RST_CDC_I/src_ff_reg/C
  -------------------------------------------------------------------    -------------------
    SLICE_X12Y26         FDRE (Prop_fdre_C_Q)         0.418    -0.918 r  periph_vga/u_system/vga_system_i/axi_vdma_0/U0/GEN_SPRT_FOR_MM2S.MM2S_LINEBUFFER_I/GEN_LINEBUF_NO_SOF.GEN_FOR_ASYNC.SHUTDOWN_RST_CDC_I/src_ff_reg/Q
                         net (fo=1, routed)           0.381    -0.537    periph_vga/u_system/vga_system_i/axi_vdma_0/U0/GEN_SPRT_FOR_MM2S.MM2S_LINEBUFFER_I/GEN_LINEBUF_NO_SOF.GEN_FOR_ASYNC.SHUTDOWN_RST_CDC_I/p_0_in[0]
    SLICE_X11Y26         FDRE                                         r  periph_vga/u_system/vga_system_i/axi_vdma_0/U0/GEN_SPRT_FOR_MM2S.MM2S_LINEBUFFER_I/GEN_LINEBUF_NO_SOF.GEN_FOR_ASYNC.SHUTDOWN_RST_CDC_I/syncstages_ff_reg[0]/D
  -------------------------------------------------------------------    -------------------

                         (clock clk_fpga_0 rise edge)
                                                      0.000     0.000 r  
    PS7_X0Y0             PS7                          0.000     0.000 r  periph_vga/u_system/vga_system_i/processing_system7_0/inst/PS7_i/FCLKCLK[0]
                         net (fo=1, routed)           1.207     1.207    periph_vga/u_system/vga_system_i/processing_system7_0/inst/FCLK_CLK_unbuffered[0]
    BUFGCTRL_X0Y15       BUFG (Prop_bufg_I_O)         0.101     1.308 r  periph_vga/u_system/vga_system_i/processing_system7_0/inst/buffer_fclk_clk_0.FCLK_CLK_0_BUFG/O
                         net (fo=2395, routed)        1.663     2.971    periph_vga/u_system/vga_system_i/axi_vdma_0/U0/GEN_SPRT_FOR_MM2S.MM2S_LINEBUFFER_I/GEN_LINEBUF_NO_SOF.GEN_FOR_ASYNC.SHUTDOWN_RST_CDC_I/dest_clk
    SLICE_X11Y26         FDRE                                         r  periph_vga/u_system/vga_system_i/axi_vdma_0/U0/GEN_SPRT_FOR_MM2S.MM2S_LINEBUFFER_I/GEN_LINEBUF_NO_SOF.GEN_FOR_ASYNC.SHUTDOWN_RST_CDC_I/syncstages_ff_reg[0]/C

Slack:                    inf
  Source:                 periph_vga/u_system/vga_system_i/axi_vdma_0/U0/I_RST_MODULE/GEN_RESET_FOR_MM2S.RESET_I/GEN_MIN_FOR_ASYNC.AXIS_MIN_CDC_I/src_ff_reg/C
                            (rising edge-triggered cell FDRE clocked by clk_pixel_vga_system_clk_wiz_0_1  {rise@0.000ns fall@19.862ns period=39.724ns})
  Destination:            periph_vga/u_system/vga_system_i/axi_vdma_0/U0/I_RST_MODULE/GEN_RESET_FOR_MM2S.RESET_I/GEN_MIN_FOR_ASYNC.AXIS_MIN_CDC_I/syncstages_ff_reg[0]/D
                            (rising edge-triggered cell FDRE clocked by clk_fpga_0  {rise@0.000ns fall@5.000ns period=10.000ns})
  Path Group:             (none)
  Path Type:              Hold (Min at Slow Process Corner)
  Data Path Delay:        0.840ns  (logic 0.418ns (49.733%)  route 0.422ns (50.267%))
  Logic Levels:           0  
  Clock Path Skew:        4.305ns (DCD - SCD - CPR)
    Destination Clock Delay (DCD):    2.965ns
    Source Clock Delay      (SCD):    -1.340ns
    Clock Pessimism Removal (CPR):    -0.000ns
  Clock Uncertainty:      0.498ns  ((TSJ^2 + TIJ^2 + DJ^2)^1/2) / 2 + PE
    Total System Jitter     (TSJ):    0.071ns
    Total Input Jitter      (TIJ):    0.300ns
    Discrete Jitter          (DJ):    0.292ns
    Phase Error              (PE):    0.285ns
  Timing Exception:       False Path

    Location             Delay type                Incr(ns)  Path(ns)    Netlist Resource(s)
  -------------------------------------------------------------------    -------------------
                         (clock clk_pixel_vga_system_clk_wiz_0_1 rise edge)
                                                      0.000     0.000 r  
    K17                                               0.000     0.000 r  i_clk (IN)
                         net (fo=0)                   0.000     0.000    i_clk
    K17                  IBUF (Prop_ibuf_I_O)         1.421     1.421 r  i_clk_IBUF_inst/O
                         net (fo=2, routed)           1.162     2.583    periph_vga/u_system/vga_system_i/clk_wiz_0/inst/clk_in1
    MMCME2_ADV_X0Y1      MMCME2_ADV (Prop_mmcme2_adv_CLKIN1_CLKOUT0)
                                                     -7.105    -4.522 r  periph_vga/u_system/vga_system_i/clk_wiz_0/inst/mmcm_adv_inst/CLKOUT0
                         net (fo=1, routed)           1.599    -2.923    periph_vga/u_system/vga_system_i/clk_wiz_0/inst/clk_pixel_vga_system_clk_wiz_0_1
    BUFGCTRL_X0Y30       BUFG (Prop_bufg_I_O)         0.091    -2.832 r  periph_vga/u_system/vga_system_i/clk_wiz_0/inst/clkout1_buf/O
                         net (fo=169, routed)         1.491    -1.340    periph_vga/u_system/vga_system_i/axi_vdma_0/U0/I_RST_MODULE/GEN_RESET_FOR_MM2S.RESET_I/GEN_MIN_FOR_ASYNC.AXIS_MIN_CDC_I/src_clk
    SLICE_X16Y28         FDRE                                         r  periph_vga/u_system/vga_system_i/axi_vdma_0/U0/I_RST_MODULE/GEN_RESET_FOR_MM2S.RESET_I/GEN_MIN_FOR_ASYNC.AXIS_MIN_CDC_I/src_ff_reg/C
  -------------------------------------------------------------------    -------------------
    SLICE_X16Y28         FDRE (Prop_fdre_C_Q)         0.418    -0.922 r  periph_vga/u_system/vga_system_i/axi_vdma_0/U0/I_RST_MODULE/GEN_RESET_FOR_MM2S.RESET_I/GEN_MIN_FOR_ASYNC.AXIS_MIN_CDC_I/src_ff_reg/Q
                         net (fo=1, routed)           0.422    -0.500    periph_vga/u_system/vga_system_i/axi_vdma_0/U0/I_RST_MODULE/GEN_RESET_FOR_MM2S.RESET_I/GEN_MIN_FOR_ASYNC.AXIS_MIN_CDC_I/p_0_in[0]
    SLICE_X16Y27         FDRE                                         r  periph_vga/u_system/vga_system_i/axi_vdma_0/U0/I_RST_MODULE/GEN_RESET_FOR_MM2S.RESET_I/GEN_MIN_FOR_ASYNC.AXIS_MIN_CDC_I/syncstages_ff_reg[0]/D
  -------------------------------------------------------------------    -------------------

                         (clock clk_fpga_0 rise edge)
                                                      0.000     0.000 r  
    PS7_X0Y0             PS7                          0.000     0.000 r  periph_vga/u_system/vga_system_i/processing_system7_0/inst/PS7_i/FCLKCLK[0]
                         net (fo=1, routed)           1.207     1.207    periph_vga/u_system/vga_system_i/processing_system7_0/inst/FCLK_CLK_unbuffered[0]
    BUFGCTRL_X0Y15       BUFG (Prop_bufg_I_O)         0.101     1.308 r  periph_vga/u_system/vga_system_i/processing_system7_0/inst/buffer_fclk_clk_0.FCLK_CLK_0_BUFG/O
                         net (fo=2395, routed)        1.657     2.965    periph_vga/u_system/vga_system_i/axi_vdma_0/U0/I_RST_MODULE/GEN_RESET_FOR_MM2S.RESET_I/GEN_MIN_FOR_ASYNC.AXIS_MIN_CDC_I/dest_clk
    SLICE_X16Y27         FDRE                                         r  periph_vga/u_system/vga_system_i/axi_vdma_0/U0/I_RST_MODULE/GEN_RESET_FOR_MM2S.RESET_I/GEN_MIN_FOR_ASYNC.AXIS_MIN_CDC_I/syncstages_ff_reg[0]/C

Slack:                    inf
  Source:                 periph_vga/u_system/vga_system_i/axi_vdma_0/U0/GEN_SPRT_FOR_MM2S.MM2S_LINEBUFFER_I/GEN_LINEBUF_NO_SOF.GEN_FOR_ASYNC.ALL_LINES_XFRED_P_S_CDC_I/src_ff_reg/C
                            (rising edge-triggered cell FDRE clocked by clk_pixel_vga_system_clk_wiz_0_1  {rise@0.000ns fall@19.862ns period=39.724ns})
  Destination:            periph_vga/u_system/vga_system_i/axi_vdma_0/U0/GEN_SPRT_FOR_MM2S.MM2S_LINEBUFFER_I/GEN_LINEBUF_NO_SOF.GEN_FOR_ASYNC.ALL_LINES_XFRED_P_S_CDC_I/syncstages_ff_reg[0]/D
                            (rising edge-triggered cell FDRE clocked by clk_fpga_0  {rise@0.000ns fall@5.000ns period=10.000ns})
  Path Group:             (none)
  Path Type:              Hold (Min at Slow Process Corner)
  Data Path Delay:        0.877ns  (logic 0.385ns (43.881%)  route 0.492ns (56.119%))
  Logic Levels:           0  
  Clock Path Skew:        4.307ns (DCD - SCD - CPR)
    Destination Clock Delay (DCD):    2.971ns
    Source Clock Delay      (SCD):    -1.336ns
    Clock Pessimism Removal (CPR):    -0.000ns
  Clock Uncertainty:      0.498ns  ((TSJ^2 + TIJ^2 + DJ^2)^1/2) / 2 + PE
    Total System Jitter     (TSJ):    0.071ns
    Total Input Jitter      (TIJ):    0.300ns
    Discrete Jitter          (DJ):    0.292ns
    Phase Error              (PE):    0.285ns
  Timing Exception:       False Path

    Location             Delay type                Incr(ns)  Path(ns)    Netlist Resource(s)
  -------------------------------------------------------------------    -------------------
                         (clock clk_pixel_vga_system_clk_wiz_0_1 rise edge)
                                                      0.000     0.000 r  
    K17                                               0.000     0.000 r  i_clk (IN)
                         net (fo=0)                   0.000     0.000    i_clk
    K17                  IBUF (Prop_ibuf_I_O)         1.421     1.421 r  i_clk_IBUF_inst/O
                         net (fo=2, routed)           1.162     2.583    periph_vga/u_system/vga_system_i/clk_wiz_0/inst/clk_in1
    MMCME2_ADV_X0Y1      MMCME2_ADV (Prop_mmcme2_adv_CLKIN1_CLKOUT0)
                                                     -7.105    -4.522 r  periph_vga/u_system/vga_system_i/clk_wiz_0/inst/mmcm_adv_inst/CLKOUT0
                         net (fo=1, routed)           1.599    -2.923    periph_vga/u_system/vga_system_i/clk_wiz_0/inst/clk_pixel_vga_system_clk_wiz_0_1
    BUFGCTRL_X0Y30       BUFG (Prop_bufg_I_O)         0.091    -2.832 r  periph_vga/u_system/vga_system_i/clk_wiz_0/inst/clkout1_buf/O
                         net (fo=169, routed)         1.495    -1.336    periph_vga/u_system/vga_system_i/axi_vdma_0/U0/GEN_SPRT_FOR_MM2S.MM2S_LINEBUFFER_I/GEN_LINEBUF_NO_SOF.GEN_FOR_ASYNC.ALL_LINES_XFRED_P_S_CDC_I/src_clk
    SLICE_X12Y26         FDRE                                         r  periph_vga/u_system/vga_system_i/axi_vdma_0/U0/GEN_SPRT_FOR_MM2S.MM2S_LINEBUFFER_I/GEN_LINEBUF_NO_SOF.GEN_FOR_ASYNC.ALL_LINES_XFRED_P_S_CDC_I/src_ff_reg/C
  -------------------------------------------------------------------    -------------------
    SLICE_X12Y26         FDRE (Prop_fdre_C_Q)         0.385    -0.951 r  periph_vga/u_system/vga_system_i/axi_vdma_0/U0/GEN_SPRT_FOR_MM2S.MM2S_LINEBUFFER_I/GEN_LINEBUF_NO_SOF.GEN_FOR_ASYNC.ALL_LINES_XFRED_P_S_CDC_I/src_ff_reg/Q
                         net (fo=1, routed)           0.492    -0.459    periph_vga/u_system/vga_system_i/axi_vdma_0/U0/GEN_SPRT_FOR_MM2S.MM2S_LINEBUFFER_I/GEN_LINEBUF_NO_SOF.GEN_FOR_ASYNC.ALL_LINES_XFRED_P_S_CDC_I/p_0_in[0]
    SLICE_X10Y26         FDRE                                         r  periph_vga/u_system/vga_system_i/axi_vdma_0/U0/GEN_SPRT_FOR_MM2S.MM2S_LINEBUFFER_I/GEN_LINEBUF_NO_SOF.GEN_FOR_ASYNC.ALL_LINES_XFRED_P_S_CDC_I/syncstages_ff_reg[0]/D
  -------------------------------------------------------------------    -------------------

                         (clock clk_fpga_0 rise edge)
                                                      0.000     0.000 r  
    PS7_X0Y0             PS7                          0.000     0.000 r  periph_vga/u_system/vga_system_i/processing_system7_0/inst/PS7_i/FCLKCLK[0]
                         net (fo=1, routed)           1.207     1.207    periph_vga/u_system/vga_system_i/processing_system7_0/inst/FCLK_CLK_unbuffered[0]
    BUFGCTRL_X0Y15       BUFG (Prop_bufg_I_O)         0.101     1.308 r  periph_vga/u_system/vga_system_i/processing_system7_0/inst/buffer_fclk_clk_0.FCLK_CLK_0_BUFG/O
                         net (fo=2395, routed)        1.663     2.971    periph_vga/u_system/vga_system_i/axi_vdma_0/U0/GEN_SPRT_FOR_MM2S.MM2S_LINEBUFFER_I/GEN_LINEBUF_NO_SOF.GEN_FOR_ASYNC.ALL_LINES_XFRED_P_S_CDC_I/dest_clk
    SLICE_X10Y26         FDRE                                         r  periph_vga/u_system/vga_system_i/axi_vdma_0/U0/GEN_SPRT_FOR_MM2S.MM2S_LINEBUFFER_I/GEN_LINEBUF_NO_SOF.GEN_FOR_ASYNC.ALL_LINES_XFRED_P_S_CDC_I/syncstages_ff_reg[0]/C

Slack:                    inf
  Source:                 <hidden>
                            (rising edge-triggered cell FDRE clocked by clk_pixel_vga_system_clk_wiz_0_1  {rise@0.000ns fall@19.862ns period=39.724ns})
  Destination:            <hidden>
                            (removal check against rising-edge clock clk_fpga_0  {rise@0.000ns fall@5.000ns period=10.000ns})
  Path Group:             (none)
  Path Type:              Removal (Min at Fast Process Corner)
  Data Path Delay:        0.714ns  (logic 0.209ns (29.257%)  route 0.505ns (70.743%))
  Logic Levels:           1  (LUT2=1)
  Clock Path Skew:        1.734ns (DCD - SCD - CPR)
    Destination Clock Delay (DCD):    1.234ns
    Source Clock Delay      (SCD):    -0.499ns
    Clock Pessimism Removal (CPR):    -0.000ns
  Clock Uncertainty:      0.498ns  ((TSJ^2 + TIJ^2 + DJ^2)^1/2) / 2 + PE
    Total System Jitter     (TSJ):    0.071ns
    Total Input Jitter      (TIJ):    0.300ns
    Discrete Jitter          (DJ):    0.292ns
    Phase Error              (PE):    0.285ns
  Timing Exception:       False Path

    Location             Delay type                Incr(ns)  Path(ns)    Netlist Resource(s)
  -------------------------------------------------------------------    -------------------
                         (clock clk_pixel_vga_system_clk_wiz_0_1 rise edge)
                                                      0.000     0.000 r  
    K17                                               0.000     0.000 r  i_clk (IN)
                         net (fo=0)                   0.000     0.000    i_clk
    K17                  IBUF (Prop_ibuf_I_O)         0.259     0.259 r  i_clk_IBUF_inst/O
                         net (fo=2, routed)           0.440     0.700    periph_vga/u_system/vga_system_i/clk_wiz_0/inst/clk_in1
    MMCME2_ADV_X0Y1      MMCME2_ADV (Prop_mmcme2_adv_CLKIN1_CLKOUT0)
                                                     -2.268    -1.568 r  periph_vga/u_system/vga_system_i/clk_wiz_0/inst/mmcm_adv_inst/CLKOUT0
                         net (fo=1, routed)           0.482    -1.086    periph_vga/u_system/vga_system_i/clk_wiz_0/inst/clk_pixel_vga_system_clk_wiz_0_1
    BUFGCTRL_X0Y30       BUFG (Prop_bufg_I_O)         0.026    -1.060 r  periph_vga/u_system/vga_system_i/clk_wiz_0/inst/clkout1_buf/O
                         net (fo=169, routed)         0.561    -0.499    <hidden>
    SLICE_X10Y18         FDRE                                         r  <hidden>
  -------------------------------------------------------------------    -------------------
    SLICE_X10Y18         FDRE (Prop_fdre_C_Q)         0.164    -0.335 f  <hidden>
                         net (fo=1, routed)           0.163    -0.172    <hidden>
    SLICE_X10Y18         LUT2 (Prop_lut2_I1_O)        0.045    -0.127 f  <hidden>
                         net (fo=1, routed)           0.342     0.215    <hidden>
    RAMB36_X0Y4          FIFO36E1                                     f  <hidden>
  -------------------------------------------------------------------    -------------------

                         (clock clk_fpga_0 rise edge)
                                                      0.000     0.000 r  
    PS7_X0Y0             PS7                          0.000     0.000 r  periph_vga/u_system/vga_system_i/processing_system7_0/inst/PS7_i/FCLKCLK[0]
                         net (fo=1, routed)           0.341     0.341    periph_vga/u_system/vga_system_i/processing_system7_0/inst/FCLK_CLK_unbuffered[0]
    BUFGCTRL_X0Y15       BUFG (Prop_bufg_I_O)         0.029     0.370 r  periph_vga/u_system/vga_system_i/processing_system7_0/inst/buffer_fclk_clk_0.FCLK_CLK_0_BUFG/O
                         net (fo=2395, routed)        0.864     1.234    <hidden>
    RAMB36_X0Y4          FIFO36E1                                     r  <hidden>





--------------------------------------------------------------------------------------
Path Group:  (none)
From Clock:  
  To Clock:  clk_out1_clk_wiz_0

Max Delay             1 Endpoint
Min Delay             1 Endpoint
--------------------------------------------------------------------------------------


Max Delay Paths
--------------------------------------------------------------------------------------
Slack:                    inf
  Source:                 i_rst
                            (input port)
  Destination:            _rst_sync_reg/PRE
                            (recovery check against rising-edge clock clk_out1_clk_wiz_0  {rise@0.000ns fall@10.000ns period=20.000ns})
  Path Group:             (none)
  Path Type:              Recovery (Max at Slow Process Corner)
  Data Path Delay:        2.788ns  (logic 1.528ns (54.819%)  route 1.259ns (45.181%))
  Logic Levels:           1  (IBUF=1)
  Clock Path Skew:        -1.143ns (DCD - SCD + CPR)
    Destination Clock Delay (DCD):    -1.143ns
    Source Clock Delay      (SCD):    0.000ns
    Clock Pessimism Removal (CPR):    0.000ns
  Clock Uncertainty:      0.172ns  ((TSJ^2 + DJ^2)^1/2) / 2 + PE
    Total System Jitter     (TSJ):    0.050ns
    Discrete Jitter          (DJ):    0.141ns
    Phase Error              (PE):    0.097ns
  Timing Exception:       False Path

    Location             Delay type                Incr(ns)  Path(ns)    Netlist Resource(s)
  -------------------------------------------------------------------    -------------------
    T16                                               0.000     0.000 f  i_rst (IN)
                         net (fo=0)                   0.000     0.000    i_rst
    T16                  IBUF (Prop_ibuf_I_O)         1.528     1.528 f  i_rst_IBUF_inst/O
                         net (fo=2, routed)           1.259     2.788    i_rst_IBUF
    SLICE_X43Y27         FDPE                                         f  _rst_sync_reg/PRE
  -------------------------------------------------------------------    -------------------

                         (clock clk_out1_clk_wiz_0 rise edge)
                                                      0.000     0.000 r  
    K17                                               0.000     0.000 r  i_clk (IN)
                         net (fo=0)                   0.000     0.000    i_clk
    K17                  IBUF (Prop_ibuf_I_O)         1.421     1.421 r  i_clk_IBUF_inst/O
                         net (fo=2, routed)           1.302     2.723    u_clk_wiz/inst/clk_in1
    MMCME2_ADV_X0Y0      MMCME2_ADV (Prop_mmcme2_adv_CLKIN1_CLKOUT0)
                                                     -7.118    -4.396 r  u_clk_wiz/inst/mmcm_adv_inst/CLKOUT0
                         net (fo=1, routed)           1.599    -2.796    u_clk_wiz/inst/clk_out1_clk_wiz_0
    BUFGCTRL_X0Y1        BUFG (Prop_bufg_I_O)         0.091    -2.705 r  u_clk_wiz/inst/clkout1_buf/O
                         net (fo=8, routed)           1.562    -1.143    _clkSystem
    SLICE_X43Y27         FDPE                                         r  _rst_sync_reg/C





Min Delay Paths
--------------------------------------------------------------------------------------
Slack:                    inf
  Source:                 i_rst
                            (input port)
  Destination:            _rst_sync_reg/PRE
                            (removal check against rising-edge clock clk_out1_clk_wiz_0  {rise@0.000ns fall@10.000ns period=20.000ns})
  Path Group:             (none)
  Path Type:              Removal (Min at Fast Process Corner)
  Data Path Delay:        0.797ns  (logic 0.296ns (37.079%)  route 0.501ns (62.921%))
  Logic Levels:           1  (IBUF=1)
  Clock Path Skew:        -0.662ns (DCD - SCD - CPR)
    Destination Clock Delay (DCD):    -0.662ns
    Source Clock Delay      (SCD):    0.000ns
    Clock Pessimism Removal (CPR):    -0.000ns
  Timing Exception:       False Path

    Location             Delay type                Incr(ns)  Path(ns)    Netlist Resource(s)
  -------------------------------------------------------------------    -------------------
    T16                                               0.000     0.000 f  i_rst (IN)
                         net (fo=0)                   0.000     0.000    i_rst
    T16                  IBUF (Prop_ibuf_I_O)         0.296     0.296 f  i_rst_IBUF_inst/O
                         net (fo=2, routed)           0.501     0.797    i_rst_IBUF
    SLICE_X43Y27         FDPE                                         f  _rst_sync_reg/PRE
  -------------------------------------------------------------------    -------------------

                         (clock clk_out1_clk_wiz_0 rise edge)
                                                      0.000     0.000 r  
    K17                                               0.000     0.000 r  i_clk (IN)
                         net (fo=0)                   0.000     0.000    i_clk
    K17                  IBUF (Prop_ibuf_I_O)         0.447     0.447 r  i_clk_IBUF_inst/O
                         net (fo=2, routed)           0.536     0.983    u_clk_wiz/inst/clk_in1
    MMCME2_ADV_X0Y0      MMCME2_ADV (Prop_mmcme2_adv_CLKIN1_CLKOUT0)
                                                     -3.050    -2.067 r  u_clk_wiz/inst/mmcm_adv_inst/CLKOUT0
                         net (fo=1, routed)           0.528    -1.539    u_clk_wiz/inst/clk_out1_clk_wiz_0
    BUFGCTRL_X0Y1        BUFG (Prop_bufg_I_O)         0.029    -1.510 r  u_clk_wiz/inst/clkout1_buf/O
                         net (fo=8, routed)           0.848    -0.662    _clkSystem
    SLICE_X43Y27         FDPE                                         r  _rst_sync_reg/C





--------------------------------------------------------------------------------------
Path Group:  (none)
From Clock:  clk_fpga_0
  To Clock:  clk_pixel_vga_system_clk_wiz_0_1

Max Delay            21 Endpoints
Min Delay            21 Endpoints
--------------------------------------------------------------------------------------


Max Delay Paths
--------------------------------------------------------------------------------------
Slack:                    inf
  Source:                 periph_vga/u_system/vga_system_i/axi_vdma_0/U0/GEN_SPRT_FOR_MM2S.ADDR32.I_MM2S_DMA_MNGR/VIDEO_REG_I/GEN_REGISTER_DIRECT.GEN_REGDIRECT_DRES.VIDREGISTER_I/vsize_vid_reg[6]/C
                            (rising edge-triggered cell FDRE clocked by clk_fpga_0  {rise@0.000ns fall@5.000ns period=10.000ns})
  Destination:            periph_vga/u_system/vga_system_i/axi_vdma_0/U0/GEN_SPRT_FOR_MM2S.MM2S_LINEBUFFER_I/GEN_LINEBUF_NO_SOF.GEN_FOR_ASYNC.crnt_vsize_cdc_tig_reg[6]/D
                            (rising edge-triggered cell FDRE clocked by clk_pixel_vga_system_clk_wiz_0_1  {rise@0.000ns fall@19.862ns period=39.724ns})
  Path Group:             (none)
  Path Type:              Setup (Max at Slow Process Corner)
  Data Path Delay:        1.400ns  (logic 0.419ns (29.925%)  route 0.981ns (70.075%))
  Logic Levels:           0  
  Clock Path Skew:        -4.347ns (DCD - SCD + CPR)
    Destination Clock Delay (DCD):    -1.333ns
    Source Clock Delay      (SCD):    3.014ns
    Clock Pessimism Removal (CPR):    0.000ns
  Clock Uncertainty:      0.498ns  ((TSJ^2 + TIJ^2 + DJ^2)^1/2) / 2 + PE
    Total System Jitter     (TSJ):    0.071ns
    Total Input Jitter      (TIJ):    0.300ns
    Discrete Jitter          (DJ):    0.292ns
    Phase Error              (PE):    0.285ns
  Timing Exception:       False Path

    Location             Delay type                Incr(ns)  Path(ns)    Netlist Resource(s)
  -------------------------------------------------------------------    -------------------
                         (clock clk_fpga_0 rise edge)
                                                      0.000     0.000 r  
    PS7_X0Y0             PS7                          0.000     0.000 r  periph_vga/u_system/vga_system_i/processing_system7_0/inst/PS7_i/FCLKCLK[0]
                         net (fo=1, routed)           1.207     1.207    periph_vga/u_system/vga_system_i/processing_system7_0/inst/FCLK_CLK_unbuffered[0]
    BUFGCTRL_X0Y15       BUFG (Prop_bufg_I_O)         0.101     1.308 r  periph_vga/u_system/vga_system_i/processing_system7_0/inst/buffer_fclk_clk_0.FCLK_CLK_0_BUFG/O
                         net (fo=2395, routed)        1.706     3.014    periph_vga/u_system/vga_system_i/axi_vdma_0/U0/GEN_SPRT_FOR_MM2S.ADDR32.I_MM2S_DMA_MNGR/VIDEO_REG_I/GEN_REGISTER_DIRECT.GEN_REGDIRECT_DRES.VIDREGISTER_I/s_axi_lite_aclk
    SLICE_X1Y27          FDRE                                         r  periph_vga/u_system/vga_system_i/axi_vdma_0/U0/GEN_SPRT_FOR_MM2S.ADDR32.I_MM2S_DMA_MNGR/VIDEO_REG_I/GEN_REGISTER_DIRECT.GEN_REGDIRECT_DRES.VIDREGISTER_I/vsize_vid_reg[6]/C
  -------------------------------------------------------------------    -------------------
    SLICE_X1Y27          FDRE (Prop_fdre_C_Q)         0.419     3.433 r  periph_vga/u_system/vga_system_i/axi_vdma_0/U0/GEN_SPRT_FOR_MM2S.ADDR32.I_MM2S_DMA_MNGR/VIDEO_REG_I/GEN_REGISTER_DIRECT.GEN_REGDIRECT_DRES.VIDREGISTER_I/vsize_vid_reg[6]/Q
                         net (fo=3, routed)           0.981     4.414    periph_vga/u_system/vga_system_i/axi_vdma_0/U0/GEN_SPRT_FOR_MM2S.MM2S_LINEBUFFER_I/Q[6]
    SLICE_X6Y29          FDRE                                         r  periph_vga/u_system/vga_system_i/axi_vdma_0/U0/GEN_SPRT_FOR_MM2S.MM2S_LINEBUFFER_I/GEN_LINEBUF_NO_SOF.GEN_FOR_ASYNC.crnt_vsize_cdc_tig_reg[6]/D
  -------------------------------------------------------------------    -------------------

                         (clock clk_pixel_vga_system_clk_wiz_0_1 rise edge)
                                                      0.000     0.000 r  
    K17                                               0.000     0.000 r  i_clk (IN)
                         net (fo=0)                   0.000     0.000    i_clk
    K17                  IBUF (Prop_ibuf_I_O)         1.421     1.421 r  i_clk_IBUF_inst/O
                         net (fo=2, routed)           1.162     2.583    periph_vga/u_system/vga_system_i/clk_wiz_0/inst/clk_in1
    MMCME2_ADV_X0Y1      MMCME2_ADV (Prop_mmcme2_adv_CLKIN1_CLKOUT0)
                                                     -7.105    -4.522 r  periph_vga/u_system/vga_system_i/clk_wiz_0/inst/mmcm_adv_inst/CLKOUT0
                         net (fo=1, routed)           1.599    -2.923    periph_vga/u_system/vga_system_i/clk_wiz_0/inst/clk_pixel_vga_system_clk_wiz_0_1
    BUFGCTRL_X0Y30       BUFG (Prop_bufg_I_O)         0.091    -2.832 r  periph_vga/u_system/vga_system_i/clk_wiz_0/inst/clkout1_buf/O
                         net (fo=169, routed)         1.498    -1.333    periph_vga/u_system/vga_system_i/axi_vdma_0/U0/GEN_SPRT_FOR_MM2S.MM2S_LINEBUFFER_I/m_axis_mm2s_aclk
    SLICE_X6Y29          FDRE                                         r  periph_vga/u_system/vga_system_i/axi_vdma_0/U0/GEN_SPRT_FOR_MM2S.MM2S_LINEBUFFER_I/GEN_LINEBUF_NO_SOF.GEN_FOR_ASYNC.crnt_vsize_cdc_tig_reg[6]/C

Slack:                    inf
  Source:                 periph_vga/u_system/vga_system_i/axi_vdma_0/U0/I_RST_MODULE/GEN_RESET_FOR_MM2S.RESET_I/GEN_RESET_FOR_ASYNC.AXIS_RESET_CDC_I/src_ff_reg/C
                            (rising edge-triggered cell FDRE clocked by clk_fpga_0  {rise@0.000ns fall@5.000ns period=10.000ns})
  Destination:            periph_vga/u_system/vga_system_i/axi_vdma_0/U0/I_RST_MODULE/GEN_RESET_FOR_MM2S.RESET_I/GEN_RESET_FOR_ASYNC.AXIS_RESET_CDC_I/syncstages_ff_reg[0]/D
                            (rising edge-triggered cell FDRE clocked by clk_pixel_vga_system_clk_wiz_0_1  {rise@0.000ns fall@19.862ns period=39.724ns})
  Path Group:             (none)
  Path Type:              Setup (Max at Slow Process Corner)
  Data Path Delay:        1.242ns  (logic 0.518ns (41.721%)  route 0.724ns (58.279%))
  Logic Levels:           0  
  Clock Path Skew:        -4.305ns (DCD - SCD + CPR)
    Destination Clock Delay (DCD):    -1.333ns
    Source Clock Delay      (SCD):    2.972ns
    Clock Pessimism Removal (CPR):    0.000ns
  Clock Uncertainty:      0.498ns  ((TSJ^2 + TIJ^2 + DJ^2)^1/2) / 2 + PE
    Total System Jitter     (TSJ):    0.071ns
    Total Input Jitter      (TIJ):    0.300ns
    Discrete Jitter          (DJ):    0.292ns
    Phase Error              (PE):    0.285ns
  Timing Exception:       False Path

    Location             Delay type                Incr(ns)  Path(ns)    Netlist Resource(s)
  -------------------------------------------------------------------    -------------------
                         (clock clk_fpga_0 rise edge)
                                                      0.000     0.000 r  
    PS7_X0Y0             PS7                          0.000     0.000 r  periph_vga/u_system/vga_system_i/processing_system7_0/inst/PS7_i/FCLKCLK[0]
                         net (fo=1, routed)           1.207     1.207    periph_vga/u_system/vga_system_i/processing_system7_0/inst/FCLK_CLK_unbuffered[0]
    BUFGCTRL_X0Y15       BUFG (Prop_bufg_I_O)         0.101     1.308 r  periph_vga/u_system/vga_system_i/processing_system7_0/inst/buffer_fclk_clk_0.FCLK_CLK_0_BUFG/O
                         net (fo=2395, routed)        1.664     2.972    periph_vga/u_system/vga_system_i/axi_vdma_0/U0/I_RST_MODULE/GEN_RESET_FOR_MM2S.RESET_I/GEN_RESET_FOR_ASYNC.AXIS_RESET_CDC_I/src_clk
    SLICE_X12Y27         FDRE                                         r  periph_vga/u_system/vga_system_i/axi_vdma_0/U0/I_RST_MODULE/GEN_RESET_FOR_MM2S.RESET_I/GEN_RESET_FOR_ASYNC.AXIS_RESET_CDC_I/src_ff_reg/C
  -------------------------------------------------------------------    -------------------
    SLICE_X12Y27         FDRE (Prop_fdre_C_Q)         0.518     3.490 r  periph_vga/u_system/vga_system_i/axi_vdma_0/U0/I_RST_MODULE/GEN_RESET_FOR_MM2S.RESET_I/GEN_RESET_FOR_ASYNC.AXIS_RESET_CDC_I/src_ff_reg/Q
                         net (fo=1, routed)           0.724     4.214    periph_vga/u_system/vga_system_i/axi_vdma_0/U0/I_RST_MODULE/GEN_RESET_FOR_MM2S.RESET_I/GEN_RESET_FOR_ASYNC.AXIS_RESET_CDC_I/p_0_in[0]
    SLICE_X12Y28         FDRE                                         r  periph_vga/u_system/vga_system_i/axi_vdma_0/U0/I_RST_MODULE/GEN_RESET_FOR_MM2S.RESET_I/GEN_RESET_FOR_ASYNC.AXIS_RESET_CDC_I/syncstages_ff_reg[0]/D
  -------------------------------------------------------------------    -------------------

                         (clock clk_pixel_vga_system_clk_wiz_0_1 rise edge)
                                                      0.000     0.000 r  
    K17                                               0.000     0.000 r  i_clk (IN)
                         net (fo=0)                   0.000     0.000    i_clk
    K17                  IBUF (Prop_ibuf_I_O)         1.421     1.421 r  i_clk_IBUF_inst/O
                         net (fo=2, routed)           1.162     2.583    periph_vga/u_system/vga_system_i/clk_wiz_0/inst/clk_in1
    MMCME2_ADV_X0Y1      MMCME2_ADV (Prop_mmcme2_adv_CLKIN1_CLKOUT0)
                                                     -7.105    -4.522 r  periph_vga/u_system/vga_system_i/clk_wiz_0/inst/mmcm_adv_inst/CLKOUT0
                         net (fo=1, routed)           1.599    -2.923    periph_vga/u_system/vga_system_i/clk_wiz_0/inst/clk_pixel_vga_system_clk_wiz_0_1
    BUFGCTRL_X0Y30       BUFG (Prop_bufg_I_O)         0.091    -2.832 r  periph_vga/u_system/vga_system_i/clk_wiz_0/inst/clkout1_buf/O
                         net (fo=169, routed)         1.498    -1.333    periph_vga/u_system/vga_system_i/axi_vdma_0/U0/I_RST_MODULE/GEN_RESET_FOR_MM2S.RESET_I/GEN_RESET_FOR_ASYNC.AXIS_RESET_CDC_I/dest_clk
    SLICE_X12Y28         FDRE                                         r  periph_vga/u_system/vga_system_i/axi_vdma_0/U0/I_RST_MODULE/GEN_RESET_FOR_MM2S.RESET_I/GEN_RESET_FOR_ASYNC.AXIS_RESET_CDC_I/syncstages_ff_reg[0]/C

Slack:                    inf
  Source:                 periph_vga/u_system/vga_system_i/axi_vdma_0/U0/GEN_SPRT_FOR_MM2S.ADDR32.I_MM2S_DMA_MNGR/VIDEO_REG_I/GEN_REGISTER_DIRECT.GEN_REGDIRECT_DRES.VIDREGISTER_I/vsize_vid_reg[7]/C
                            (rising edge-triggered cell FDRE clocked by clk_fpga_0  {rise@0.000ns fall@5.000ns period=10.000ns})
  Destination:            periph_vga/u_system/vga_system_i/axi_vdma_0/U0/GEN_SPRT_FOR_MM2S.MM2S_LINEBUFFER_I/GEN_LINEBUF_NO_SOF.GEN_FOR_ASYNC.crnt_vsize_cdc_tig_reg[7]/D
                            (rising edge-triggered cell FDRE clocked by clk_pixel_vga_system_clk_wiz_0_1  {rise@0.000ns fall@19.862ns period=39.724ns})
  Path Group:             (none)
  Path Type:              Setup (Max at Slow Process Corner)
  Data Path Delay:        1.150ns  (logic 0.456ns (39.667%)  route 0.694ns (60.333%))
  Logic Levels:           0  
  Clock Path Skew:        -4.355ns (DCD - SCD + CPR)
    Destination Clock Delay (DCD):    -1.333ns
    Source Clock Delay      (SCD):    3.022ns
    Clock Pessimism Removal (CPR):    0.000ns
  Clock Uncertainty:      0.498ns  ((TSJ^2 + TIJ^2 + DJ^2)^1/2) / 2 + PE
    Total System Jitter     (TSJ):    0.071ns
    Total Input Jitter      (TIJ):    0.300ns
    Discrete Jitter          (DJ):    0.292ns
    Phase Error              (PE):    0.285ns
  Timing Exception:       False Path

    Location             Delay type                Incr(ns)  Path(ns)    Netlist Resource(s)
  -------------------------------------------------------------------    -------------------
                         (clock clk_fpga_0 rise edge)
                                                      0.000     0.000 r  
    PS7_X0Y0             PS7                          0.000     0.000 r  periph_vga/u_system/vga_system_i/processing_system7_0/inst/PS7_i/FCLKCLK[0]
                         net (fo=1, routed)           1.207     1.207    periph_vga/u_system/vga_system_i/processing_system7_0/inst/FCLK_CLK_unbuffered[0]
    BUFGCTRL_X0Y15       BUFG (Prop_bufg_I_O)         0.101     1.308 r  periph_vga/u_system/vga_system_i/processing_system7_0/inst/buffer_fclk_clk_0.FCLK_CLK_0_BUFG/O
                         net (fo=2395, routed)        1.714     3.022    periph_vga/u_system/vga_system_i/axi_vdma_0/U0/GEN_SPRT_FOR_MM2S.ADDR32.I_MM2S_DMA_MNGR/VIDEO_REG_I/GEN_REGISTER_DIRECT.GEN_REGDIRECT_DRES.VIDREGISTER_I/s_axi_lite_aclk
    SLICE_X3Y28          FDRE                                         r  periph_vga/u_system/vga_system_i/axi_vdma_0/U0/GEN_SPRT_FOR_MM2S.ADDR32.I_MM2S_DMA_MNGR/VIDEO_REG_I/GEN_REGISTER_DIRECT.GEN_REGDIRECT_DRES.VIDREGISTER_I/vsize_vid_reg[7]/C
  -------------------------------------------------------------------    -------------------
    SLICE_X3Y28          FDRE (Prop_fdre_C_Q)         0.456     3.478 r  periph_vga/u_system/vga_system_i/axi_vdma_0/U0/GEN_SPRT_FOR_MM2S.ADDR32.I_MM2S_DMA_MNGR/VIDEO_REG_I/GEN_REGISTER_DIRECT.GEN_REGDIRECT_DRES.VIDREGISTER_I/vsize_vid_reg[7]/Q
                         net (fo=3, routed)           0.694     4.172    periph_vga/u_system/vga_system_i/axi_vdma_0/U0/GEN_SPRT_FOR_MM2S.MM2S_LINEBUFFER_I/Q[7]
    SLICE_X6Y29          FDRE                                         r  periph_vga/u_system/vga_system_i/axi_vdma_0/U0/GEN_SPRT_FOR_MM2S.MM2S_LINEBUFFER_I/GEN_LINEBUF_NO_SOF.GEN_FOR_ASYNC.crnt_vsize_cdc_tig_reg[7]/D
  -------------------------------------------------------------------    -------------------

                         (clock clk_pixel_vga_system_clk_wiz_0_1 rise edge)
                                                      0.000     0.000 r  
    K17                                               0.000     0.000 r  i_clk (IN)
                         net (fo=0)                   0.000     0.000    i_clk
    K17                  IBUF (Prop_ibuf_I_O)         1.421     1.421 r  i_clk_IBUF_inst/O
                         net (fo=2, routed)           1.162     2.583    periph_vga/u_system/vga_system_i/clk_wiz_0/inst/clk_in1
    MMCME2_ADV_X0Y1      MMCME2_ADV (Prop_mmcme2_adv_CLKIN1_CLKOUT0)
                                                     -7.105    -4.522 r  periph_vga/u_system/vga_system_i/clk_wiz_0/inst/mmcm_adv_inst/CLKOUT0
                         net (fo=1, routed)           1.599    -2.923    periph_vga/u_system/vga_system_i/clk_wiz_0/inst/clk_pixel_vga_system_clk_wiz_0_1
    BUFGCTRL_X0Y30       BUFG (Prop_bufg_I_O)         0.091    -2.832 r  periph_vga/u_system/vga_system_i/clk_wiz_0/inst/clkout1_buf/O
                         net (fo=169, routed)         1.498    -1.333    periph_vga/u_system/vga_system_i/axi_vdma_0/U0/GEN_SPRT_FOR_MM2S.MM2S_LINEBUFFER_I/m_axis_mm2s_aclk
    SLICE_X6Y29          FDRE                                         r  periph_vga/u_system/vga_system_i/axi_vdma_0/U0/GEN_SPRT_FOR_MM2S.MM2S_LINEBUFFER_I/GEN_LINEBUF_NO_SOF.GEN_FOR_ASYNC.crnt_vsize_cdc_tig_reg[7]/C

Slack:                    inf
  Source:                 periph_vga/u_system/vga_system_i/axi_vdma_0/U0/GEN_SPRT_FOR_MM2S.ADDR32.I_MM2S_DMA_MNGR/VIDEO_REG_I/GEN_REGISTER_DIRECT.GEN_REGDIRECT_DRES.VIDREGISTER_I/vsize_vid_reg[11]/C
                            (rising edge-triggered cell FDRE clocked by clk_fpga_0  {rise@0.000ns fall@5.000ns period=10.000ns})
  Destination:            periph_vga/u_system/vga_system_i/axi_vdma_0/U0/GEN_SPRT_FOR_MM2S.MM2S_LINEBUFFER_I/GEN_LINEBUF_NO_SOF.GEN_FOR_ASYNC.crnt_vsize_cdc_tig_reg[11]/D
                            (rising edge-triggered cell FDRE clocked by clk_pixel_vga_system_clk_wiz_0_1  {rise@0.000ns fall@19.862ns period=39.724ns})
  Path Group:             (none)
  Path Type:              Setup (Max at Slow Process Corner)
  Data Path Delay:        1.135ns  (logic 0.456ns (40.192%)  route 0.679ns (59.808%))
  Logic Levels:           0  
  Clock Path Skew:        -4.355ns (DCD - SCD + CPR)
    Destination Clock Delay (DCD):    -1.333ns
    Source Clock Delay      (SCD):    3.022ns
    Clock Pessimism Removal (CPR):    0.000ns
  Clock Uncertainty:      0.498ns  ((TSJ^2 + TIJ^2 + DJ^2)^1/2) / 2 + PE
    Total System Jitter     (TSJ):    0.071ns
    Total Input Jitter      (TIJ):    0.300ns
    Discrete Jitter          (DJ):    0.292ns
    Phase Error              (PE):    0.285ns
  Timing Exception:       False Path

    Location             Delay type                Incr(ns)  Path(ns)    Netlist Resource(s)
  -------------------------------------------------------------------    -------------------
                         (clock clk_fpga_0 rise edge)
                                                      0.000     0.000 r  
    PS7_X0Y0             PS7                          0.000     0.000 r  periph_vga/u_system/vga_system_i/processing_system7_0/inst/PS7_i/FCLKCLK[0]
                         net (fo=1, routed)           1.207     1.207    periph_vga/u_system/vga_system_i/processing_system7_0/inst/FCLK_CLK_unbuffered[0]
    BUFGCTRL_X0Y15       BUFG (Prop_bufg_I_O)         0.101     1.308 r  periph_vga/u_system/vga_system_i/processing_system7_0/inst/buffer_fclk_clk_0.FCLK_CLK_0_BUFG/O
                         net (fo=2395, routed)        1.714     3.022    periph_vga/u_system/vga_system_i/axi_vdma_0/U0/GEN_SPRT_FOR_MM2S.ADDR32.I_MM2S_DMA_MNGR/VIDEO_REG_I/GEN_REGISTER_DIRECT.GEN_REGDIRECT_DRES.VIDREGISTER_I/s_axi_lite_aclk
    SLICE_X3Y28          FDRE                                         r  periph_vga/u_system/vga_system_i/axi_vdma_0/U0/GEN_SPRT_FOR_MM2S.ADDR32.I_MM2S_DMA_MNGR/VIDEO_REG_I/GEN_REGISTER_DIRECT.GEN_REGDIRECT_DRES.VIDREGISTER_I/vsize_vid_reg[11]/C
  -------------------------------------------------------------------    -------------------
    SLICE_X3Y28          FDRE (Prop_fdre_C_Q)         0.456     3.478 r  periph_vga/u_system/vga_system_i/axi_vdma_0/U0/GEN_SPRT_FOR_MM2S.ADDR32.I_MM2S_DMA_MNGR/VIDEO_REG_I/GEN_REGISTER_DIRECT.GEN_REGDIRECT_DRES.VIDREGISTER_I/vsize_vid_reg[11]/Q
                         net (fo=3, routed)           0.679     4.157    periph_vga/u_system/vga_system_i/axi_vdma_0/U0/GEN_SPRT_FOR_MM2S.MM2S_LINEBUFFER_I/Q[11]
    SLICE_X7Y29          FDRE                                         r  periph_vga/u_system/vga_system_i/axi_vdma_0/U0/GEN_SPRT_FOR_MM2S.MM2S_LINEBUFFER_I/GEN_LINEBUF_NO_SOF.GEN_FOR_ASYNC.crnt_vsize_cdc_tig_reg[11]/D
  -------------------------------------------------------------------    -------------------

                         (clock clk_pixel_vga_system_clk_wiz_0_1 rise edge)
                                                      0.000     0.000 r  
    K17                                               0.000     0.000 r  i_clk (IN)
                         net (fo=0)                   0.000     0.000    i_clk
    K17                  IBUF (Prop_ibuf_I_O)         1.421     1.421 r  i_clk_IBUF_inst/O
                         net (fo=2, routed)           1.162     2.583    periph_vga/u_system/vga_system_i/clk_wiz_0/inst/clk_in1
    MMCME2_ADV_X0Y1      MMCME2_ADV (Prop_mmcme2_adv_CLKIN1_CLKOUT0)
                                                     -7.105    -4.522 r  periph_vga/u_system/vga_system_i/clk_wiz_0/inst/mmcm_adv_inst/CLKOUT0
                         net (fo=1, routed)           1.599    -2.923    periph_vga/u_system/vga_system_i/clk_wiz_0/inst/clk_pixel_vga_system_clk_wiz_0_1
    BUFGCTRL_X0Y30       BUFG (Prop_bufg_I_O)         0.091    -2.832 r  periph_vga/u_system/vga_system_i/clk_wiz_0/inst/clkout1_buf/O
                         net (fo=169, routed)         1.498    -1.333    periph_vga/u_system/vga_system_i/axi_vdma_0/U0/GEN_SPRT_FOR_MM2S.MM2S_LINEBUFFER_I/m_axis_mm2s_aclk
    SLICE_X7Y29          FDRE                                         r  periph_vga/u_system/vga_system_i/axi_vdma_0/U0/GEN_SPRT_FOR_MM2S.MM2S_LINEBUFFER_I/GEN_LINEBUF_NO_SOF.GEN_FOR_ASYNC.crnt_vsize_cdc_tig_reg[11]/C

Slack:                    inf
  Source:                 periph_vga/u_system/vga_system_i/axi_vdma_0/U0/GEN_SPRT_FOR_MM2S.ADDR32.I_MM2S_DMA_MNGR/VIDEO_REG_I/GEN_REGISTER_DIRECT.GEN_REGDIRECT_DRES.VIDREGISTER_I/vsize_vid_reg[10]/C
                            (rising edge-triggered cell FDRE clocked by clk_fpga_0  {rise@0.000ns fall@5.000ns period=10.000ns})
  Destination:            periph_vga/u_system/vga_system_i/axi_vdma_0/U0/GEN_SPRT_FOR_MM2S.MM2S_LINEBUFFER_I/GEN_LINEBUF_NO_SOF.GEN_FOR_ASYNC.crnt_vsize_cdc_tig_reg[10]/D
                            (rising edge-triggered cell FDRE clocked by clk_pixel_vga_system_clk_wiz_0_1  {rise@0.000ns fall@19.862ns period=39.724ns})
  Path Group:             (none)
  Path Type:              Setup (Max at Slow Process Corner)
  Data Path Delay:        1.132ns  (logic 0.419ns (37.000%)  route 0.713ns (63.000%))
  Logic Levels:           0  
  Clock Path Skew:        -4.347ns (DCD - SCD + CPR)
    Destination Clock Delay (DCD):    -1.333ns
    Source Clock Delay      (SCD):    3.014ns
    Clock Pessimism Removal (CPR):    0.000ns
  Clock Uncertainty:      0.498ns  ((TSJ^2 + TIJ^2 + DJ^2)^1/2) / 2 + PE
    Total System Jitter     (TSJ):    0.071ns
    Total Input Jitter      (TIJ):    0.300ns
    Discrete Jitter          (DJ):    0.292ns
    Phase Error              (PE):    0.285ns
  Timing Exception:       False Path

    Location             Delay type                Incr(ns)  Path(ns)    Netlist Resource(s)
  -------------------------------------------------------------------    -------------------
                         (clock clk_fpga_0 rise edge)
                                                      0.000     0.000 r  
    PS7_X0Y0             PS7                          0.000     0.000 r  periph_vga/u_system/vga_system_i/processing_system7_0/inst/PS7_i/FCLKCLK[0]
                         net (fo=1, routed)           1.207     1.207    periph_vga/u_system/vga_system_i/processing_system7_0/inst/FCLK_CLK_unbuffered[0]
    BUFGCTRL_X0Y15       BUFG (Prop_bufg_I_O)         0.101     1.308 r  periph_vga/u_system/vga_system_i/processing_system7_0/inst/buffer_fclk_clk_0.FCLK_CLK_0_BUFG/O
                         net (fo=2395, routed)        1.706     3.014    periph_vga/u_system/vga_system_i/axi_vdma_0/U0/GEN_SPRT_FOR_MM2S.ADDR32.I_MM2S_DMA_MNGR/VIDEO_REG_I/GEN_REGISTER_DIRECT.GEN_REGDIRECT_DRES.VIDREGISTER_I/s_axi_lite_aclk
    SLICE_X1Y27          FDRE                                         r  periph_vga/u_system/vga_system_i/axi_vdma_0/U0/GEN_SPRT_FOR_MM2S.ADDR32.I_MM2S_DMA_MNGR/VIDEO_REG_I/GEN_REGISTER_DIRECT.GEN_REGDIRECT_DRES.VIDREGISTER_I/vsize_vid_reg[10]/C
  -------------------------------------------------------------------    -------------------
    SLICE_X1Y27          FDRE (Prop_fdre_C_Q)         0.419     3.433 r  periph_vga/u_system/vga_system_i/axi_vdma_0/U0/GEN_SPRT_FOR_MM2S.ADDR32.I_MM2S_DMA_MNGR/VIDEO_REG_I/GEN_REGISTER_DIRECT.GEN_REGDIRECT_DRES.VIDREGISTER_I/vsize_vid_reg[10]/Q
                         net (fo=3, routed)           0.713     4.146    periph_vga/u_system/vga_system_i/axi_vdma_0/U0/GEN_SPRT_FOR_MM2S.MM2S_LINEBUFFER_I/Q[10]
    SLICE_X7Y29          FDRE                                         r  periph_vga/u_system/vga_system_i/axi_vdma_0/U0/GEN_SPRT_FOR_MM2S.MM2S_LINEBUFFER_I/GEN_LINEBUF_NO_SOF.GEN_FOR_ASYNC.crnt_vsize_cdc_tig_reg[10]/D
  -------------------------------------------------------------------    -------------------

                         (clock clk_pixel_vga_system_clk_wiz_0_1 rise edge)
                                                      0.000     0.000 r  
    K17                                               0.000     0.000 r  i_clk (IN)
                         net (fo=0)                   0.000     0.000    i_clk
    K17                  IBUF (Prop_ibuf_I_O)         1.421     1.421 r  i_clk_IBUF_inst/O
                         net (fo=2, routed)           1.162     2.583    periph_vga/u_system/vga_system_i/clk_wiz_0/inst/clk_in1
    MMCME2_ADV_X0Y1      MMCME2_ADV (Prop_mmcme2_adv_CLKIN1_CLKOUT0)
                                                     -7.105    -4.522 r  periph_vga/u_system/vga_system_i/clk_wiz_0/inst/mmcm_adv_inst/CLKOUT0
                         net (fo=1, routed)           1.599    -2.923    periph_vga/u_system/vga_system_i/clk_wiz_0/inst/clk_pixel_vga_system_clk_wiz_0_1
    BUFGCTRL_X0Y30       BUFG (Prop_bufg_I_O)         0.091    -2.832 r  periph_vga/u_system/vga_system_i/clk_wiz_0/inst/clkout1_buf/O
                         net (fo=169, routed)         1.498    -1.333    periph_vga/u_system/vga_system_i/axi_vdma_0/U0/GEN_SPRT_FOR_MM2S.MM2S_LINEBUFFER_I/m_axis_mm2s_aclk
    SLICE_X7Y29          FDRE                                         r  periph_vga/u_system/vga_system_i/axi_vdma_0/U0/GEN_SPRT_FOR_MM2S.MM2S_LINEBUFFER_I/GEN_LINEBUF_NO_SOF.GEN_FOR_ASYNC.crnt_vsize_cdc_tig_reg[10]/C

Slack:                    inf
  Source:                 periph_vga/u_system/vga_system_i/axi_vdma_0/U0/GEN_SPRT_FOR_MM2S.ADDR32.I_MM2S_DMA_MNGR/VIDEO_REG_I/GEN_REGISTER_DIRECT.GEN_REGDIRECT_DRES.VIDREGISTER_I/vsize_vid_reg[1]/C
                            (rising edge-triggered cell FDRE clocked by clk_fpga_0  {rise@0.000ns fall@5.000ns period=10.000ns})
  Destination:            periph_vga/u_system/vga_system_i/axi_vdma_0/U0/GEN_SPRT_FOR_MM2S.MM2S_LINEBUFFER_I/GEN_LINEBUF_NO_SOF.GEN_FOR_ASYNC.crnt_vsize_cdc_tig_reg[1]/D
                            (rising edge-triggered cell FDRE clocked by clk_pixel_vga_system_clk_wiz_0_1  {rise@0.000ns fall@19.862ns period=39.724ns})
  Path Group:             (none)
  Path Type:              Setup (Max at Slow Process Corner)
  Data Path Delay:        1.145ns  (logic 0.478ns (41.735%)  route 0.667ns (58.265%))
  Logic Levels:           0  
  Clock Path Skew:        -4.315ns (DCD - SCD + CPR)
    Destination Clock Delay (DCD):    -1.335ns
    Source Clock Delay      (SCD):    2.980ns
    Clock Pessimism Removal (CPR):    0.000ns
  Clock Uncertainty:      0.498ns  ((TSJ^2 + TIJ^2 + DJ^2)^1/2) / 2 + PE
    Total System Jitter     (TSJ):    0.071ns
    Total Input Jitter      (TIJ):    0.300ns
    Discrete Jitter          (DJ):    0.292ns
    Phase Error              (PE):    0.285ns
  Timing Exception:       False Path

    Location             Delay type                Incr(ns)  Path(ns)    Netlist Resource(s)
  -------------------------------------------------------------------    -------------------
                         (clock clk_fpga_0 rise edge)
                                                      0.000     0.000 r  
    PS7_X0Y0             PS7                          0.000     0.000 r  periph_vga/u_system/vga_system_i/processing_system7_0/inst/PS7_i/FCLKCLK[0]
                         net (fo=1, routed)           1.207     1.207    periph_vga/u_system/vga_system_i/processing_system7_0/inst/FCLK_CLK_unbuffered[0]
    BUFGCTRL_X0Y15       BUFG (Prop_bufg_I_O)         0.101     1.308 r  periph_vga/u_system/vga_system_i/processing_system7_0/inst/buffer_fclk_clk_0.FCLK_CLK_0_BUFG/O
                         net (fo=2395, routed)        1.672     2.980    periph_vga/u_system/vga_system_i/axi_vdma_0/U0/GEN_SPRT_FOR_MM2S.ADDR32.I_MM2S_DMA_MNGR/VIDEO_REG_I/GEN_REGISTER_DIRECT.GEN_REGDIRECT_DRES.VIDREGISTER_I/s_axi_lite_aclk
    SLICE_X6Y32          FDRE                                         r  periph_vga/u_system/vga_system_i/axi_vdma_0/U0/GEN_SPRT_FOR_MM2S.ADDR32.I_MM2S_DMA_MNGR/VIDEO_REG_I/GEN_REGISTER_DIRECT.GEN_REGDIRECT_DRES.VIDREGISTER_I/vsize_vid_reg[1]/C
  -------------------------------------------------------------------    -------------------
    SLICE_X6Y32          FDRE (Prop_fdre_C_Q)         0.478     3.458 r  periph_vga/u_system/vga_system_i/axi_vdma_0/U0/GEN_SPRT_FOR_MM2S.ADDR32.I_MM2S_DMA_MNGR/VIDEO_REG_I/GEN_REGISTER_DIRECT.GEN_REGDIRECT_DRES.VIDREGISTER_I/vsize_vid_reg[1]/Q
                         net (fo=3, routed)           0.667     4.125    periph_vga/u_system/vga_system_i/axi_vdma_0/U0/GEN_SPRT_FOR_MM2S.MM2S_LINEBUFFER_I/Q[1]
    SLICE_X8Y27          FDRE                                         r  periph_vga/u_system/vga_system_i/axi_vdma_0/U0/GEN_SPRT_FOR_MM2S.MM2S_LINEBUFFER_I/GEN_LINEBUF_NO_SOF.GEN_FOR_ASYNC.crnt_vsize_cdc_tig_reg[1]/D
  -------------------------------------------------------------------    -------------------

                         (clock clk_pixel_vga_system_clk_wiz_0_1 rise edge)
                                                      0.000     0.000 r  
    K17                                               0.000     0.000 r  i_clk (IN)
                         net (fo=0)                   0.000     0.000    i_clk
    K17                  IBUF (Prop_ibuf_I_O)         1.421     1.421 r  i_clk_IBUF_inst/O
                         net (fo=2, routed)           1.162     2.583    periph_vga/u_system/vga_system_i/clk_wiz_0/inst/clk_in1
    MMCME2_ADV_X0Y1      MMCME2_ADV (Prop_mmcme2_adv_CLKIN1_CLKOUT0)
                                                     -7.105    -4.522 r  periph_vga/u_system/vga_system_i/clk_wiz_0/inst/mmcm_adv_inst/CLKOUT0
                         net (fo=1, routed)           1.599    -2.923    periph_vga/u_system/vga_system_i/clk_wiz_0/inst/clk_pixel_vga_system_clk_wiz_0_1
    BUFGCTRL_X0Y30       BUFG (Prop_bufg_I_O)         0.091    -2.832 r  periph_vga/u_system/vga_system_i/clk_wiz_0/inst/clkout1_buf/O
                         net (fo=169, routed)         1.496    -1.335    periph_vga/u_system/vga_system_i/axi_vdma_0/U0/GEN_SPRT_FOR_MM2S.MM2S_LINEBUFFER_I/m_axis_mm2s_aclk
    SLICE_X8Y27          FDRE                                         r  periph_vga/u_system/vga_system_i/axi_vdma_0/U0/GEN_SPRT_FOR_MM2S.MM2S_LINEBUFFER_I/GEN_LINEBUF_NO_SOF.GEN_FOR_ASYNC.crnt_vsize_cdc_tig_reg[1]/C

Slack:                    inf
  Source:                 periph_vga/u_system/vga_system_i/axi_vdma_0/U0/I_RST_MODULE/GEN_RESET_FOR_MM2S.RESET_I/GEN_MIN_FOR_ASYNC.AXIS_CLR_CDC_I/src_level_ff_reg/C
                            (rising edge-triggered cell FDRE clocked by clk_fpga_0  {rise@0.000ns fall@5.000ns period=10.000ns})
  Destination:            periph_vga/u_system/vga_system_i/axi_vdma_0/U0/I_RST_MODULE/GEN_RESET_FOR_MM2S.RESET_I/GEN_MIN_FOR_ASYNC.AXIS_CLR_CDC_I/xpm_cdc_single_inst/syncstages_ff_reg[0]/D
                            (rising edge-triggered cell FDRE clocked by clk_pixel_vga_system_clk_wiz_0_1  {rise@0.000ns fall@19.862ns period=39.724ns})
  Path Group:             (none)
  Path Type:              Setup (Max at Slow Process Corner)
  Data Path Delay:        1.102ns  (logic 0.518ns (46.994%)  route 0.584ns (53.006%))
  Logic Levels:           0  
  Clock Path Skew:        -4.305ns (DCD - SCD + CPR)
    Destination Clock Delay (DCD):    -1.340ns
    Source Clock Delay      (SCD):    2.965ns
    Clock Pessimism Removal (CPR):    0.000ns
  Clock Uncertainty:      0.498ns  ((TSJ^2 + TIJ^2 + DJ^2)^1/2) / 2 + PE
    Total System Jitter     (TSJ):    0.071ns
    Total Input Jitter      (TIJ):    0.300ns
    Discrete Jitter          (DJ):    0.292ns
    Phase Error              (PE):    0.285ns
  Timing Exception:       False Path

    Location             Delay type                Incr(ns)  Path(ns)    Netlist Resource(s)
  -------------------------------------------------------------------    -------------------
                         (clock clk_fpga_0 rise edge)
                                                      0.000     0.000 r  
    PS7_X0Y0             PS7                          0.000     0.000 r  periph_vga/u_system/vga_system_i/processing_system7_0/inst/PS7_i/FCLKCLK[0]
                         net (fo=1, routed)           1.207     1.207    periph_vga/u_system/vga_system_i/processing_system7_0/inst/FCLK_CLK_unbuffered[0]
    BUFGCTRL_X0Y15       BUFG (Prop_bufg_I_O)         0.101     1.308 r  periph_vga/u_system/vga_system_i/processing_system7_0/inst/buffer_fclk_clk_0.FCLK_CLK_0_BUFG/O
                         net (fo=2395, routed)        1.657     2.965    periph_vga/u_system/vga_system_i/axi_vdma_0/U0/I_RST_MODULE/GEN_RESET_FOR_MM2S.RESET_I/GEN_MIN_FOR_ASYNC.AXIS_CLR_CDC_I/src_clk
    SLICE_X16Y27         FDRE                                         r  periph_vga/u_system/vga_system_i/axi_vdma_0/U0/I_RST_MODULE/GEN_RESET_FOR_MM2S.RESET_I/GEN_MIN_FOR_ASYNC.AXIS_CLR_CDC_I/src_level_ff_reg/C
  -------------------------------------------------------------------    -------------------
    SLICE_X16Y27         FDRE (Prop_fdre_C_Q)         0.518     3.483 r  periph_vga/u_system/vga_system_i/axi_vdma_0/U0/I_RST_MODULE/GEN_RESET_FOR_MM2S.RESET_I/GEN_MIN_FOR_ASYNC.AXIS_CLR_CDC_I/src_level_ff_reg/Q
                         net (fo=2, routed)           0.584     4.067    periph_vga/u_system/vga_system_i/axi_vdma_0/U0/I_RST_MODULE/GEN_RESET_FOR_MM2S.RESET_I/GEN_MIN_FOR_ASYNC.AXIS_CLR_CDC_I/xpm_cdc_single_inst/src_in
    SLICE_X17Y28         FDRE                                         r  periph_vga/u_system/vga_system_i/axi_vdma_0/U0/I_RST_MODULE/GEN_RESET_FOR_MM2S.RESET_I/GEN_MIN_FOR_ASYNC.AXIS_CLR_CDC_I/xpm_cdc_single_inst/syncstages_ff_reg[0]/D
  -------------------------------------------------------------------    -------------------

                         (clock clk_pixel_vga_system_clk_wiz_0_1 rise edge)
                                                      0.000     0.000 r  
    K17                                               0.000     0.000 r  i_clk (IN)
                         net (fo=0)                   0.000     0.000    i_clk
    K17                  IBUF (Prop_ibuf_I_O)         1.421     1.421 r  i_clk_IBUF_inst/O
                         net (fo=2, routed)           1.162     2.583    periph_vga/u_system/vga_system_i/clk_wiz_0/inst/clk_in1
    MMCME2_ADV_X0Y1      MMCME2_ADV (Prop_mmcme2_adv_CLKIN1_CLKOUT0)
                                                     -7.105    -4.522 r  periph_vga/u_system/vga_system_i/clk_wiz_0/inst/mmcm_adv_inst/CLKOUT0
                         net (fo=1, routed)           1.599    -2.923    periph_vga/u_system/vga_system_i/clk_wiz_0/inst/clk_pixel_vga_system_clk_wiz_0_1
    BUFGCTRL_X0Y30       BUFG (Prop_bufg_I_O)         0.091    -2.832 r  periph_vga/u_system/vga_system_i/clk_wiz_0/inst/clkout1_buf/O
                         net (fo=169, routed)         1.491    -1.340    periph_vga/u_system/vga_system_i/axi_vdma_0/U0/I_RST_MODULE/GEN_RESET_FOR_MM2S.RESET_I/GEN_MIN_FOR_ASYNC.AXIS_CLR_CDC_I/xpm_cdc_single_inst/dest_clk
    SLICE_X17Y28         FDRE                                         r  periph_vga/u_system/vga_system_i/axi_vdma_0/U0/I_RST_MODULE/GEN_RESET_FOR_MM2S.RESET_I/GEN_MIN_FOR_ASYNC.AXIS_CLR_CDC_I/xpm_cdc_single_inst/syncstages_ff_reg[0]/C

Slack:                    inf
  Source:                 periph_vga/u_system/vga_system_i/axi_vdma_0/U0/GEN_SPRT_FOR_MM2S.MM2S_LINEBUFFER_I/GEN_LINEBUF_NO_SOF.s_axis_fifo_ainit_nosync_reg_reg/C
                            (rising edge-triggered cell FDRE clocked by clk_fpga_0  {rise@0.000ns fall@5.000ns period=10.000ns})
  Destination:            <hidden>
                            (recovery check against rising-edge clock clk_pixel_vga_system_clk_wiz_0_1  {rise@0.000ns fall@19.862ns period=39.724ns})
  Path Group:             (none)
  Path Type:              Recovery (Max at Slow Process Corner)
  Data Path Delay:        1.092ns  (logic 0.419ns (38.359%)  route 0.673ns (61.641%))
  Logic Levels:           0  
  Clock Path Skew:        -4.305ns (DCD - SCD + CPR)
    Destination Clock Delay (DCD):    -1.333ns
    Source Clock Delay      (SCD):    2.972ns
    Clock Pessimism Removal (CPR):    0.000ns
  Clock Uncertainty:      0.498ns  ((TSJ^2 + TIJ^2 + DJ^2)^1/2) / 2 + PE
    Total System Jitter     (TSJ):    0.071ns
    Total Input Jitter      (TIJ):    0.300ns
    Discrete Jitter          (DJ):    0.292ns
    Phase Error              (PE):    0.285ns
  Timing Exception:       False Path

    Location             Delay type                Incr(ns)  Path(ns)    Netlist Resource(s)
  -------------------------------------------------------------------    -------------------
                         (clock clk_fpga_0 rise edge)
                                                      0.000     0.000 r  
    PS7_X0Y0             PS7                          0.000     0.000 r  periph_vga/u_system/vga_system_i/processing_system7_0/inst/PS7_i/FCLKCLK[0]
                         net (fo=1, routed)           1.207     1.207    periph_vga/u_system/vga_system_i/processing_system7_0/inst/FCLK_CLK_unbuffered[0]
    BUFGCTRL_X0Y15       BUFG (Prop_bufg_I_O)         0.101     1.308 r  periph_vga/u_system/vga_system_i/processing_system7_0/inst/buffer_fclk_clk_0.FCLK_CLK_0_BUFG/O
                         net (fo=2395, routed)        1.664     2.972    periph_vga/u_system/vga_system_i/axi_vdma_0/U0/GEN_SPRT_FOR_MM2S.MM2S_LINEBUFFER_I/s_axi_lite_aclk
    SLICE_X7Y22          FDRE                                         r  periph_vga/u_system/vga_system_i/axi_vdma_0/U0/GEN_SPRT_FOR_MM2S.MM2S_LINEBUFFER_I/GEN_LINEBUF_NO_SOF.s_axis_fifo_ainit_nosync_reg_reg/C
  -------------------------------------------------------------------    -------------------
    SLICE_X7Y22          FDRE (Prop_fdre_C_Q)         0.419     3.391 f  periph_vga/u_system/vga_system_i/axi_vdma_0/U0/GEN_SPRT_FOR_MM2S.MM2S_LINEBUFFER_I/GEN_LINEBUF_NO_SOF.s_axis_fifo_ainit_nosync_reg_reg/Q
                         net (fo=2, routed)           0.673     4.064    <hidden>
    SLICE_X7Y19          FDPE                                         f  <hidden>
  -------------------------------------------------------------------    -------------------

                         (clock clk_pixel_vga_system_clk_wiz_0_1 rise edge)
                                                      0.000     0.000 r  
    K17                                               0.000     0.000 r  i_clk (IN)
                         net (fo=0)                   0.000     0.000    i_clk
    K17                  IBUF (Prop_ibuf_I_O)         1.421     1.421 r  i_clk_IBUF_inst/O
                         net (fo=2, routed)           1.162     2.583    periph_vga/u_system/vga_system_i/clk_wiz_0/inst/clk_in1
    MMCME2_ADV_X0Y1      MMCME2_ADV (Prop_mmcme2_adv_CLKIN1_CLKOUT0)
                                                     -7.105    -4.522 r  periph_vga/u_system/vga_system_i/clk_wiz_0/inst/mmcm_adv_inst/CLKOUT0
                         net (fo=1, routed)           1.599    -2.923    periph_vga/u_system/vga_system_i/clk_wiz_0/inst/clk_pixel_vga_system_clk_wiz_0_1
    BUFGCTRL_X0Y30       BUFG (Prop_bufg_I_O)         0.091    -2.832 r  periph_vga/u_system/vga_system_i/clk_wiz_0/inst/clkout1_buf/O
                         net (fo=169, routed)         1.498    -1.333    <hidden>
    SLICE_X7Y19          FDPE                                         r  <hidden>

Slack:                    inf
  Source:                 periph_vga/u_system/vga_system_i/axi_vdma_0/U0/GEN_SPRT_FOR_MM2S.MM2S_LINEBUFFER_I/GEN_LINEBUF_NO_SOF.s_axis_fifo_ainit_nosync_reg_reg/C
                            (rising edge-triggered cell FDRE clocked by clk_fpga_0  {rise@0.000ns fall@5.000ns period=10.000ns})
  Destination:            <hidden>
                            (recovery check against rising-edge clock clk_pixel_vga_system_clk_wiz_0_1  {rise@0.000ns fall@19.862ns period=39.724ns})
  Path Group:             (none)
  Path Type:              Recovery (Max at Slow Process Corner)
  Data Path Delay:        1.092ns  (logic 0.419ns (38.359%)  route 0.673ns (61.641%))
  Logic Levels:           0  
  Clock Path Skew:        -4.305ns (DCD - SCD + CPR)
    Destination Clock Delay (DCD):    -1.333ns
    Source Clock Delay      (SCD):    2.972ns
    Clock Pessimism Removal (CPR):    0.000ns
  Clock Uncertainty:      0.498ns  ((TSJ^2 + TIJ^2 + DJ^2)^1/2) / 2 + PE
    Total System Jitter     (TSJ):    0.071ns
    Total Input Jitter      (TIJ):    0.300ns
    Discrete Jitter          (DJ):    0.292ns
    Phase Error              (PE):    0.285ns
  Timing Exception:       False Path

    Location             Delay type                Incr(ns)  Path(ns)    Netlist Resource(s)
  -------------------------------------------------------------------    -------------------
                         (clock clk_fpga_0 rise edge)
                                                      0.000     0.000 r  
    PS7_X0Y0             PS7                          0.000     0.000 r  periph_vga/u_system/vga_system_i/processing_system7_0/inst/PS7_i/FCLKCLK[0]
                         net (fo=1, routed)           1.207     1.207    periph_vga/u_system/vga_system_i/processing_system7_0/inst/FCLK_CLK_unbuffered[0]
    BUFGCTRL_X0Y15       BUFG (Prop_bufg_I_O)         0.101     1.308 r  periph_vga/u_system/vga_system_i/processing_system7_0/inst/buffer_fclk_clk_0.FCLK_CLK_0_BUFG/O
                         net (fo=2395, routed)        1.664     2.972    periph_vga/u_system/vga_system_i/axi_vdma_0/U0/GEN_SPRT_FOR_MM2S.MM2S_LINEBUFFER_I/s_axi_lite_aclk
    SLICE_X7Y22          FDRE                                         r  periph_vga/u_system/vga_system_i/axi_vdma_0/U0/GEN_SPRT_FOR_MM2S.MM2S_LINEBUFFER_I/GEN_LINEBUF_NO_SOF.s_axis_fifo_ainit_nosync_reg_reg/C
  -------------------------------------------------------------------    -------------------
    SLICE_X7Y22          FDRE (Prop_fdre_C_Q)         0.419     3.391 f  periph_vga/u_system/vga_system_i/axi_vdma_0/U0/GEN_SPRT_FOR_MM2S.MM2S_LINEBUFFER_I/GEN_LINEBUF_NO_SOF.s_axis_fifo_ainit_nosync_reg_reg/Q
                         net (fo=2, routed)           0.673     4.064    <hidden>
    SLICE_X7Y19          FDPE                                         f  <hidden>
  -------------------------------------------------------------------    -------------------

                         (clock clk_pixel_vga_system_clk_wiz_0_1 rise edge)
                                                      0.000     0.000 r  
    K17                                               0.000     0.000 r  i_clk (IN)
                         net (fo=0)                   0.000     0.000    i_clk
    K17                  IBUF (Prop_ibuf_I_O)         1.421     1.421 r  i_clk_IBUF_inst/O
                         net (fo=2, routed)           1.162     2.583    periph_vga/u_system/vga_system_i/clk_wiz_0/inst/clk_in1
    MMCME2_ADV_X0Y1      MMCME2_ADV (Prop_mmcme2_adv_CLKIN1_CLKOUT0)
                                                     -7.105    -4.522 r  periph_vga/u_system/vga_system_i/clk_wiz_0/inst/mmcm_adv_inst/CLKOUT0
                         net (fo=1, routed)           1.599    -2.923    periph_vga/u_system/vga_system_i/clk_wiz_0/inst/clk_pixel_vga_system_clk_wiz_0_1
    BUFGCTRL_X0Y30       BUFG (Prop_bufg_I_O)         0.091    -2.832 r  periph_vga/u_system/vga_system_i/clk_wiz_0/inst/clkout1_buf/O
                         net (fo=169, routed)         1.498    -1.333    <hidden>
    SLICE_X7Y19          FDPE                                         r  <hidden>

Slack:                    inf
  Source:                 periph_vga/u_system/vga_system_i/axi_vdma_0/U0/GEN_SPRT_FOR_MM2S.ADDR32.I_MM2S_DMA_MNGR/VIDEO_REG_I/GEN_REGISTER_DIRECT.GEN_REGDIRECT_DRES.VIDREGISTER_I/vsize_vid_reg[2]/C
                            (rising edge-triggered cell FDRE clocked by clk_fpga_0  {rise@0.000ns fall@5.000ns period=10.000ns})
  Destination:            periph_vga/u_system/vga_system_i/axi_vdma_0/U0/GEN_SPRT_FOR_MM2S.MM2S_LINEBUFFER_I/GEN_LINEBUF_NO_SOF.GEN_FOR_ASYNC.crnt_vsize_cdc_tig_reg[2]/D
                            (rising edge-triggered cell FDRE clocked by clk_pixel_vga_system_clk_wiz_0_1  {rise@0.000ns fall@19.862ns period=39.724ns})
  Path Group:             (none)
  Path Type:              Setup (Max at Slow Process Corner)
  Data Path Delay:        1.073ns  (logic 0.456ns (42.495%)  route 0.617ns (57.505%))
  Logic Levels:           0  
  Clock Path Skew:        -4.308ns (DCD - SCD + CPR)
    Destination Clock Delay (DCD):    -1.333ns
    Source Clock Delay      (SCD):    2.975ns
    Clock Pessimism Removal (CPR):    0.000ns
  Clock Uncertainty:      0.498ns  ((TSJ^2 + TIJ^2 + DJ^2)^1/2) / 2 + PE
    Total System Jitter     (TSJ):    0.071ns
    Total Input Jitter      (TIJ):    0.300ns
    Discrete Jitter          (DJ):    0.292ns
    Phase Error              (PE):    0.285ns
  Timing Exception:       False Path

    Location             Delay type                Incr(ns)  Path(ns)    Netlist Resource(s)
  -------------------------------------------------------------------    -------------------
                         (clock clk_fpga_0 rise edge)
                                                      0.000     0.000 r  
    PS7_X0Y0             PS7                          0.000     0.000 r  periph_vga/u_system/vga_system_i/processing_system7_0/inst/PS7_i/FCLKCLK[0]
                         net (fo=1, routed)           1.207     1.207    periph_vga/u_system/vga_system_i/processing_system7_0/inst/FCLK_CLK_unbuffered[0]
    BUFGCTRL_X0Y15       BUFG (Prop_bufg_I_O)         0.101     1.308 r  periph_vga/u_system/vga_system_i/processing_system7_0/inst/buffer_fclk_clk_0.FCLK_CLK_0_BUFG/O
                         net (fo=2395, routed)        1.667     2.975    periph_vga/u_system/vga_system_i/axi_vdma_0/U0/GEN_SPRT_FOR_MM2S.ADDR32.I_MM2S_DMA_MNGR/VIDEO_REG_I/GEN_REGISTER_DIRECT.GEN_REGDIRECT_DRES.VIDREGISTER_I/s_axi_lite_aclk
    SLICE_X7Y28          FDRE                                         r  periph_vga/u_system/vga_system_i/axi_vdma_0/U0/GEN_SPRT_FOR_MM2S.ADDR32.I_MM2S_DMA_MNGR/VIDEO_REG_I/GEN_REGISTER_DIRECT.GEN_REGDIRECT_DRES.VIDREGISTER_I/vsize_vid_reg[2]/C
  -------------------------------------------------------------------    -------------------
    SLICE_X7Y28          FDRE (Prop_fdre_C_Q)         0.456     3.431 r  periph_vga/u_system/vga_system_i/axi_vdma_0/U0/GEN_SPRT_FOR_MM2S.ADDR32.I_MM2S_DMA_MNGR/VIDEO_REG_I/GEN_REGISTER_DIRECT.GEN_REGDIRECT_DRES.VIDREGISTER_I/vsize_vid_reg[2]/Q
                         net (fo=3, routed)           0.617     4.048    periph_vga/u_system/vga_system_i/axi_vdma_0/U0/GEN_SPRT_FOR_MM2S.MM2S_LINEBUFFER_I/Q[2]
    SLICE_X12Y28         FDRE                                         r  periph_vga/u_system/vga_system_i/axi_vdma_0/U0/GEN_SPRT_FOR_MM2S.MM2S_LINEBUFFER_I/GEN_LINEBUF_NO_SOF.GEN_FOR_ASYNC.crnt_vsize_cdc_tig_reg[2]/D
  -------------------------------------------------------------------    -------------------

                         (clock clk_pixel_vga_system_clk_wiz_0_1 rise edge)
                                                      0.000     0.000 r  
    K17                                               0.000     0.000 r  i_clk (IN)
                         net (fo=0)                   0.000     0.000    i_clk
    K17                  IBUF (Prop_ibuf_I_O)         1.421     1.421 r  i_clk_IBUF_inst/O
                         net (fo=2, routed)           1.162     2.583    periph_vga/u_system/vga_system_i/clk_wiz_0/inst/clk_in1
    MMCME2_ADV_X0Y1      MMCME2_ADV (Prop_mmcme2_adv_CLKIN1_CLKOUT0)
                                                     -7.105    -4.522 r  periph_vga/u_system/vga_system_i/clk_wiz_0/inst/mmcm_adv_inst/CLKOUT0
                         net (fo=1, routed)           1.599    -2.923    periph_vga/u_system/vga_system_i/clk_wiz_0/inst/clk_pixel_vga_system_clk_wiz_0_1
    BUFGCTRL_X0Y30       BUFG (Prop_bufg_I_O)         0.091    -2.832 r  periph_vga/u_system/vga_system_i/clk_wiz_0/inst/clkout1_buf/O
                         net (fo=169, routed)         1.498    -1.333    periph_vga/u_system/vga_system_i/axi_vdma_0/U0/GEN_SPRT_FOR_MM2S.MM2S_LINEBUFFER_I/m_axis_mm2s_aclk
    SLICE_X12Y28         FDRE                                         r  periph_vga/u_system/vga_system_i/axi_vdma_0/U0/GEN_SPRT_FOR_MM2S.MM2S_LINEBUFFER_I/GEN_LINEBUF_NO_SOF.GEN_FOR_ASYNC.crnt_vsize_cdc_tig_reg[2]/C





Min Delay Paths
--------------------------------------------------------------------------------------
Slack:                    inf
  Source:                 periph_vga/u_system/vga_system_i/axi_vdma_0/U0/I_RST_MODULE/GEN_RESET_FOR_MM2S.RESET_I/GEN_MIN_FOR_ASYNC.AXIS_IDLE_CDC_I/src_ff_reg/C
                            (rising edge-triggered cell FDRE clocked by clk_fpga_0  {rise@0.000ns fall@5.000ns period=10.000ns})
  Destination:            periph_vga/u_system/vga_system_i/axi_vdma_0/U0/I_RST_MODULE/GEN_RESET_FOR_MM2S.RESET_I/GEN_MIN_FOR_ASYNC.AXIS_IDLE_CDC_I/syncstages_ff_reg[0]/D
                            (rising edge-triggered cell FDRE clocked by clk_pixel_vga_system_clk_wiz_0_1  {rise@0.000ns fall@19.862ns period=39.724ns})
  Path Group:             (none)
  Path Type:              Hold (Min at Fast Process Corner)
  Data Path Delay:        0.215ns  (logic 0.164ns (76.242%)  route 0.051ns (23.758%))
  Logic Levels:           0  
  Clock Path Skew:        -1.636ns (DCD - SCD - CPR)
    Destination Clock Delay (DCD):    -0.743ns
    Source Clock Delay      (SCD):    0.894ns
    Clock Pessimism Removal (CPR):    -0.000ns
  Clock Uncertainty:      0.498ns  ((TSJ^2 + TIJ^2 + DJ^2)^1/2) / 2 + PE
    Total System Jitter     (TSJ):    0.071ns
    Total Input Jitter      (TIJ):    0.300ns
    Discrete Jitter          (DJ):    0.292ns
    Phase Error              (PE):    0.285ns
  Timing Exception:       False Path

    Location             Delay type                Incr(ns)  Path(ns)    Netlist Resource(s)
  -------------------------------------------------------------------    -------------------
                         (clock clk_fpga_0 rise edge)
                                                      0.000     0.000 r  
    PS7_X0Y0             PS7                          0.000     0.000 r  periph_vga/u_system/vga_system_i/processing_system7_0/inst/PS7_i/FCLKCLK[0]
                         net (fo=1, routed)           0.315     0.315    periph_vga/u_system/vga_system_i/processing_system7_0/inst/FCLK_CLK_unbuffered[0]
    BUFGCTRL_X0Y15       BUFG (Prop_bufg_I_O)         0.026     0.341 r  periph_vga/u_system/vga_system_i/processing_system7_0/inst/buffer_fclk_clk_0.FCLK_CLK_0_BUFG/O
                         net (fo=2395, routed)        0.553     0.894    periph_vga/u_system/vga_system_i/axi_vdma_0/U0/I_RST_MODULE/GEN_RESET_FOR_MM2S.RESET_I/GEN_MIN_FOR_ASYNC.AXIS_IDLE_CDC_I/src_clk
    SLICE_X12Y24         FDRE                                         r  periph_vga/u_system/vga_system_i/axi_vdma_0/U0/I_RST_MODULE/GEN_RESET_FOR_MM2S.RESET_I/GEN_MIN_FOR_ASYNC.AXIS_IDLE_CDC_I/src_ff_reg/C
  -------------------------------------------------------------------    -------------------
    SLICE_X12Y24         FDRE (Prop_fdre_C_Q)         0.164     1.058 r  periph_vga/u_system/vga_system_i/axi_vdma_0/U0/I_RST_MODULE/GEN_RESET_FOR_MM2S.RESET_I/GEN_MIN_FOR_ASYNC.AXIS_IDLE_CDC_I/src_ff_reg/Q
                         net (fo=1, routed)           0.051     1.109    periph_vga/u_system/vga_system_i/axi_vdma_0/U0/I_RST_MODULE/GEN_RESET_FOR_MM2S.RESET_I/GEN_MIN_FOR_ASYNC.AXIS_IDLE_CDC_I/p_0_in[0]
    SLICE_X13Y24         FDRE                                         r  periph_vga/u_system/vga_system_i/axi_vdma_0/U0/I_RST_MODULE/GEN_RESET_FOR_MM2S.RESET_I/GEN_MIN_FOR_ASYNC.AXIS_IDLE_CDC_I/syncstages_ff_reg[0]/D
  -------------------------------------------------------------------    -------------------

                         (clock clk_pixel_vga_system_clk_wiz_0_1 rise edge)
                                                      0.000     0.000 r  
    K17                                               0.000     0.000 r  i_clk (IN)
                         net (fo=0)                   0.000     0.000    i_clk
    K17                  IBUF (Prop_ibuf_I_O)         0.447     0.447 r  i_clk_IBUF_inst/O
                         net (fo=2, routed)           0.480     0.927    periph_vga/u_system/vga_system_i/clk_wiz_0/inst/clk_in1
    MMCME2_ADV_X0Y1      MMCME2_ADV (Prop_mmcme2_adv_CLKIN1_CLKOUT0)
                                                     -3.047    -2.120 r  periph_vga/u_system/vga_system_i/clk_wiz_0/inst/mmcm_adv_inst/CLKOUT0
                         net (fo=1, routed)           0.528    -1.592    periph_vga/u_system/vga_system_i/clk_wiz_0/inst/clk_pixel_vga_system_clk_wiz_0_1
    BUFGCTRL_X0Y30       BUFG (Prop_bufg_I_O)         0.029    -1.563 r  periph_vga/u_system/vga_system_i/clk_wiz_0/inst/clkout1_buf/O
                         net (fo=169, routed)         0.820    -0.743    periph_vga/u_system/vga_system_i/axi_vdma_0/U0/I_RST_MODULE/GEN_RESET_FOR_MM2S.RESET_I/GEN_MIN_FOR_ASYNC.AXIS_IDLE_CDC_I/dest_clk
    SLICE_X13Y24         FDRE                                         r  periph_vga/u_system/vga_system_i/axi_vdma_0/U0/I_RST_MODULE/GEN_RESET_FOR_MM2S.RESET_I/GEN_MIN_FOR_ASYNC.AXIS_IDLE_CDC_I/syncstages_ff_reg[0]/C

Slack:                    inf
  Source:                 periph_vga/u_system/vga_system_i/axi_vdma_0/U0/GEN_SPRT_FOR_MM2S.MM2S_LINEBUFFER_I/GEN_LINEBUF_NO_SOF.GEN_FOR_ASYNC.HALT_CDC_I/src_ff_reg/C
                            (rising edge-triggered cell FDRE clocked by clk_fpga_0  {rise@0.000ns fall@5.000ns period=10.000ns})
  Destination:            periph_vga/u_system/vga_system_i/axi_vdma_0/U0/GEN_SPRT_FOR_MM2S.MM2S_LINEBUFFER_I/GEN_LINEBUF_NO_SOF.GEN_FOR_ASYNC.HALT_CDC_I/syncstages_ff_reg[0]/D
                            (rising edge-triggered cell FDRE clocked by clk_pixel_vga_system_clk_wiz_0_1  {rise@0.000ns fall@19.862ns period=39.724ns})
  Path Group:             (none)
  Path Type:              Hold (Min at Fast Process Corner)
  Data Path Delay:        0.234ns  (logic 0.128ns (54.804%)  route 0.106ns (45.196%))
  Logic Levels:           0  
  Clock Path Skew:        -1.636ns (DCD - SCD - CPR)
    Destination Clock Delay (DCD):    -0.742ns
    Source Clock Delay      (SCD):    0.895ns
    Clock Pessimism Removal (CPR):    -0.000ns
  Clock Uncertainty:      0.498ns  ((TSJ^2 + TIJ^2 + DJ^2)^1/2) / 2 + PE
    Total System Jitter     (TSJ):    0.071ns
    Total Input Jitter      (TIJ):    0.300ns
    Discrete Jitter          (DJ):    0.292ns
    Phase Error              (PE):    0.285ns
  Timing Exception:       False Path

    Location             Delay type                Incr(ns)  Path(ns)    Netlist Resource(s)
  -------------------------------------------------------------------    -------------------
                         (clock clk_fpga_0 rise edge)
                                                      0.000     0.000 r  
    PS7_X0Y0             PS7                          0.000     0.000 r  periph_vga/u_system/vga_system_i/processing_system7_0/inst/PS7_i/FCLKCLK[0]
                         net (fo=1, routed)           0.315     0.315    periph_vga/u_system/vga_system_i/processing_system7_0/inst/FCLK_CLK_unbuffered[0]
    BUFGCTRL_X0Y15       BUFG (Prop_bufg_I_O)         0.026     0.341 r  periph_vga/u_system/vga_system_i/processing_system7_0/inst/buffer_fclk_clk_0.FCLK_CLK_0_BUFG/O
                         net (fo=2395, routed)        0.554     0.895    periph_vga/u_system/vga_system_i/axi_vdma_0/U0/GEN_SPRT_FOR_MM2S.MM2S_LINEBUFFER_I/GEN_LINEBUF_NO_SOF.GEN_FOR_ASYNC.HALT_CDC_I/src_clk
    SLICE_X11Y26         FDRE                                         r  periph_vga/u_system/vga_system_i/axi_vdma_0/U0/GEN_SPRT_FOR_MM2S.MM2S_LINEBUFFER_I/GEN_LINEBUF_NO_SOF.GEN_FOR_ASYNC.HALT_CDC_I/src_ff_reg/C
  -------------------------------------------------------------------    -------------------
    SLICE_X11Y26         FDRE (Prop_fdre_C_Q)         0.128     1.023 r  periph_vga/u_system/vga_system_i/axi_vdma_0/U0/GEN_SPRT_FOR_MM2S.MM2S_LINEBUFFER_I/GEN_LINEBUF_NO_SOF.GEN_FOR_ASYNC.HALT_CDC_I/src_ff_reg/Q
                         net (fo=1, routed)           0.106     1.128    periph_vga/u_system/vga_system_i/axi_vdma_0/U0/GEN_SPRT_FOR_MM2S.MM2S_LINEBUFFER_I/GEN_LINEBUF_NO_SOF.GEN_FOR_ASYNC.HALT_CDC_I/p_0_in[0]
    SLICE_X12Y26         FDRE                                         r  periph_vga/u_system/vga_system_i/axi_vdma_0/U0/GEN_SPRT_FOR_MM2S.MM2S_LINEBUFFER_I/GEN_LINEBUF_NO_SOF.GEN_FOR_ASYNC.HALT_CDC_I/syncstages_ff_reg[0]/D
  -------------------------------------------------------------------    -------------------

                         (clock clk_pixel_vga_system_clk_wiz_0_1 rise edge)
                                                      0.000     0.000 r  
    K17                                               0.000     0.000 r  i_clk (IN)
                         net (fo=0)                   0.000     0.000    i_clk
    K17                  IBUF (Prop_ibuf_I_O)         0.447     0.447 r  i_clk_IBUF_inst/O
                         net (fo=2, routed)           0.480     0.927    periph_vga/u_system/vga_system_i/clk_wiz_0/inst/clk_in1
    MMCME2_ADV_X0Y1      MMCME2_ADV (Prop_mmcme2_adv_CLKIN1_CLKOUT0)
                                                     -3.047    -2.120 r  periph_vga/u_system/vga_system_i/clk_wiz_0/inst/mmcm_adv_inst/CLKOUT0
                         net (fo=1, routed)           0.528    -1.592    periph_vga/u_system/vga_system_i/clk_wiz_0/inst/clk_pixel_vga_system_clk_wiz_0_1
    BUFGCTRL_X0Y30       BUFG (Prop_bufg_I_O)         0.029    -1.563 r  periph_vga/u_system/vga_system_i/clk_wiz_0/inst/clkout1_buf/O
                         net (fo=169, routed)         0.821    -0.742    periph_vga/u_system/vga_system_i/axi_vdma_0/U0/GEN_SPRT_FOR_MM2S.MM2S_LINEBUFFER_I/GEN_LINEBUF_NO_SOF.GEN_FOR_ASYNC.HALT_CDC_I/dest_clk
    SLICE_X12Y26         FDRE                                         r  periph_vga/u_system/vga_system_i/axi_vdma_0/U0/GEN_SPRT_FOR_MM2S.MM2S_LINEBUFFER_I/GEN_LINEBUF_NO_SOF.GEN_FOR_ASYNC.HALT_CDC_I/syncstages_ff_reg[0]/C

Slack:                    inf
  Source:                 periph_vga/u_system/vga_system_i/axi_vdma_0/U0/GEN_SPRT_FOR_MM2S.ADDR32.I_MM2S_DMA_MNGR/VIDEO_REG_I/GEN_REGISTER_DIRECT.GEN_REGDIRECT_DRES.VIDREGISTER_I/vsize_vid_reg[0]/C
                            (rising edge-triggered cell FDRE clocked by clk_fpga_0  {rise@0.000ns fall@5.000ns period=10.000ns})
  Destination:            periph_vga/u_system/vga_system_i/axi_vdma_0/U0/GEN_SPRT_FOR_MM2S.MM2S_LINEBUFFER_I/GEN_LINEBUF_NO_SOF.GEN_FOR_ASYNC.crnt_vsize_cdc_tig_reg[0]/D
                            (rising edge-triggered cell FDRE clocked by clk_pixel_vga_system_clk_wiz_0_1  {rise@0.000ns fall@19.862ns period=39.724ns})
  Path Group:             (none)
  Path Type:              Hold (Min at Fast Process Corner)
  Data Path Delay:        0.267ns  (logic 0.141ns (52.733%)  route 0.126ns (47.267%))
  Logic Levels:           0  
  Clock Path Skew:        -1.636ns (DCD - SCD - CPR)
    Destination Clock Delay (DCD):    -0.740ns
    Source Clock Delay      (SCD):    0.897ns
    Clock Pessimism Removal (CPR):    -0.000ns
  Clock Uncertainty:      0.498ns  ((TSJ^2 + TIJ^2 + DJ^2)^1/2) / 2 + PE
    Total System Jitter     (TSJ):    0.071ns
    Total Input Jitter      (TIJ):    0.300ns
    Discrete Jitter          (DJ):    0.292ns
    Phase Error              (PE):    0.285ns
  Timing Exception:       False Path

    Location             Delay type                Incr(ns)  Path(ns)    Netlist Resource(s)
  -------------------------------------------------------------------    -------------------
                         (clock clk_fpga_0 rise edge)
                                                      0.000     0.000 r  
    PS7_X0Y0             PS7                          0.000     0.000 r  periph_vga/u_system/vga_system_i/processing_system7_0/inst/PS7_i/FCLKCLK[0]
                         net (fo=1, routed)           0.315     0.315    periph_vga/u_system/vga_system_i/processing_system7_0/inst/FCLK_CLK_unbuffered[0]
    BUFGCTRL_X0Y15       BUFG (Prop_bufg_I_O)         0.026     0.341 r  periph_vga/u_system/vga_system_i/processing_system7_0/inst/buffer_fclk_clk_0.FCLK_CLK_0_BUFG/O
                         net (fo=2395, routed)        0.556     0.896    periph_vga/u_system/vga_system_i/axi_vdma_0/U0/GEN_SPRT_FOR_MM2S.ADDR32.I_MM2S_DMA_MNGR/VIDEO_REG_I/GEN_REGISTER_DIRECT.GEN_REGDIRECT_DRES.VIDREGISTER_I/s_axi_lite_aclk
    SLICE_X7Y28          FDRE                                         r  periph_vga/u_system/vga_system_i/axi_vdma_0/U0/GEN_SPRT_FOR_MM2S.ADDR32.I_MM2S_DMA_MNGR/VIDEO_REG_I/GEN_REGISTER_DIRECT.GEN_REGDIRECT_DRES.VIDREGISTER_I/vsize_vid_reg[0]/C
  -------------------------------------------------------------------    -------------------
    SLICE_X7Y28          FDRE (Prop_fdre_C_Q)         0.141     1.038 r  periph_vga/u_system/vga_system_i/axi_vdma_0/U0/GEN_SPRT_FOR_MM2S.ADDR32.I_MM2S_DMA_MNGR/VIDEO_REG_I/GEN_REGISTER_DIRECT.GEN_REGDIRECT_DRES.VIDREGISTER_I/vsize_vid_reg[0]/Q
                         net (fo=3, routed)           0.126     1.164    periph_vga/u_system/vga_system_i/axi_vdma_0/U0/GEN_SPRT_FOR_MM2S.MM2S_LINEBUFFER_I/Q[0]
    SLICE_X8Y27          FDRE                                         r  periph_vga/u_system/vga_system_i/axi_vdma_0/U0/GEN_SPRT_FOR_MM2S.MM2S_LINEBUFFER_I/GEN_LINEBUF_NO_SOF.GEN_FOR_ASYNC.crnt_vsize_cdc_tig_reg[0]/D
  -------------------------------------------------------------------    -------------------

                         (clock clk_pixel_vga_system_clk_wiz_0_1 rise edge)
                                                      0.000     0.000 r  
    K17                                               0.000     0.000 r  i_clk (IN)
                         net (fo=0)                   0.000     0.000    i_clk
    K17                  IBUF (Prop_ibuf_I_O)         0.447     0.447 r  i_clk_IBUF_inst/O
                         net (fo=2, routed)           0.480     0.927    periph_vga/u_system/vga_system_i/clk_wiz_0/inst/clk_in1
    MMCME2_ADV_X0Y1      MMCME2_ADV (Prop_mmcme2_adv_CLKIN1_CLKOUT0)
                                                     -3.047    -2.120 r  periph_vga/u_system/vga_system_i/clk_wiz_0/inst/mmcm_adv_inst/CLKOUT0
                         net (fo=1, routed)           0.528    -1.592    periph_vga/u_system/vga_system_i/clk_wiz_0/inst/clk_pixel_vga_system_clk_wiz_0_1
    BUFGCTRL_X0Y30       BUFG (Prop_bufg_I_O)         0.029    -1.563 r  periph_vga/u_system/vga_system_i/clk_wiz_0/inst/clkout1_buf/O
                         net (fo=169, routed)         0.823    -0.740    periph_vga/u_system/vga_system_i/axi_vdma_0/U0/GEN_SPRT_FOR_MM2S.MM2S_LINEBUFFER_I/m_axis_mm2s_aclk
    SLICE_X8Y27          FDRE                                         r  periph_vga/u_system/vga_system_i/axi_vdma_0/U0/GEN_SPRT_FOR_MM2S.MM2S_LINEBUFFER_I/GEN_LINEBUF_NO_SOF.GEN_FOR_ASYNC.crnt_vsize_cdc_tig_reg[0]/C

Slack:                    inf
  Source:                 periph_vga/u_system/vga_system_i/axi_vdma_0/U0/GEN_SPRT_FOR_MM2S.MM2S_VID_CDC_I/GEN_CDC_FOR_ASYNC.FSYNC_OUT_CDC_I/src_level_ff_reg/C
                            (rising edge-triggered cell FDRE clocked by clk_fpga_0  {rise@0.000ns fall@5.000ns period=10.000ns})
  Destination:            periph_vga/u_system/vga_system_i/axi_vdma_0/U0/GEN_SPRT_FOR_MM2S.MM2S_VID_CDC_I/GEN_CDC_FOR_ASYNC.FSYNC_OUT_CDC_I/xpm_cdc_single_inst/syncstages_ff_reg[0]/D
                            (rising edge-triggered cell FDRE clocked by clk_pixel_vga_system_clk_wiz_0_1  {rise@0.000ns fall@19.862ns period=39.724ns})
  Path Group:             (none)
  Path Type:              Hold (Min at Fast Process Corner)
  Data Path Delay:        0.276ns  (logic 0.164ns (59.524%)  route 0.112ns (40.476%))
  Logic Levels:           0  
  Clock Path Skew:        -1.636ns (DCD - SCD - CPR)
    Destination Clock Delay (DCD):    -0.737ns
    Source Clock Delay      (SCD):    0.900ns
    Clock Pessimism Removal (CPR):    -0.000ns
  Clock Uncertainty:      0.498ns  ((TSJ^2 + TIJ^2 + DJ^2)^1/2) / 2 + PE
    Total System Jitter     (TSJ):    0.071ns
    Total Input Jitter      (TIJ):    0.300ns
    Discrete Jitter          (DJ):    0.292ns
    Phase Error              (PE):    0.285ns
  Timing Exception:       False Path

    Location             Delay type                Incr(ns)  Path(ns)    Netlist Resource(s)
  -------------------------------------------------------------------    -------------------
                         (clock clk_fpga_0 rise edge)
                                                      0.000     0.000 r  
    PS7_X0Y0             PS7                          0.000     0.000 r  periph_vga/u_system/vga_system_i/processing_system7_0/inst/PS7_i/FCLKCLK[0]
                         net (fo=1, routed)           0.315     0.315    periph_vga/u_system/vga_system_i/processing_system7_0/inst/FCLK_CLK_unbuffered[0]
    BUFGCTRL_X0Y15       BUFG (Prop_bufg_I_O)         0.026     0.341 r  periph_vga/u_system/vga_system_i/processing_system7_0/inst/buffer_fclk_clk_0.FCLK_CLK_0_BUFG/O
                         net (fo=2395, routed)        0.559     0.900    periph_vga/u_system/vga_system_i/axi_vdma_0/U0/GEN_SPRT_FOR_MM2S.MM2S_VID_CDC_I/GEN_CDC_FOR_ASYNC.FSYNC_OUT_CDC_I/src_clk
    SLICE_X10Y31         FDRE                                         r  periph_vga/u_system/vga_system_i/axi_vdma_0/U0/GEN_SPRT_FOR_MM2S.MM2S_VID_CDC_I/GEN_CDC_FOR_ASYNC.FSYNC_OUT_CDC_I/src_level_ff_reg/C
  -------------------------------------------------------------------    -------------------
    SLICE_X10Y31         FDRE (Prop_fdre_C_Q)         0.164     1.064 r  periph_vga/u_system/vga_system_i/axi_vdma_0/U0/GEN_SPRT_FOR_MM2S.MM2S_VID_CDC_I/GEN_CDC_FOR_ASYNC.FSYNC_OUT_CDC_I/src_level_ff_reg/Q
                         net (fo=2, routed)           0.112     1.175    periph_vga/u_system/vga_system_i/axi_vdma_0/U0/GEN_SPRT_FOR_MM2S.MM2S_VID_CDC_I/GEN_CDC_FOR_ASYNC.FSYNC_OUT_CDC_I/xpm_cdc_single_inst/src_in
    SLICE_X12Y30         FDRE                                         r  periph_vga/u_system/vga_system_i/axi_vdma_0/U0/GEN_SPRT_FOR_MM2S.MM2S_VID_CDC_I/GEN_CDC_FOR_ASYNC.FSYNC_OUT_CDC_I/xpm_cdc_single_inst/syncstages_ff_reg[0]/D
  -------------------------------------------------------------------    -------------------

                         (clock clk_pixel_vga_system_clk_wiz_0_1 rise edge)
                                                      0.000     0.000 r  
    K17                                               0.000     0.000 r  i_clk (IN)
                         net (fo=0)                   0.000     0.000    i_clk
    K17                  IBUF (Prop_ibuf_I_O)         0.447     0.447 r  i_clk_IBUF_inst/O
                         net (fo=2, routed)           0.480     0.927    periph_vga/u_system/vga_system_i/clk_wiz_0/inst/clk_in1
    MMCME2_ADV_X0Y1      MMCME2_ADV (Prop_mmcme2_adv_CLKIN1_CLKOUT0)
                                                     -3.047    -2.120 r  periph_vga/u_system/vga_system_i/clk_wiz_0/inst/mmcm_adv_inst/CLKOUT0
                         net (fo=1, routed)           0.528    -1.592    periph_vga/u_system/vga_system_i/clk_wiz_0/inst/clk_pixel_vga_system_clk_wiz_0_1
    BUFGCTRL_X0Y30       BUFG (Prop_bufg_I_O)         0.029    -1.563 r  periph_vga/u_system/vga_system_i/clk_wiz_0/inst/clkout1_buf/O
                         net (fo=169, routed)         0.826    -0.737    periph_vga/u_system/vga_system_i/axi_vdma_0/U0/GEN_SPRT_FOR_MM2S.MM2S_VID_CDC_I/GEN_CDC_FOR_ASYNC.FSYNC_OUT_CDC_I/xpm_cdc_single_inst/dest_clk
    SLICE_X12Y30         FDRE                                         r  periph_vga/u_system/vga_system_i/axi_vdma_0/U0/GEN_SPRT_FOR_MM2S.MM2S_VID_CDC_I/GEN_CDC_FOR_ASYNC.FSYNC_OUT_CDC_I/xpm_cdc_single_inst/syncstages_ff_reg[0]/C

Slack:                    inf
  Source:                 periph_vga/u_system/vga_system_i/axi_vdma_0/U0/GEN_SPRT_FOR_MM2S.ADDR32.I_MM2S_DMA_MNGR/VIDEO_REG_I/GEN_REGISTER_DIRECT.GEN_REGDIRECT_DRES.VIDREGISTER_I/vsize_vid_reg[4]/C
                            (rising edge-triggered cell FDRE clocked by clk_fpga_0  {rise@0.000ns fall@5.000ns period=10.000ns})
  Destination:            periph_vga/u_system/vga_system_i/axi_vdma_0/U0/GEN_SPRT_FOR_MM2S.MM2S_LINEBUFFER_I/GEN_LINEBUF_NO_SOF.GEN_FOR_ASYNC.crnt_vsize_cdc_tig_reg[4]/D
                            (rising edge-triggered cell FDRE clocked by clk_pixel_vga_system_clk_wiz_0_1  {rise@0.000ns fall@19.862ns period=39.724ns})
  Path Group:             (none)
  Path Type:              Hold (Min at Fast Process Corner)
  Data Path Delay:        0.312ns  (logic 0.128ns (40.971%)  route 0.184ns (59.029%))
  Logic Levels:           0  
  Clock Path Skew:        -1.636ns (DCD - SCD - CPR)
    Destination Clock Delay (DCD):    -0.740ns
    Source Clock Delay      (SCD):    0.897ns
    Clock Pessimism Removal (CPR):    -0.000ns
  Clock Uncertainty:      0.498ns  ((TSJ^2 + TIJ^2 + DJ^2)^1/2) / 2 + PE
    Total System Jitter     (TSJ):    0.071ns
    Total Input Jitter      (TIJ):    0.300ns
    Discrete Jitter          (DJ):    0.292ns
    Phase Error              (PE):    0.285ns
  Timing Exception:       False Path

    Location             Delay type                Incr(ns)  Path(ns)    Netlist Resource(s)
  -------------------------------------------------------------------    -------------------
                         (clock clk_fpga_0 rise edge)
                                                      0.000     0.000 r  
    PS7_X0Y0             PS7                          0.000     0.000 r  periph_vga/u_system/vga_system_i/processing_system7_0/inst/PS7_i/FCLKCLK[0]
                         net (fo=1, routed)           0.315     0.315    periph_vga/u_system/vga_system_i/processing_system7_0/inst/FCLK_CLK_unbuffered[0]
    BUFGCTRL_X0Y15       BUFG (Prop_bufg_I_O)         0.026     0.341 r  periph_vga/u_system/vga_system_i/processing_system7_0/inst/buffer_fclk_clk_0.FCLK_CLK_0_BUFG/O
                         net (fo=2395, routed)        0.556     0.896    periph_vga/u_system/vga_system_i/axi_vdma_0/U0/GEN_SPRT_FOR_MM2S.ADDR32.I_MM2S_DMA_MNGR/VIDEO_REG_I/GEN_REGISTER_DIRECT.GEN_REGDIRECT_DRES.VIDREGISTER_I/s_axi_lite_aclk
    SLICE_X7Y28          FDRE                                         r  periph_vga/u_system/vga_system_i/axi_vdma_0/U0/GEN_SPRT_FOR_MM2S.ADDR32.I_MM2S_DMA_MNGR/VIDEO_REG_I/GEN_REGISTER_DIRECT.GEN_REGDIRECT_DRES.VIDREGISTER_I/vsize_vid_reg[4]/C
  -------------------------------------------------------------------    -------------------
    SLICE_X7Y28          FDRE (Prop_fdre_C_Q)         0.128     1.025 r  periph_vga/u_system/vga_system_i/axi_vdma_0/U0/GEN_SPRT_FOR_MM2S.ADDR32.I_MM2S_DMA_MNGR/VIDEO_REG_I/GEN_REGISTER_DIRECT.GEN_REGDIRECT_DRES.VIDREGISTER_I/vsize_vid_reg[4]/Q
                         net (fo=3, routed)           0.184     1.209    periph_vga/u_system/vga_system_i/axi_vdma_0/U0/GEN_SPRT_FOR_MM2S.MM2S_LINEBUFFER_I/Q[4]
    SLICE_X8Y27          FDRE                                         r  periph_vga/u_system/vga_system_i/axi_vdma_0/U0/GEN_SPRT_FOR_MM2S.MM2S_LINEBUFFER_I/GEN_LINEBUF_NO_SOF.GEN_FOR_ASYNC.crnt_vsize_cdc_tig_reg[4]/D
  -------------------------------------------------------------------    -------------------

                         (clock clk_pixel_vga_system_clk_wiz_0_1 rise edge)
                                                      0.000     0.000 r  
    K17                                               0.000     0.000 r  i_clk (IN)
                         net (fo=0)                   0.000     0.000    i_clk
    K17                  IBUF (Prop_ibuf_I_O)         0.447     0.447 r  i_clk_IBUF_inst/O
                         net (fo=2, routed)           0.480     0.927    periph_vga/u_system/vga_system_i/clk_wiz_0/inst/clk_in1
    MMCME2_ADV_X0Y1      MMCME2_ADV (Prop_mmcme2_adv_CLKIN1_CLKOUT0)
                                                     -3.047    -2.120 r  periph_vga/u_system/vga_system_i/clk_wiz_0/inst/mmcm_adv_inst/CLKOUT0
                         net (fo=1, routed)           0.528    -1.592    periph_vga/u_system/vga_system_i/clk_wiz_0/inst/clk_pixel_vga_system_clk_wiz_0_1
    BUFGCTRL_X0Y30       BUFG (Prop_bufg_I_O)         0.029    -1.563 r  periph_vga/u_system/vga_system_i/clk_wiz_0/inst/clkout1_buf/O
                         net (fo=169, routed)         0.823    -0.740    periph_vga/u_system/vga_system_i/axi_vdma_0/U0/GEN_SPRT_FOR_MM2S.MM2S_LINEBUFFER_I/m_axis_mm2s_aclk
    SLICE_X8Y27          FDRE                                         r  periph_vga/u_system/vga_system_i/axi_vdma_0/U0/GEN_SPRT_FOR_MM2S.MM2S_LINEBUFFER_I/GEN_LINEBUF_NO_SOF.GEN_FOR_ASYNC.crnt_vsize_cdc_tig_reg[4]/C

Slack:                    inf
  Source:                 periph_vga/u_system/vga_system_i/axi_vdma_0/U0/GEN_SPRT_FOR_MM2S.ADDR32.I_MM2S_DMA_MNGR/VIDEO_REG_I/GEN_REGISTER_DIRECT.GEN_REGDIRECT_DRES.VIDREGISTER_I/vsize_vid_reg[3]/C
                            (rising edge-triggered cell FDRE clocked by clk_fpga_0  {rise@0.000ns fall@5.000ns period=10.000ns})
  Destination:            periph_vga/u_system/vga_system_i/axi_vdma_0/U0/GEN_SPRT_FOR_MM2S.MM2S_LINEBUFFER_I/GEN_LINEBUF_NO_SOF.GEN_FOR_ASYNC.crnt_vsize_cdc_tig_reg[3]/D
                            (rising edge-triggered cell FDRE clocked by clk_pixel_vga_system_clk_wiz_0_1  {rise@0.000ns fall@19.862ns period=39.724ns})
  Path Group:             (none)
  Path Type:              Hold (Min at Fast Process Corner)
  Data Path Delay:        0.344ns  (logic 0.164ns (47.732%)  route 0.180ns (52.268%))
  Logic Levels:           0  
  Clock Path Skew:        -1.634ns (DCD - SCD - CPR)
    Destination Clock Delay (DCD):    -0.738ns
    Source Clock Delay      (SCD):    0.897ns
    Clock Pessimism Removal (CPR):    -0.000ns
  Clock Uncertainty:      0.498ns  ((TSJ^2 + TIJ^2 + DJ^2)^1/2) / 2 + PE
    Total System Jitter     (TSJ):    0.071ns
    Total Input Jitter      (TIJ):    0.300ns
    Discrete Jitter          (DJ):    0.292ns
    Phase Error              (PE):    0.285ns
  Timing Exception:       False Path

    Location             Delay type                Incr(ns)  Path(ns)    Netlist Resource(s)
  -------------------------------------------------------------------    -------------------
                         (clock clk_fpga_0 rise edge)
                                                      0.000     0.000 r  
    PS7_X0Y0             PS7                          0.000     0.000 r  periph_vga/u_system/vga_system_i/processing_system7_0/inst/PS7_i/FCLKCLK[0]
                         net (fo=1, routed)           0.315     0.315    periph_vga/u_system/vga_system_i/processing_system7_0/inst/FCLK_CLK_unbuffered[0]
    BUFGCTRL_X0Y15       BUFG (Prop_bufg_I_O)         0.026     0.341 r  periph_vga/u_system/vga_system_i/processing_system7_0/inst/buffer_fclk_clk_0.FCLK_CLK_0_BUFG/O
                         net (fo=2395, routed)        0.556     0.896    periph_vga/u_system/vga_system_i/axi_vdma_0/U0/GEN_SPRT_FOR_MM2S.ADDR32.I_MM2S_DMA_MNGR/VIDEO_REG_I/GEN_REGISTER_DIRECT.GEN_REGDIRECT_DRES.VIDREGISTER_I/s_axi_lite_aclk
    SLICE_X6Y27          FDRE                                         r  periph_vga/u_system/vga_system_i/axi_vdma_0/U0/GEN_SPRT_FOR_MM2S.ADDR32.I_MM2S_DMA_MNGR/VIDEO_REG_I/GEN_REGISTER_DIRECT.GEN_REGDIRECT_DRES.VIDREGISTER_I/vsize_vid_reg[3]/C
  -------------------------------------------------------------------    -------------------
    SLICE_X6Y27          FDRE (Prop_fdre_C_Q)         0.164     1.061 r  periph_vga/u_system/vga_system_i/axi_vdma_0/U0/GEN_SPRT_FOR_MM2S.ADDR32.I_MM2S_DMA_MNGR/VIDEO_REG_I/GEN_REGISTER_DIRECT.GEN_REGDIRECT_DRES.VIDREGISTER_I/vsize_vid_reg[3]/Q
                         net (fo=3, routed)           0.180     1.240    periph_vga/u_system/vga_system_i/axi_vdma_0/U0/GEN_SPRT_FOR_MM2S.MM2S_LINEBUFFER_I/Q[3]
    SLICE_X6Y29          FDRE                                         r  periph_vga/u_system/vga_system_i/axi_vdma_0/U0/GEN_SPRT_FOR_MM2S.MM2S_LINEBUFFER_I/GEN_LINEBUF_NO_SOF.GEN_FOR_ASYNC.crnt_vsize_cdc_tig_reg[3]/D
  -------------------------------------------------------------------    -------------------

                         (clock clk_pixel_vga_system_clk_wiz_0_1 rise edge)
                                                      0.000     0.000 r  
    K17                                               0.000     0.000 r  i_clk (IN)
                         net (fo=0)                   0.000     0.000    i_clk
    K17                  IBUF (Prop_ibuf_I_O)         0.447     0.447 r  i_clk_IBUF_inst/O
                         net (fo=2, routed)           0.480     0.927    periph_vga/u_system/vga_system_i/clk_wiz_0/inst/clk_in1
    MMCME2_ADV_X0Y1      MMCME2_ADV (Prop_mmcme2_adv_CLKIN1_CLKOUT0)
                                                     -3.047    -2.120 r  periph_vga/u_system/vga_system_i/clk_wiz_0/inst/mmcm_adv_inst/CLKOUT0
                         net (fo=1, routed)           0.528    -1.592    periph_vga/u_system/vga_system_i/clk_wiz_0/inst/clk_pixel_vga_system_clk_wiz_0_1
    BUFGCTRL_X0Y30       BUFG (Prop_bufg_I_O)         0.029    -1.563 r  periph_vga/u_system/vga_system_i/clk_wiz_0/inst/clkout1_buf/O
                         net (fo=169, routed)         0.825    -0.738    periph_vga/u_system/vga_system_i/axi_vdma_0/U0/GEN_SPRT_FOR_MM2S.MM2S_LINEBUFFER_I/m_axis_mm2s_aclk
    SLICE_X6Y29          FDRE                                         r  periph_vga/u_system/vga_system_i/axi_vdma_0/U0/GEN_SPRT_FOR_MM2S.MM2S_LINEBUFFER_I/GEN_LINEBUF_NO_SOF.GEN_FOR_ASYNC.crnt_vsize_cdc_tig_reg[3]/C

Slack:                    inf
  Source:                 periph_vga/u_system/vga_system_i/axi_vdma_0/U0/I_RST_MODULE/GEN_RESET_FOR_MM2S.RESET_I/GEN_MIN_FOR_ASYNC.AXIS_RESET_CDC_I/src_level_ff_reg/C
                            (rising edge-triggered cell FDRE clocked by clk_fpga_0  {rise@0.000ns fall@5.000ns period=10.000ns})
  Destination:            periph_vga/u_system/vga_system_i/axi_vdma_0/U0/I_RST_MODULE/GEN_RESET_FOR_MM2S.RESET_I/GEN_MIN_FOR_ASYNC.AXIS_RESET_CDC_I/xpm_cdc_single_inst/syncstages_ff_reg[0]/D
                            (rising edge-triggered cell FDRE clocked by clk_pixel_vga_system_clk_wiz_0_1  {rise@0.000ns fall@19.862ns period=39.724ns})
  Path Group:             (none)
  Path Type:              Hold (Min at Fast Process Corner)
  Data Path Delay:        0.357ns  (logic 0.141ns (39.543%)  route 0.216ns (60.457%))
  Logic Levels:           0  
  Clock Path Skew:        -1.635ns (DCD - SCD - CPR)
    Destination Clock Delay (DCD):    -0.741ns
    Source Clock Delay      (SCD):    0.895ns
    Clock Pessimism Removal (CPR):    -0.000ns
  Clock Uncertainty:      0.498ns  ((TSJ^2 + TIJ^2 + DJ^2)^1/2) / 2 + PE
    Total System Jitter     (TSJ):    0.071ns
    Total Input Jitter      (TIJ):    0.300ns
    Discrete Jitter          (DJ):    0.292ns
    Phase Error              (PE):    0.285ns
  Timing Exception:       False Path

    Location             Delay type                Incr(ns)  Path(ns)    Netlist Resource(s)
  -------------------------------------------------------------------    -------------------
                         (clock clk_fpga_0 rise edge)
                                                      0.000     0.000 r  
    PS7_X0Y0             PS7                          0.000     0.000 r  periph_vga/u_system/vga_system_i/processing_system7_0/inst/PS7_i/FCLKCLK[0]
                         net (fo=1, routed)           0.315     0.315    periph_vga/u_system/vga_system_i/processing_system7_0/inst/FCLK_CLK_unbuffered[0]
    BUFGCTRL_X0Y15       BUFG (Prop_bufg_I_O)         0.026     0.341 r  periph_vga/u_system/vga_system_i/processing_system7_0/inst/buffer_fclk_clk_0.FCLK_CLK_0_BUFG/O
                         net (fo=2395, routed)        0.554     0.895    periph_vga/u_system/vga_system_i/axi_vdma_0/U0/I_RST_MODULE/GEN_RESET_FOR_MM2S.RESET_I/GEN_MIN_FOR_ASYNC.AXIS_RESET_CDC_I/src_clk
    SLICE_X14Y29         FDRE                                         r  periph_vga/u_system/vga_system_i/axi_vdma_0/U0/I_RST_MODULE/GEN_RESET_FOR_MM2S.RESET_I/GEN_MIN_FOR_ASYNC.AXIS_RESET_CDC_I/src_level_ff_reg/C
  -------------------------------------------------------------------    -------------------
    SLICE_X14Y29         FDRE (Prop_fdre_C_Q)         0.141     1.036 r  periph_vga/u_system/vga_system_i/axi_vdma_0/U0/I_RST_MODULE/GEN_RESET_FOR_MM2S.RESET_I/GEN_MIN_FOR_ASYNC.AXIS_RESET_CDC_I/src_level_ff_reg/Q
                         net (fo=2, routed)           0.216     1.251    periph_vga/u_system/vga_system_i/axi_vdma_0/U0/I_RST_MODULE/GEN_RESET_FOR_MM2S.RESET_I/GEN_MIN_FOR_ASYNC.AXIS_RESET_CDC_I/xpm_cdc_single_inst/src_in
    SLICE_X16Y29         FDRE                                         r  periph_vga/u_system/vga_system_i/axi_vdma_0/U0/I_RST_MODULE/GEN_RESET_FOR_MM2S.RESET_I/GEN_MIN_FOR_ASYNC.AXIS_RESET_CDC_I/xpm_cdc_single_inst/syncstages_ff_reg[0]/D
  -------------------------------------------------------------------    -------------------

                         (clock clk_pixel_vga_system_clk_wiz_0_1 rise edge)
                                                      0.000     0.000 r  
    K17                                               0.000     0.000 r  i_clk (IN)
                         net (fo=0)                   0.000     0.000    i_clk
    K17                  IBUF (Prop_ibuf_I_O)         0.447     0.447 r  i_clk_IBUF_inst/O
                         net (fo=2, routed)           0.480     0.927    periph_vga/u_system/vga_system_i/clk_wiz_0/inst/clk_in1
    MMCME2_ADV_X0Y1      MMCME2_ADV (Prop_mmcme2_adv_CLKIN1_CLKOUT0)
                                                     -3.047    -2.120 r  periph_vga/u_system/vga_system_i/clk_wiz_0/inst/mmcm_adv_inst/CLKOUT0
                         net (fo=1, routed)           0.528    -1.592    periph_vga/u_system/vga_system_i/clk_wiz_0/inst/clk_pixel_vga_system_clk_wiz_0_1
    BUFGCTRL_X0Y30       BUFG (Prop_bufg_I_O)         0.029    -1.563 r  periph_vga/u_system/vga_system_i/clk_wiz_0/inst/clkout1_buf/O
                         net (fo=169, routed)         0.822    -0.741    periph_vga/u_system/vga_system_i/axi_vdma_0/U0/I_RST_MODULE/GEN_RESET_FOR_MM2S.RESET_I/GEN_MIN_FOR_ASYNC.AXIS_RESET_CDC_I/xpm_cdc_single_inst/dest_clk
    SLICE_X16Y29         FDRE                                         r  periph_vga/u_system/vga_system_i/axi_vdma_0/U0/I_RST_MODULE/GEN_RESET_FOR_MM2S.RESET_I/GEN_MIN_FOR_ASYNC.AXIS_RESET_CDC_I/xpm_cdc_single_inst/syncstages_ff_reg[0]/C

Slack:                    inf
  Source:                 periph_vga/u_system/vga_system_i/axi_vdma_0/U0/I_RST_MODULE/GEN_RESET_FOR_MM2S.RESET_I/GEN_MIN_FOR_ASYNC.AXIS_CLR_CDC_I/src_level_ff_reg/C
                            (rising edge-triggered cell FDRE clocked by clk_fpga_0  {rise@0.000ns fall@5.000ns period=10.000ns})
  Destination:            periph_vga/u_system/vga_system_i/axi_vdma_0/U0/I_RST_MODULE/GEN_RESET_FOR_MM2S.RESET_I/GEN_MIN_FOR_ASYNC.AXIS_CLR_CDC_I/xpm_cdc_single_inst/syncstages_ff_reg[0]/D
                            (rising edge-triggered cell FDRE clocked by clk_pixel_vga_system_clk_wiz_0_1  {rise@0.000ns fall@19.862ns period=39.724ns})
  Path Group:             (none)
  Path Type:              Hold (Min at Fast Process Corner)
  Data Path Delay:        0.364ns  (logic 0.164ns (45.021%)  route 0.200ns (54.979%))
  Logic Levels:           0  
  Clock Path Skew:        -1.635ns (DCD - SCD - CPR)
    Destination Clock Delay (DCD):    -0.742ns
    Source Clock Delay      (SCD):    0.894ns
    Clock Pessimism Removal (CPR):    -0.000ns
  Clock Uncertainty:      0.498ns  ((TSJ^2 + TIJ^2 + DJ^2)^1/2) / 2 + PE
    Total System Jitter     (TSJ):    0.071ns
    Total Input Jitter      (TIJ):    0.300ns
    Discrete Jitter          (DJ):    0.292ns
    Phase Error              (PE):    0.285ns
  Timing Exception:       False Path

    Location             Delay type                Incr(ns)  Path(ns)    Netlist Resource(s)
  -------------------------------------------------------------------    -------------------
                         (clock clk_fpga_0 rise edge)
                                                      0.000     0.000 r  
    PS7_X0Y0             PS7                          0.000     0.000 r  periph_vga/u_system/vga_system_i/processing_system7_0/inst/PS7_i/FCLKCLK[0]
                         net (fo=1, routed)           0.315     0.315    periph_vga/u_system/vga_system_i/processing_system7_0/inst/FCLK_CLK_unbuffered[0]
    BUFGCTRL_X0Y15       BUFG (Prop_bufg_I_O)         0.026     0.341 r  periph_vga/u_system/vga_system_i/processing_system7_0/inst/buffer_fclk_clk_0.FCLK_CLK_0_BUFG/O
                         net (fo=2395, routed)        0.553     0.894    periph_vga/u_system/vga_system_i/axi_vdma_0/U0/I_RST_MODULE/GEN_RESET_FOR_MM2S.RESET_I/GEN_MIN_FOR_ASYNC.AXIS_CLR_CDC_I/src_clk
    SLICE_X16Y27         FDRE                                         r  periph_vga/u_system/vga_system_i/axi_vdma_0/U0/I_RST_MODULE/GEN_RESET_FOR_MM2S.RESET_I/GEN_MIN_FOR_ASYNC.AXIS_CLR_CDC_I/src_level_ff_reg/C
  -------------------------------------------------------------------    -------------------
    SLICE_X16Y27         FDRE (Prop_fdre_C_Q)         0.164     1.058 r  periph_vga/u_system/vga_system_i/axi_vdma_0/U0/I_RST_MODULE/GEN_RESET_FOR_MM2S.RESET_I/GEN_MIN_FOR_ASYNC.AXIS_CLR_CDC_I/src_level_ff_reg/Q
                         net (fo=2, routed)           0.200     1.258    periph_vga/u_system/vga_system_i/axi_vdma_0/U0/I_RST_MODULE/GEN_RESET_FOR_MM2S.RESET_I/GEN_MIN_FOR_ASYNC.AXIS_CLR_CDC_I/xpm_cdc_single_inst/src_in
    SLICE_X17Y28         FDRE                                         r  periph_vga/u_system/vga_system_i/axi_vdma_0/U0/I_RST_MODULE/GEN_RESET_FOR_MM2S.RESET_I/GEN_MIN_FOR_ASYNC.AXIS_CLR_CDC_I/xpm_cdc_single_inst/syncstages_ff_reg[0]/D
  -------------------------------------------------------------------    -------------------

                         (clock clk_pixel_vga_system_clk_wiz_0_1 rise edge)
                                                      0.000     0.000 r  
    K17                                               0.000     0.000 r  i_clk (IN)
                         net (fo=0)                   0.000     0.000    i_clk
    K17                  IBUF (Prop_ibuf_I_O)         0.447     0.447 r  i_clk_IBUF_inst/O
                         net (fo=2, routed)           0.480     0.927    periph_vga/u_system/vga_system_i/clk_wiz_0/inst/clk_in1
    MMCME2_ADV_X0Y1      MMCME2_ADV (Prop_mmcme2_adv_CLKIN1_CLKOUT0)
                                                     -3.047    -2.120 r  periph_vga/u_system/vga_system_i/clk_wiz_0/inst/mmcm_adv_inst/CLKOUT0
                         net (fo=1, routed)           0.528    -1.592    periph_vga/u_system/vga_system_i/clk_wiz_0/inst/clk_pixel_vga_system_clk_wiz_0_1
    BUFGCTRL_X0Y30       BUFG (Prop_bufg_I_O)         0.029    -1.563 r  periph_vga/u_system/vga_system_i/clk_wiz_0/inst/clkout1_buf/O
                         net (fo=169, routed)         0.821    -0.742    periph_vga/u_system/vga_system_i/axi_vdma_0/U0/I_RST_MODULE/GEN_RESET_FOR_MM2S.RESET_I/GEN_MIN_FOR_ASYNC.AXIS_CLR_CDC_I/xpm_cdc_single_inst/dest_clk
    SLICE_X17Y28         FDRE                                         r  periph_vga/u_system/vga_system_i/axi_vdma_0/U0/I_RST_MODULE/GEN_RESET_FOR_MM2S.RESET_I/GEN_MIN_FOR_ASYNC.AXIS_CLR_CDC_I/xpm_cdc_single_inst/syncstages_ff_reg[0]/C

Slack:                    inf
  Source:                 periph_vga/u_system/vga_system_i/axi_vdma_0/U0/GEN_SPRT_FOR_MM2S.MM2S_LINEBUFFER_I/GEN_LINEBUF_NO_SOF.s_axis_fifo_ainit_nosync_reg_reg/C
                            (rising edge-triggered cell FDRE clocked by clk_fpga_0  {rise@0.000ns fall@5.000ns period=10.000ns})
  Destination:            <hidden>
                            (removal check against rising-edge clock clk_pixel_vga_system_clk_wiz_0_1  {rise@0.000ns fall@19.862ns period=39.724ns})
  Path Group:             (none)
  Path Type:              Removal (Min at Fast Process Corner)
  Data Path Delay:        0.364ns  (logic 0.128ns (35.133%)  route 0.236ns (64.867%))
  Logic Levels:           0  
  Clock Path Skew:        -1.633ns (DCD - SCD - CPR)
    Destination Clock Delay (DCD):    -0.737ns
    Source Clock Delay      (SCD):    0.897ns
    Clock Pessimism Removal (CPR):    -0.000ns
  Clock Uncertainty:      0.498ns  ((TSJ^2 + TIJ^2 + DJ^2)^1/2) / 2 + PE
    Total System Jitter     (TSJ):    0.071ns
    Total Input Jitter      (TIJ):    0.300ns
    Discrete Jitter          (DJ):    0.292ns
    Phase Error              (PE):    0.285ns
  Timing Exception:       False Path

    Location             Delay type                Incr(ns)  Path(ns)    Netlist Resource(s)
  -------------------------------------------------------------------    -------------------
                         (clock clk_fpga_0 rise edge)
                                                      0.000     0.000 r  
    PS7_X0Y0             PS7                          0.000     0.000 r  periph_vga/u_system/vga_system_i/processing_system7_0/inst/PS7_i/FCLKCLK[0]
                         net (fo=1, routed)           0.315     0.315    periph_vga/u_system/vga_system_i/processing_system7_0/inst/FCLK_CLK_unbuffered[0]
    BUFGCTRL_X0Y15       BUFG (Prop_bufg_I_O)         0.026     0.341 r  periph_vga/u_system/vga_system_i/processing_system7_0/inst/buffer_fclk_clk_0.FCLK_CLK_0_BUFG/O
                         net (fo=2395, routed)        0.556     0.896    periph_vga/u_system/vga_system_i/axi_vdma_0/U0/GEN_SPRT_FOR_MM2S.MM2S_LINEBUFFER_I/s_axi_lite_aclk
    SLICE_X7Y22          FDRE                                         r  periph_vga/u_system/vga_system_i/axi_vdma_0/U0/GEN_SPRT_FOR_MM2S.MM2S_LINEBUFFER_I/GEN_LINEBUF_NO_SOF.s_axis_fifo_ainit_nosync_reg_reg/C
  -------------------------------------------------------------------    -------------------
    SLICE_X7Y22          FDRE (Prop_fdre_C_Q)         0.128     1.025 f  periph_vga/u_system/vga_system_i/axi_vdma_0/U0/GEN_SPRT_FOR_MM2S.MM2S_LINEBUFFER_I/GEN_LINEBUF_NO_SOF.s_axis_fifo_ainit_nosync_reg_reg/Q
                         net (fo=2, routed)           0.236     1.261    <hidden>
    SLICE_X7Y19          FDPE                                         f  <hidden>
  -------------------------------------------------------------------    -------------------

                         (clock clk_pixel_vga_system_clk_wiz_0_1 rise edge)
                                                      0.000     0.000 r  
    K17                                               0.000     0.000 r  i_clk (IN)
                         net (fo=0)                   0.000     0.000    i_clk
    K17                  IBUF (Prop_ibuf_I_O)         0.447     0.447 r  i_clk_IBUF_inst/O
                         net (fo=2, routed)           0.480     0.927    periph_vga/u_system/vga_system_i/clk_wiz_0/inst/clk_in1
    MMCME2_ADV_X0Y1      MMCME2_ADV (Prop_mmcme2_adv_CLKIN1_CLKOUT0)
                                                     -3.047    -2.120 r  periph_vga/u_system/vga_system_i/clk_wiz_0/inst/mmcm_adv_inst/CLKOUT0
                         net (fo=1, routed)           0.528    -1.592    periph_vga/u_system/vga_system_i/clk_wiz_0/inst/clk_pixel_vga_system_clk_wiz_0_1
    BUFGCTRL_X0Y30       BUFG (Prop_bufg_I_O)         0.029    -1.563 r  periph_vga/u_system/vga_system_i/clk_wiz_0/inst/clkout1_buf/O
                         net (fo=169, routed)         0.826    -0.737    <hidden>
    SLICE_X7Y19          FDPE                                         r  <hidden>

Slack:                    inf
  Source:                 periph_vga/u_system/vga_system_i/axi_vdma_0/U0/GEN_SPRT_FOR_MM2S.MM2S_LINEBUFFER_I/GEN_LINEBUF_NO_SOF.s_axis_fifo_ainit_nosync_reg_reg/C
                            (rising edge-triggered cell FDRE clocked by clk_fpga_0  {rise@0.000ns fall@5.000ns period=10.000ns})
  Destination:            <hidden>
                            (removal check against rising-edge clock clk_pixel_vga_system_clk_wiz_0_1  {rise@0.000ns fall@19.862ns period=39.724ns})
  Path Group:             (none)
  Path Type:              Removal (Min at Fast Process Corner)
  Data Path Delay:        0.364ns  (logic 0.128ns (35.133%)  route 0.236ns (64.867%))
  Logic Levels:           0  
  Clock Path Skew:        -1.633ns (DCD - SCD - CPR)
    Destination Clock Delay (DCD):    -0.737ns
    Source Clock Delay      (SCD):    0.897ns
    Clock Pessimism Removal (CPR):    -0.000ns
  Clock Uncertainty:      0.498ns  ((TSJ^2 + TIJ^2 + DJ^2)^1/2) / 2 + PE
    Total System Jitter     (TSJ):    0.071ns
    Total Input Jitter      (TIJ):    0.300ns
    Discrete Jitter          (DJ):    0.292ns
    Phase Error              (PE):    0.285ns
  Timing Exception:       False Path

    Location             Delay type                Incr(ns)  Path(ns)    Netlist Resource(s)
  -------------------------------------------------------------------    -------------------
                         (clock clk_fpga_0 rise edge)
                                                      0.000     0.000 r  
    PS7_X0Y0             PS7                          0.000     0.000 r  periph_vga/u_system/vga_system_i/processing_system7_0/inst/PS7_i/FCLKCLK[0]
                         net (fo=1, routed)           0.315     0.315    periph_vga/u_system/vga_system_i/processing_system7_0/inst/FCLK_CLK_unbuffered[0]
    BUFGCTRL_X0Y15       BUFG (Prop_bufg_I_O)         0.026     0.341 r  periph_vga/u_system/vga_system_i/processing_system7_0/inst/buffer_fclk_clk_0.FCLK_CLK_0_BUFG/O
                         net (fo=2395, routed)        0.556     0.896    periph_vga/u_system/vga_system_i/axi_vdma_0/U0/GEN_SPRT_FOR_MM2S.MM2S_LINEBUFFER_I/s_axi_lite_aclk
    SLICE_X7Y22          FDRE                                         r  periph_vga/u_system/vga_system_i/axi_vdma_0/U0/GEN_SPRT_FOR_MM2S.MM2S_LINEBUFFER_I/GEN_LINEBUF_NO_SOF.s_axis_fifo_ainit_nosync_reg_reg/C
  -------------------------------------------------------------------    -------------------
    SLICE_X7Y22          FDRE (Prop_fdre_C_Q)         0.128     1.025 f  periph_vga/u_system/vga_system_i/axi_vdma_0/U0/GEN_SPRT_FOR_MM2S.MM2S_LINEBUFFER_I/GEN_LINEBUF_NO_SOF.s_axis_fifo_ainit_nosync_reg_reg/Q
                         net (fo=2, routed)           0.236     1.261    <hidden>
    SLICE_X7Y19          FDPE                                         f  <hidden>
  -------------------------------------------------------------------    -------------------

                         (clock clk_pixel_vga_system_clk_wiz_0_1 rise edge)
                                                      0.000     0.000 r  
    K17                                               0.000     0.000 r  i_clk (IN)
                         net (fo=0)                   0.000     0.000    i_clk
    K17                  IBUF (Prop_ibuf_I_O)         0.447     0.447 r  i_clk_IBUF_inst/O
                         net (fo=2, routed)           0.480     0.927    periph_vga/u_system/vga_system_i/clk_wiz_0/inst/clk_in1
    MMCME2_ADV_X0Y1      MMCME2_ADV (Prop_mmcme2_adv_CLKIN1_CLKOUT0)
                                                     -3.047    -2.120 r  periph_vga/u_system/vga_system_i/clk_wiz_0/inst/mmcm_adv_inst/CLKOUT0
                         net (fo=1, routed)           0.528    -1.592    periph_vga/u_system/vga_system_i/clk_wiz_0/inst/clk_pixel_vga_system_clk_wiz_0_1
    BUFGCTRL_X0Y30       BUFG (Prop_bufg_I_O)         0.029    -1.563 r  periph_vga/u_system/vga_system_i/clk_wiz_0/inst/clkout1_buf/O
                         net (fo=169, routed)         0.826    -0.737    <hidden>
    SLICE_X7Y19          FDPE                                         r  <hidden>





--------------------------------------------------------------------------------------
Path Group:  (none)
From Clock:  clk_out1_clk_wiz_0
  To Clock:  clk_pixel_vga_system_clk_wiz_0_1

Max Delay             3 Endpoints
Min Delay             3 Endpoints
--------------------------------------------------------------------------------------


Max Delay Paths
--------------------------------------------------------------------------------------
Slack:                    inf
  Source:                 _rst_sync_reg/C
                            (rising edge-triggered cell FDPE clocked by clk_out1_clk_wiz_0  {rise@0.000ns fall@10.000ns period=20.000ns})
  Destination:            periph_vga/u_rst_cdc/arststages_ff_reg[0]/PRE
                            (recovery check against rising-edge clock clk_pixel_vga_system_clk_wiz_0_1  {rise@0.000ns fall@19.862ns period=39.724ns})
  Path Group:             (none)
  Path Type:              Recovery (Max at Slow Process Corner)
  Data Path Delay:        1.411ns  (logic 0.456ns (32.324%)  route 0.955ns (67.676%))
  Logic Levels:           0  
  Clock Path Skew:        -0.863ns (DCD - SCD + CPR)
    Destination Clock Delay (DCD):    -1.343ns
    Source Clock Delay      (SCD):    -0.480ns
    Clock Pessimism Removal (CPR):    0.000ns
  Clock Uncertainty:      0.521ns  ((TSJ^2 + DJ^2)^1/2) / 2 + PE
    Total System Jitter     (TSJ):    0.071ns
    Discrete Jitter          (DJ):    0.433ns
    Phase Error              (PE):    0.301ns
  Timing Exception:       False Path

    Location             Delay type                Incr(ns)  Path(ns)    Netlist Resource(s)
  -------------------------------------------------------------------    -------------------
                         (clock clk_out1_clk_wiz_0 rise edge)
                                                      0.000     0.000 r  
    K17                                               0.000     0.000 r  i_clk (IN)
                         net (fo=0)                   0.000     0.000    i_clk
    K17                  IBUF (Prop_ibuf_I_O)         1.492     1.492 r  i_clk_IBUF_inst/O
                         net (fo=2, routed)           1.440     2.932    u_clk_wiz/inst/clk_in1
    MMCME2_ADV_X0Y0      MMCME2_ADV (Prop_mmcme2_adv_CLKIN1_CLKOUT0)
                                                     -7.010    -4.078 r  u_clk_wiz/inst/mmcm_adv_inst/CLKOUT0
                         net (fo=1, routed)           1.760    -2.318    u_clk_wiz/inst/clk_out1_clk_wiz_0
    BUFGCTRL_X0Y1        BUFG (Prop_bufg_I_O)         0.101    -2.217 r  u_clk_wiz/inst/clkout1_buf/O
                         net (fo=8, routed)           1.737    -0.480    _clkSystem
    SLICE_X43Y27         FDPE                                         r  _rst_sync_reg/C
  -------------------------------------------------------------------    -------------------
    SLICE_X43Y27         FDPE (Prop_fdpe_C_Q)         0.456    -0.024 f  _rst_sync_reg/Q
                         net (fo=9, routed)           0.955     0.930    periph_vga/u_rst_cdc/src_arst
    SLICE_X27Y27         FDPE                                         f  periph_vga/u_rst_cdc/arststages_ff_reg[0]/PRE
  -------------------------------------------------------------------    -------------------

                         (clock clk_pixel_vga_system_clk_wiz_0_1 rise edge)
                                                      0.000     0.000 r  
    K17                                               0.000     0.000 r  i_clk (IN)
                         net (fo=0)                   0.000     0.000    i_clk
    K17                  IBUF (Prop_ibuf_I_O)         1.421     1.421 r  i_clk_IBUF_inst/O
                         net (fo=2, routed)           1.162     2.583    periph_vga/u_system/vga_system_i/clk_wiz_0/inst/clk_in1
    MMCME2_ADV_X0Y1      MMCME2_ADV (Prop_mmcme2_adv_CLKIN1_CLKOUT0)
                                                     -7.105    -4.522 r  periph_vga/u_system/vga_system_i/clk_wiz_0/inst/mmcm_adv_inst/CLKOUT0
                         net (fo=1, routed)           1.599    -2.923    periph_vga/u_system/vga_system_i/clk_wiz_0/inst/clk_pixel_vga_system_clk_wiz_0_1
    BUFGCTRL_X0Y30       BUFG (Prop_bufg_I_O)         0.091    -2.832 r  periph_vga/u_system/vga_system_i/clk_wiz_0/inst/clkout1_buf/O
                         net (fo=169, routed)         1.488    -1.343    periph_vga/u_rst_cdc/dest_clk
    SLICE_X27Y27         FDPE                                         r  periph_vga/u_rst_cdc/arststages_ff_reg[0]/C

Slack:                    inf
  Source:                 _rst_sync_reg/C
                            (rising edge-triggered cell FDPE clocked by clk_out1_clk_wiz_0  {rise@0.000ns fall@10.000ns period=20.000ns})
  Destination:            periph_vga/u_rst_cdc/arststages_ff_reg[1]/PRE
                            (recovery check against rising-edge clock clk_pixel_vga_system_clk_wiz_0_1  {rise@0.000ns fall@19.862ns period=39.724ns})
  Path Group:             (none)
  Path Type:              Recovery (Max at Slow Process Corner)
  Data Path Delay:        1.411ns  (logic 0.456ns (32.324%)  route 0.955ns (67.676%))
  Logic Levels:           0  
  Clock Path Skew:        -0.863ns (DCD - SCD + CPR)
    Destination Clock Delay (DCD):    -1.343ns
    Source Clock Delay      (SCD):    -0.480ns
    Clock Pessimism Removal (CPR):    0.000ns
  Clock Uncertainty:      0.521ns  ((TSJ^2 + DJ^2)^1/2) / 2 + PE
    Total System Jitter     (TSJ):    0.071ns
    Discrete Jitter          (DJ):    0.433ns
    Phase Error              (PE):    0.301ns
  Timing Exception:       False Path

    Location             Delay type                Incr(ns)  Path(ns)    Netlist Resource(s)
  -------------------------------------------------------------------    -------------------
                         (clock clk_out1_clk_wiz_0 rise edge)
                                                      0.000     0.000 r  
    K17                                               0.000     0.000 r  i_clk (IN)
                         net (fo=0)                   0.000     0.000    i_clk
    K17                  IBUF (Prop_ibuf_I_O)         1.492     1.492 r  i_clk_IBUF_inst/O
                         net (fo=2, routed)           1.440     2.932    u_clk_wiz/inst/clk_in1
    MMCME2_ADV_X0Y0      MMCME2_ADV (Prop_mmcme2_adv_CLKIN1_CLKOUT0)
                                                     -7.010    -4.078 r  u_clk_wiz/inst/mmcm_adv_inst/CLKOUT0
                         net (fo=1, routed)           1.760    -2.318    u_clk_wiz/inst/clk_out1_clk_wiz_0
    BUFGCTRL_X0Y1        BUFG (Prop_bufg_I_O)         0.101    -2.217 r  u_clk_wiz/inst/clkout1_buf/O
                         net (fo=8, routed)           1.737    -0.480    _clkSystem
    SLICE_X43Y27         FDPE                                         r  _rst_sync_reg/C
  -------------------------------------------------------------------    -------------------
    SLICE_X43Y27         FDPE (Prop_fdpe_C_Q)         0.456    -0.024 f  _rst_sync_reg/Q
                         net (fo=9, routed)           0.955     0.930    periph_vga/u_rst_cdc/src_arst
    SLICE_X27Y27         FDPE                                         f  periph_vga/u_rst_cdc/arststages_ff_reg[1]/PRE
  -------------------------------------------------------------------    -------------------

                         (clock clk_pixel_vga_system_clk_wiz_0_1 rise edge)
                                                      0.000     0.000 r  
    K17                                               0.000     0.000 r  i_clk (IN)
                         net (fo=0)                   0.000     0.000    i_clk
    K17                  IBUF (Prop_ibuf_I_O)         1.421     1.421 r  i_clk_IBUF_inst/O
                         net (fo=2, routed)           1.162     2.583    periph_vga/u_system/vga_system_i/clk_wiz_0/inst/clk_in1
    MMCME2_ADV_X0Y1      MMCME2_ADV (Prop_mmcme2_adv_CLKIN1_CLKOUT0)
                                                     -7.105    -4.522 r  periph_vga/u_system/vga_system_i/clk_wiz_0/inst/mmcm_adv_inst/CLKOUT0
                         net (fo=1, routed)           1.599    -2.923    periph_vga/u_system/vga_system_i/clk_wiz_0/inst/clk_pixel_vga_system_clk_wiz_0_1
    BUFGCTRL_X0Y30       BUFG (Prop_bufg_I_O)         0.091    -2.832 r  periph_vga/u_system/vga_system_i/clk_wiz_0/inst/clkout1_buf/O
                         net (fo=169, routed)         1.488    -1.343    periph_vga/u_rst_cdc/dest_clk
    SLICE_X27Y27         FDPE                                         r  periph_vga/u_rst_cdc/arststages_ff_reg[1]/C

Slack:                    inf
  Source:                 periph_vga/_enVGA_reg/C
                            (rising edge-triggered cell FDRE clocked by clk_out1_clk_wiz_0  {rise@0.000ns fall@10.000ns period=20.000ns})
  Destination:            periph_vga/u_enVGA_cdc/syncstages_ff_reg[0]/D
                            (rising edge-triggered cell FDRE clocked by clk_pixel_vga_system_clk_wiz_0_1  {rise@0.000ns fall@19.862ns period=39.724ns})
  Path Group:             (none)
  Path Type:              Setup (Max at Slow Process Corner)
  Data Path Delay:        0.835ns  (logic 0.518ns (62.015%)  route 0.317ns (37.985%))
  Logic Levels:           0  
  Clock Path Skew:        -0.781ns (DCD - SCD + CPR)
    Destination Clock Delay (DCD):    -1.341ns
    Source Clock Delay      (SCD):    -0.560ns
    Clock Pessimism Removal (CPR):    0.000ns
  Clock Uncertainty:      0.521ns  ((TSJ^2 + DJ^2)^1/2) / 2 + PE
    Total System Jitter     (TSJ):    0.071ns
    Discrete Jitter          (DJ):    0.433ns
    Phase Error              (PE):    0.301ns
  Timing Exception:       False Path

    Location             Delay type                Incr(ns)  Path(ns)    Netlist Resource(s)
  -------------------------------------------------------------------    -------------------
                         (clock clk_out1_clk_wiz_0 rise edge)
                                                      0.000     0.000 r  
    K17                                               0.000     0.000 r  i_clk (IN)
                         net (fo=0)                   0.000     0.000    i_clk
    K17                  IBUF (Prop_ibuf_I_O)         1.492     1.492 r  i_clk_IBUF_inst/O
                         net (fo=2, routed)           1.440     2.932    u_clk_wiz/inst/clk_in1
    MMCME2_ADV_X0Y0      MMCME2_ADV (Prop_mmcme2_adv_CLKIN1_CLKOUT0)
                                                     -7.010    -4.078 r  u_clk_wiz/inst/mmcm_adv_inst/CLKOUT0
                         net (fo=1, routed)           1.760    -2.318    u_clk_wiz/inst/clk_out1_clk_wiz_0
    BUFGCTRL_X0Y1        BUFG (Prop_bufg_I_O)         0.101    -2.217 r  u_clk_wiz/inst/clkout1_buf/O
                         net (fo=8, routed)           1.657    -0.560    periph_vga/clk_out1
    SLICE_X28Y27         FDRE                                         r  periph_vga/_enVGA_reg/C
  -------------------------------------------------------------------    -------------------
    SLICE_X28Y27         FDRE (Prop_fdre_C_Q)         0.518    -0.042 r  periph_vga/_enVGA_reg/Q
                         net (fo=2, routed)           0.317     0.275    periph_vga/u_enVGA_cdc/src_in
    SLICE_X28Y28         FDRE                                         r  periph_vga/u_enVGA_cdc/syncstages_ff_reg[0]/D
  -------------------------------------------------------------------    -------------------

                         (clock clk_pixel_vga_system_clk_wiz_0_1 rise edge)
                                                      0.000     0.000 r  
    K17                                               0.000     0.000 r  i_clk (IN)
                         net (fo=0)                   0.000     0.000    i_clk
    K17                  IBUF (Prop_ibuf_I_O)         1.421     1.421 r  i_clk_IBUF_inst/O
                         net (fo=2, routed)           1.162     2.583    periph_vga/u_system/vga_system_i/clk_wiz_0/inst/clk_in1
    MMCME2_ADV_X0Y1      MMCME2_ADV (Prop_mmcme2_adv_CLKIN1_CLKOUT0)
                                                     -7.105    -4.522 r  periph_vga/u_system/vga_system_i/clk_wiz_0/inst/mmcm_adv_inst/CLKOUT0
                         net (fo=1, routed)           1.599    -2.923    periph_vga/u_system/vga_system_i/clk_wiz_0/inst/clk_pixel_vga_system_clk_wiz_0_1
    BUFGCTRL_X0Y30       BUFG (Prop_bufg_I_O)         0.091    -2.832 r  periph_vga/u_system/vga_system_i/clk_wiz_0/inst/clkout1_buf/O
                         net (fo=169, routed)         1.490    -1.341    periph_vga/u_enVGA_cdc/dest_clk
    SLICE_X28Y28         FDRE                                         r  periph_vga/u_enVGA_cdc/syncstages_ff_reg[0]/C





Min Delay Paths
--------------------------------------------------------------------------------------
Slack:                    inf
  Source:                 periph_vga/_enVGA_reg/C
                            (rising edge-triggered cell FDRE clocked by clk_out1_clk_wiz_0  {rise@0.000ns fall@10.000ns period=20.000ns})
  Destination:            periph_vga/u_enVGA_cdc/syncstages_ff_reg[0]/D
                            (rising edge-triggered cell FDRE clocked by clk_pixel_vga_system_clk_wiz_0_1  {rise@0.000ns fall@19.862ns period=39.724ns})
  Path Group:             (none)
  Path Type:              Hold (Min at Slow Process Corner)
  Data Path Delay:        0.685ns  (logic 0.418ns (60.997%)  route 0.267ns (39.003%))
  Logic Levels:           0  
  Clock Path Skew:        0.525ns (DCD - SCD - CPR)
    Destination Clock Delay (DCD):    -0.695ns
    Source Clock Delay      (SCD):    -1.220ns
    Clock Pessimism Removal (CPR):    -0.000ns
  Clock Uncertainty:      0.521ns  ((TSJ^2 + DJ^2)^1/2) / 2 + PE
    Total System Jitter     (TSJ):    0.071ns
    Discrete Jitter          (DJ):    0.433ns
    Phase Error              (PE):    0.301ns
  Timing Exception:       False Path

    Location             Delay type                Incr(ns)  Path(ns)    Netlist Resource(s)
  -------------------------------------------------------------------    -------------------
                         (clock clk_out1_clk_wiz_0 rise edge)
                                                      0.000     0.000 r  
    K17                                               0.000     0.000 r  i_clk (IN)
                         net (fo=0)                   0.000     0.000    i_clk
    K17                  IBUF (Prop_ibuf_I_O)         1.421     1.421 r  i_clk_IBUF_inst/O
                         net (fo=2, routed)           1.302     2.723    u_clk_wiz/inst/clk_in1
    MMCME2_ADV_X0Y0      MMCME2_ADV (Prop_mmcme2_adv_CLKIN1_CLKOUT0)
                                                     -7.118    -4.396 r  u_clk_wiz/inst/mmcm_adv_inst/CLKOUT0
                         net (fo=1, routed)           1.599    -2.796    u_clk_wiz/inst/clk_out1_clk_wiz_0
    BUFGCTRL_X0Y1        BUFG (Prop_bufg_I_O)         0.091    -2.705 r  u_clk_wiz/inst/clkout1_buf/O
                         net (fo=8, routed)           1.485    -1.220    periph_vga/clk_out1
    SLICE_X28Y27         FDRE                                         r  periph_vga/_enVGA_reg/C
  -------------------------------------------------------------------    -------------------
    SLICE_X28Y27         FDRE (Prop_fdre_C_Q)         0.418    -0.802 r  periph_vga/_enVGA_reg/Q
                         net (fo=2, routed)           0.267    -0.535    periph_vga/u_enVGA_cdc/src_in
    SLICE_X28Y28         FDRE                                         r  periph_vga/u_enVGA_cdc/syncstages_ff_reg[0]/D
  -------------------------------------------------------------------    -------------------

                         (clock clk_pixel_vga_system_clk_wiz_0_1 rise edge)
                                                      0.000     0.000 r  
    K17                                               0.000     0.000 r  i_clk (IN)
                         net (fo=0)                   0.000     0.000    i_clk
    K17                  IBUF (Prop_ibuf_I_O)         1.492     1.492 r  i_clk_IBUF_inst/O
                         net (fo=2, routed)           1.285     2.777    periph_vga/u_system/vga_system_i/clk_wiz_0/inst/clk_in1
    MMCME2_ADV_X0Y1      MMCME2_ADV (Prop_mmcme2_adv_CLKIN1_CLKOUT0)
                                                     -6.996    -4.219 r  periph_vga/u_system/vga_system_i/clk_wiz_0/inst/mmcm_adv_inst/CLKOUT0
                         net (fo=1, routed)           1.760    -2.459    periph_vga/u_system/vga_system_i/clk_wiz_0/inst/clk_pixel_vga_system_clk_wiz_0_1
    BUFGCTRL_X0Y30       BUFG (Prop_bufg_I_O)         0.101    -2.358 r  periph_vga/u_system/vga_system_i/clk_wiz_0/inst/clkout1_buf/O
                         net (fo=169, routed)         1.663    -0.695    periph_vga/u_enVGA_cdc/dest_clk
    SLICE_X28Y28         FDRE                                         r  periph_vga/u_enVGA_cdc/syncstages_ff_reg[0]/C

Slack:                    inf
  Source:                 _rst_sync_reg/C
                            (rising edge-triggered cell FDPE clocked by clk_out1_clk_wiz_0  {rise@0.000ns fall@10.000ns period=20.000ns})
  Destination:            periph_vga/u_rst_cdc/arststages_ff_reg[0]/PRE
                            (removal check against rising-edge clock clk_pixel_vga_system_clk_wiz_0_1  {rise@0.000ns fall@19.862ns period=39.724ns})
  Path Group:             (none)
  Path Type:              Removal (Min at Slow Process Corner)
  Data Path Delay:        1.189ns  (logic 0.367ns (30.874%)  route 0.822ns (69.126%))
  Logic Levels:           0  
  Clock Path Skew:        0.444ns (DCD - SCD - CPR)
    Destination Clock Delay (DCD):    -0.699ns
    Source Clock Delay      (SCD):    -1.143ns
    Clock Pessimism Removal (CPR):    -0.000ns
  Clock Uncertainty:      0.521ns  ((TSJ^2 + DJ^2)^1/2) / 2 + PE
    Total System Jitter     (TSJ):    0.071ns
    Discrete Jitter          (DJ):    0.433ns
    Phase Error              (PE):    0.301ns
  Timing Exception:       False Path

    Location             Delay type                Incr(ns)  Path(ns)    Netlist Resource(s)
  -------------------------------------------------------------------    -------------------
                         (clock clk_out1_clk_wiz_0 rise edge)
                                                      0.000     0.000 r  
    K17                                               0.000     0.000 r  i_clk (IN)
                         net (fo=0)                   0.000     0.000    i_clk
    K17                  IBUF (Prop_ibuf_I_O)         1.421     1.421 r  i_clk_IBUF_inst/O
                         net (fo=2, routed)           1.302     2.723    u_clk_wiz/inst/clk_in1
    MMCME2_ADV_X0Y0      MMCME2_ADV (Prop_mmcme2_adv_CLKIN1_CLKOUT0)
                                                     -7.118    -4.396 r  u_clk_wiz/inst/mmcm_adv_inst/CLKOUT0
                         net (fo=1, routed)           1.599    -2.796    u_clk_wiz/inst/clk_out1_clk_wiz_0
    BUFGCTRL_X0Y1        BUFG (Prop_bufg_I_O)         0.091    -2.705 r  u_clk_wiz/inst/clkout1_buf/O
                         net (fo=8, routed)           1.562    -1.143    _clkSystem
    SLICE_X43Y27         FDPE                                         r  _rst_sync_reg/C
  -------------------------------------------------------------------    -------------------
    SLICE_X43Y27         FDPE (Prop_fdpe_C_Q)         0.367    -0.776 f  _rst_sync_reg/Q
                         net (fo=9, routed)           0.822     0.046    periph_vga/u_rst_cdc/src_arst
    SLICE_X27Y27         FDPE                                         f  periph_vga/u_rst_cdc/arststages_ff_reg[0]/PRE
  -------------------------------------------------------------------    -------------------

                         (clock clk_pixel_vga_system_clk_wiz_0_1 rise edge)
                                                      0.000     0.000 r  
    K17                                               0.000     0.000 r  i_clk (IN)
                         net (fo=0)                   0.000     0.000    i_clk
    K17                  IBUF (Prop_ibuf_I_O)         1.492     1.492 r  i_clk_IBUF_inst/O
                         net (fo=2, routed)           1.285     2.777    periph_vga/u_system/vga_system_i/clk_wiz_0/inst/clk_in1
    MMCME2_ADV_X0Y1      MMCME2_ADV (Prop_mmcme2_adv_CLKIN1_CLKOUT0)
                                                     -6.996    -4.219 r  periph_vga/u_system/vga_system_i/clk_wiz_0/inst/mmcm_adv_inst/CLKOUT0
                         net (fo=1, routed)           1.760    -2.459    periph_vga/u_system/vga_system_i/clk_wiz_0/inst/clk_pixel_vga_system_clk_wiz_0_1
    BUFGCTRL_X0Y30       BUFG (Prop_bufg_I_O)         0.101    -2.358 r  periph_vga/u_system/vga_system_i/clk_wiz_0/inst/clkout1_buf/O
                         net (fo=169, routed)         1.659    -0.699    periph_vga/u_rst_cdc/dest_clk
    SLICE_X27Y27         FDPE                                         r  periph_vga/u_rst_cdc/arststages_ff_reg[0]/C

Slack:                    inf
  Source:                 _rst_sync_reg/C
                            (rising edge-triggered cell FDPE clocked by clk_out1_clk_wiz_0  {rise@0.000ns fall@10.000ns period=20.000ns})
  Destination:            periph_vga/u_rst_cdc/arststages_ff_reg[1]/PRE
                            (removal check against rising-edge clock clk_pixel_vga_system_clk_wiz_0_1  {rise@0.000ns fall@19.862ns period=39.724ns})
  Path Group:             (none)
  Path Type:              Removal (Min at Slow Process Corner)
  Data Path Delay:        1.189ns  (logic 0.367ns (30.874%)  route 0.822ns (69.126%))
  Logic Levels:           0  
  Clock Path Skew:        0.444ns (DCD - SCD - CPR)
    Destination Clock Delay (DCD):    -0.699ns
    Source Clock Delay      (SCD):    -1.143ns
    Clock Pessimism Removal (CPR):    -0.000ns
  Clock Uncertainty:      0.521ns  ((TSJ^2 + DJ^2)^1/2) / 2 + PE
    Total System Jitter     (TSJ):    0.071ns
    Discrete Jitter          (DJ):    0.433ns
    Phase Error              (PE):    0.301ns
  Timing Exception:       False Path

    Location             Delay type                Incr(ns)  Path(ns)    Netlist Resource(s)
  -------------------------------------------------------------------    -------------------
                         (clock clk_out1_clk_wiz_0 rise edge)
                                                      0.000     0.000 r  
    K17                                               0.000     0.000 r  i_clk (IN)
                         net (fo=0)                   0.000     0.000    i_clk
    K17                  IBUF (Prop_ibuf_I_O)         1.421     1.421 r  i_clk_IBUF_inst/O
                         net (fo=2, routed)           1.302     2.723    u_clk_wiz/inst/clk_in1
    MMCME2_ADV_X0Y0      MMCME2_ADV (Prop_mmcme2_adv_CLKIN1_CLKOUT0)
                                                     -7.118    -4.396 r  u_clk_wiz/inst/mmcm_adv_inst/CLKOUT0
                         net (fo=1, routed)           1.599    -2.796    u_clk_wiz/inst/clk_out1_clk_wiz_0
    BUFGCTRL_X0Y1        BUFG (Prop_bufg_I_O)         0.091    -2.705 r  u_clk_wiz/inst/clkout1_buf/O
                         net (fo=8, routed)           1.562    -1.143    _clkSystem
    SLICE_X43Y27         FDPE                                         r  _rst_sync_reg/C
  -------------------------------------------------------------------    -------------------
    SLICE_X43Y27         FDPE (Prop_fdpe_C_Q)         0.367    -0.776 f  _rst_sync_reg/Q
                         net (fo=9, routed)           0.822     0.046    periph_vga/u_rst_cdc/src_arst
    SLICE_X27Y27         FDPE                                         f  periph_vga/u_rst_cdc/arststages_ff_reg[1]/PRE
  -------------------------------------------------------------------    -------------------

                         (clock clk_pixel_vga_system_clk_wiz_0_1 rise edge)
                                                      0.000     0.000 r  
    K17                                               0.000     0.000 r  i_clk (IN)
                         net (fo=0)                   0.000     0.000    i_clk
    K17                  IBUF (Prop_ibuf_I_O)         1.492     1.492 r  i_clk_IBUF_inst/O
                         net (fo=2, routed)           1.285     2.777    periph_vga/u_system/vga_system_i/clk_wiz_0/inst/clk_in1
    MMCME2_ADV_X0Y1      MMCME2_ADV (Prop_mmcme2_adv_CLKIN1_CLKOUT0)
                                                     -6.996    -4.219 r  periph_vga/u_system/vga_system_i/clk_wiz_0/inst/mmcm_adv_inst/CLKOUT0
                         net (fo=1, routed)           1.760    -2.459    periph_vga/u_system/vga_system_i/clk_wiz_0/inst/clk_pixel_vga_system_clk_wiz_0_1
    BUFGCTRL_X0Y30       BUFG (Prop_bufg_I_O)         0.101    -2.358 r  periph_vga/u_system/vga_system_i/clk_wiz_0/inst/clkout1_buf/O
                         net (fo=169, routed)         1.659    -0.699    periph_vga/u_rst_cdc/dest_clk
    SLICE_X27Y27         FDPE                                         r  periph_vga/u_rst_cdc/arststages_ff_reg[1]/C





--------------------------------------------------------------------------------------
Path Group:  (none)
From Clock:  clk_pixel_vga_system_clk_wiz_0_1
  To Clock:  clk_pixel_vga_system_clk_wiz_0_1

Max Delay             9 Endpoints
Min Delay             9 Endpoints
--------------------------------------------------------------------------------------


Max Delay Paths
--------------------------------------------------------------------------------------
Slack:                    inf
  Source:                 <hidden>
                            (rising edge-triggered cell FDPE clocked by clk_pixel_vga_system_clk_wiz_0_1  {rise@0.000ns fall@19.862ns period=39.724ns})
  Destination:            <hidden>
                            (recovery check against rising-edge clock clk_pixel_vga_system_clk_wiz_0_1  {rise@0.000ns fall@19.862ns period=39.724ns})
  Path Group:             (none)
  Path Type:              Recovery (Max at Slow Process Corner)
  Data Path Delay:        2.062ns  (logic 0.580ns (28.122%)  route 1.482ns (71.878%))
  Logic Levels:           1  (LUT2=1)
  Clock Path Skew:        -0.618ns (DCD - SCD + CPR)
    Destination Clock Delay (DCD):    -1.303ns
    Source Clock Delay      (SCD):    -0.685ns
    Clock Pessimism Removal (CPR):    0.000ns
  Clock Uncertainty:      0.150ns  ((TSJ^2 + DJ^2)^1/2) / 2 + PE
    Total System Jitter     (TSJ):    0.071ns
    Discrete Jitter          (DJ):    0.292ns
    Phase Error              (PE):    0.000ns
  Timing Exception:       False Path

    Location             Delay type                Incr(ns)  Path(ns)    Netlist Resource(s)
  -------------------------------------------------------------------    -------------------
                         (clock clk_pixel_vga_system_clk_wiz_0_1 rise edge)
                                                      0.000     0.000 r  
    K17                                               0.000     0.000 r  i_clk (IN)
                         net (fo=0)                   0.000     0.000    i_clk
    K17                  IBUF (Prop_ibuf_I_O)         1.492     1.492 r  i_clk_IBUF_inst/O
                         net (fo=2, routed)           1.285     2.777    periph_vga/u_system/vga_system_i/clk_wiz_0/inst/clk_in1
    MMCME2_ADV_X0Y1      MMCME2_ADV (Prop_mmcme2_adv_CLKIN1_CLKOUT0)
                                                     -6.996    -4.219 r  periph_vga/u_system/vga_system_i/clk_wiz_0/inst/mmcm_adv_inst/CLKOUT0
                         net (fo=1, routed)           1.760    -2.459    periph_vga/u_system/vga_system_i/clk_wiz_0/inst/clk_pixel_vga_system_clk_wiz_0_1
    BUFGCTRL_X0Y30       BUFG (Prop_bufg_I_O)         0.101    -2.358 r  periph_vga/u_system/vga_system_i/clk_wiz_0/inst/clkout1_buf/O
                         net (fo=169, routed)         1.673    -0.685    <hidden>
    SLICE_X13Y18         FDPE                                         r  <hidden>
  -------------------------------------------------------------------    -------------------
    SLICE_X13Y18         FDPE (Prop_fdpe_C_Q)         0.456    -0.229 f  <hidden>
                         net (fo=3, routed)           0.608     0.379    <hidden>
    SLICE_X10Y18         LUT2 (Prop_lut2_I0_O)        0.124     0.503 f  <hidden>
                         net (fo=1, routed)           0.874     1.377    <hidden>
    RAMB36_X0Y4          FIFO36E1                                     f  <hidden>
  -------------------------------------------------------------------    -------------------

                         (clock clk_pixel_vga_system_clk_wiz_0_1 rise edge)
                                                      0.000     0.000 r  
    K17                                               0.000     0.000 r  i_clk (IN)
                         net (fo=0)                   0.000     0.000    i_clk
    K17                  IBUF (Prop_ibuf_I_O)         1.421     1.421 r  i_clk_IBUF_inst/O
                         net (fo=2, routed)           1.162     2.583    periph_vga/u_system/vga_system_i/clk_wiz_0/inst/clk_in1
    MMCME2_ADV_X0Y1      MMCME2_ADV (Prop_mmcme2_adv_CLKIN1_CLKOUT0)
                                                     -7.105    -4.522 r  periph_vga/u_system/vga_system_i/clk_wiz_0/inst/mmcm_adv_inst/CLKOUT0
                         net (fo=1, routed)           1.599    -2.923    periph_vga/u_system/vga_system_i/clk_wiz_0/inst/clk_pixel_vga_system_clk_wiz_0_1
    BUFGCTRL_X0Y30       BUFG (Prop_bufg_I_O)         0.091    -2.832 r  periph_vga/u_system/vga_system_i/clk_wiz_0/inst/clkout1_buf/O
                         net (fo=169, routed)         1.529    -1.303    <hidden>
    RAMB36_X0Y4          FIFO36E1                                     r  <hidden>

Slack:                    inf
  Source:                 <hidden>
                            (rising edge-triggered cell FDRE clocked by clk_pixel_vga_system_clk_wiz_0_1  {rise@0.000ns fall@19.862ns period=39.724ns})
  Destination:            <hidden>
                            (rising edge-triggered cell FDRE clocked by clk_pixel_vga_system_clk_wiz_0_1  {rise@0.000ns fall@19.862ns period=39.724ns})
  Path Group:             (none)
  Path Type:              Setup (Max at Slow Process Corner)
  Data Path Delay:        1.331ns  (logic 0.478ns (35.900%)  route 0.853ns (64.100%))
  Logic Levels:           0  
  Clock Path Skew:        -0.646ns (DCD - SCD + CPR)
    Destination Clock Delay (DCD):    -1.331ns
    Source Clock Delay      (SCD):    -0.685ns
    Clock Pessimism Removal (CPR):    0.000ns
  Clock Uncertainty:      0.150ns  ((TSJ^2 + DJ^2)^1/2) / 2 + PE
    Total System Jitter     (TSJ):    0.071ns
    Discrete Jitter          (DJ):    0.292ns
    Phase Error              (PE):    0.000ns
  Timing Exception:       False Path

    Location             Delay type                Incr(ns)  Path(ns)    Netlist Resource(s)
  -------------------------------------------------------------------    -------------------
                         (clock clk_pixel_vga_system_clk_wiz_0_1 rise edge)
                                                      0.000     0.000 r  
    K17                                               0.000     0.000 r  i_clk (IN)
                         net (fo=0)                   0.000     0.000    i_clk
    K17                  IBUF (Prop_ibuf_I_O)         1.492     1.492 r  i_clk_IBUF_inst/O
                         net (fo=2, routed)           1.285     2.777    periph_vga/u_system/vga_system_i/clk_wiz_0/inst/clk_in1
    MMCME2_ADV_X0Y1      MMCME2_ADV (Prop_mmcme2_adv_CLKIN1_CLKOUT0)
                                                     -6.996    -4.219 r  periph_vga/u_system/vga_system_i/clk_wiz_0/inst/mmcm_adv_inst/CLKOUT0
                         net (fo=1, routed)           1.760    -2.459    periph_vga/u_system/vga_system_i/clk_wiz_0/inst/clk_pixel_vga_system_clk_wiz_0_1
    BUFGCTRL_X0Y30       BUFG (Prop_bufg_I_O)         0.101    -2.358 r  periph_vga/u_system/vga_system_i/clk_wiz_0/inst/clkout1_buf/O
                         net (fo=169, routed)         1.673    -0.685    <hidden>
    SLICE_X10Y18         FDRE                                         r  <hidden>
  -------------------------------------------------------------------    -------------------
    SLICE_X10Y18         FDRE (Prop_fdre_C_Q)         0.478    -0.207 r  <hidden>
                         net (fo=1, routed)           0.853     0.646    <hidden>
    SLICE_X10Y18         FDRE                                         r  <hidden>
  -------------------------------------------------------------------    -------------------

                         (clock clk_pixel_vga_system_clk_wiz_0_1 rise edge)
                                                      0.000     0.000 r  
    K17                                               0.000     0.000 r  i_clk (IN)
                         net (fo=0)                   0.000     0.000    i_clk
    K17                  IBUF (Prop_ibuf_I_O)         1.421     1.421 r  i_clk_IBUF_inst/O
                         net (fo=2, routed)           1.162     2.583    periph_vga/u_system/vga_system_i/clk_wiz_0/inst/clk_in1
    MMCME2_ADV_X0Y1      MMCME2_ADV (Prop_mmcme2_adv_CLKIN1_CLKOUT0)
                                                     -7.105    -4.522 r  periph_vga/u_system/vga_system_i/clk_wiz_0/inst/mmcm_adv_inst/CLKOUT0
                         net (fo=1, routed)           1.599    -2.923    periph_vga/u_system/vga_system_i/clk_wiz_0/inst/clk_pixel_vga_system_clk_wiz_0_1
    BUFGCTRL_X0Y30       BUFG (Prop_bufg_I_O)         0.091    -2.832 r  periph_vga/u_system/vga_system_i/clk_wiz_0/inst/clkout1_buf/O
                         net (fo=169, routed)         1.500    -1.331    <hidden>
    SLICE_X10Y18         FDRE                                         r  <hidden>

Slack:                    inf
  Source:                 <hidden>
                            (rising edge-triggered cell FDPE clocked by clk_pixel_vga_system_clk_wiz_0_1  {rise@0.000ns fall@19.862ns period=39.724ns})
  Destination:            <hidden>
                            (recovery check against rising-edge clock clk_pixel_vga_system_clk_wiz_0_1  {rise@0.000ns fall@19.862ns period=39.724ns})
  Path Group:             (none)
  Path Type:              Recovery (Max at Slow Process Corner)
  Data Path Delay:        1.099ns  (logic 0.419ns (38.125%)  route 0.680ns (61.875%))
  Logic Levels:           0  
  Clock Path Skew:        -0.645ns (DCD - SCD + CPR)
    Destination Clock Delay (DCD):    -1.331ns
    Source Clock Delay      (SCD):    -0.686ns
    Clock Pessimism Removal (CPR):    0.000ns
  Clock Uncertainty:      0.150ns  ((TSJ^2 + DJ^2)^1/2) / 2 + PE
    Total System Jitter     (TSJ):    0.071ns
    Discrete Jitter          (DJ):    0.292ns
    Phase Error              (PE):    0.000ns
  Timing Exception:       False Path

    Location             Delay type                Incr(ns)  Path(ns)    Netlist Resource(s)
  -------------------------------------------------------------------    -------------------
                         (clock clk_pixel_vga_system_clk_wiz_0_1 rise edge)
                                                      0.000     0.000 r  
    K17                                               0.000     0.000 r  i_clk (IN)
                         net (fo=0)                   0.000     0.000    i_clk
    K17                  IBUF (Prop_ibuf_I_O)         1.492     1.492 r  i_clk_IBUF_inst/O
                         net (fo=2, routed)           1.285     2.777    periph_vga/u_system/vga_system_i/clk_wiz_0/inst/clk_in1
    MMCME2_ADV_X0Y1      MMCME2_ADV (Prop_mmcme2_adv_CLKIN1_CLKOUT0)
                                                     -6.996    -4.219 r  periph_vga/u_system/vga_system_i/clk_wiz_0/inst/mmcm_adv_inst/CLKOUT0
                         net (fo=1, routed)           1.760    -2.459    periph_vga/u_system/vga_system_i/clk_wiz_0/inst/clk_pixel_vga_system_clk_wiz_0_1
    BUFGCTRL_X0Y30       BUFG (Prop_bufg_I_O)         0.101    -2.358 r  periph_vga/u_system/vga_system_i/clk_wiz_0/inst/clkout1_buf/O
                         net (fo=169, routed)         1.672    -0.686    <hidden>
    SLICE_X7Y19          FDPE                                         r  <hidden>
  -------------------------------------------------------------------    -------------------
    SLICE_X7Y19          FDPE (Prop_fdpe_C_Q)         0.419    -0.267 f  <hidden>
                         net (fo=1, routed)           0.680     0.413    <hidden>
    SLICE_X13Y18         FDPE                                         f  <hidden>
  -------------------------------------------------------------------    -------------------

                         (clock clk_pixel_vga_system_clk_wiz_0_1 rise edge)
                                                      0.000     0.000 r  
    K17                                               0.000     0.000 r  i_clk (IN)
                         net (fo=0)                   0.000     0.000    i_clk
    K17                  IBUF (Prop_ibuf_I_O)         1.421     1.421 r  i_clk_IBUF_inst/O
                         net (fo=2, routed)           1.162     2.583    periph_vga/u_system/vga_system_i/clk_wiz_0/inst/clk_in1
    MMCME2_ADV_X0Y1      MMCME2_ADV (Prop_mmcme2_adv_CLKIN1_CLKOUT0)
                                                     -7.105    -4.522 r  periph_vga/u_system/vga_system_i/clk_wiz_0/inst/mmcm_adv_inst/CLKOUT0
                         net (fo=1, routed)           1.599    -2.923    periph_vga/u_system/vga_system_i/clk_wiz_0/inst/clk_pixel_vga_system_clk_wiz_0_1
    BUFGCTRL_X0Y30       BUFG (Prop_bufg_I_O)         0.091    -2.832 r  periph_vga/u_system/vga_system_i/clk_wiz_0/inst/clkout1_buf/O
                         net (fo=169, routed)         1.500    -1.331    <hidden>
    SLICE_X13Y18         FDPE                                         r  <hidden>

Slack:                    inf
  Source:                 <hidden>
                            (rising edge-triggered cell FDPE clocked by clk_pixel_vga_system_clk_wiz_0_1  {rise@0.000ns fall@19.862ns period=39.724ns})
  Destination:            <hidden>
                            (rising edge-triggered cell FDPE clocked by clk_pixel_vga_system_clk_wiz_0_1  {rise@0.000ns fall@19.862ns period=39.724ns})
  Path Group:             (none)
  Path Type:              Setup (Max at Slow Process Corner)
  Data Path Delay:        1.096ns  (logic 0.580ns (52.913%)  route 0.516ns (47.087%))
  Logic Levels:           1  (LUT2=1)
  Clock Path Skew:        -0.646ns (DCD - SCD + CPR)
    Destination Clock Delay (DCD):    -1.331ns
    Source Clock Delay      (SCD):    -0.685ns
    Clock Pessimism Removal (CPR):    0.000ns
  Clock Uncertainty:      0.150ns  ((TSJ^2 + DJ^2)^1/2) / 2 + PE
    Total System Jitter     (TSJ):    0.071ns
    Discrete Jitter          (DJ):    0.292ns
    Phase Error              (PE):    0.000ns
  Timing Exception:       False Path

    Location             Delay type                Incr(ns)  Path(ns)    Netlist Resource(s)
  -------------------------------------------------------------------    -------------------
                         (clock clk_pixel_vga_system_clk_wiz_0_1 rise edge)
                                                      0.000     0.000 r  
    K17                                               0.000     0.000 r  i_clk (IN)
                         net (fo=0)                   0.000     0.000    i_clk
    K17                  IBUF (Prop_ibuf_I_O)         1.492     1.492 r  i_clk_IBUF_inst/O
                         net (fo=2, routed)           1.285     2.777    periph_vga/u_system/vga_system_i/clk_wiz_0/inst/clk_in1
    MMCME2_ADV_X0Y1      MMCME2_ADV (Prop_mmcme2_adv_CLKIN1_CLKOUT0)
                                                     -6.996    -4.219 r  periph_vga/u_system/vga_system_i/clk_wiz_0/inst/mmcm_adv_inst/CLKOUT0
                         net (fo=1, routed)           1.760    -2.459    periph_vga/u_system/vga_system_i/clk_wiz_0/inst/clk_pixel_vga_system_clk_wiz_0_1
    BUFGCTRL_X0Y30       BUFG (Prop_bufg_I_O)         0.101    -2.358 r  periph_vga/u_system/vga_system_i/clk_wiz_0/inst/clkout1_buf/O
                         net (fo=169, routed)         1.673    -0.685    <hidden>
    SLICE_X13Y18         FDPE                                         r  <hidden>
  -------------------------------------------------------------------    -------------------
    SLICE_X13Y18         FDPE (Prop_fdpe_C_Q)         0.456    -0.229 r  <hidden>
                         net (fo=3, routed)           0.516     0.287    <hidden>
    SLICE_X13Y18         LUT2 (Prop_lut2_I0_O)        0.124     0.411 r  <hidden>
                         net (fo=1, routed)           0.000     0.411    <hidden>
    SLICE_X13Y18         FDPE                                         r  <hidden>
  -------------------------------------------------------------------    -------------------

                         (clock clk_pixel_vga_system_clk_wiz_0_1 rise edge)
                                                      0.000     0.000 r  
    K17                                               0.000     0.000 r  i_clk (IN)
                         net (fo=0)                   0.000     0.000    i_clk
    K17                  IBUF (Prop_ibuf_I_O)         1.421     1.421 r  i_clk_IBUF_inst/O
                         net (fo=2, routed)           1.162     2.583    periph_vga/u_system/vga_system_i/clk_wiz_0/inst/clk_in1
    MMCME2_ADV_X0Y1      MMCME2_ADV (Prop_mmcme2_adv_CLKIN1_CLKOUT0)
                                                     -7.105    -4.522 r  periph_vga/u_system/vga_system_i/clk_wiz_0/inst/mmcm_adv_inst/CLKOUT0
                         net (fo=1, routed)           1.599    -2.923    periph_vga/u_system/vga_system_i/clk_wiz_0/inst/clk_pixel_vga_system_clk_wiz_0_1
    BUFGCTRL_X0Y30       BUFG (Prop_bufg_I_O)         0.091    -2.832 r  periph_vga/u_system/vga_system_i/clk_wiz_0/inst/clkout1_buf/O
                         net (fo=169, routed)         1.500    -1.331    <hidden>
    SLICE_X13Y18         FDPE                                         r  <hidden>

Slack:                    inf
  Source:                 <hidden>
                            (rising edge-triggered cell FDRE clocked by clk_pixel_vga_system_clk_wiz_0_1  {rise@0.000ns fall@19.862ns period=39.724ns})
  Destination:            <hidden>
                            (rising edge-triggered cell FDRE clocked by clk_pixel_vga_system_clk_wiz_0_1  {rise@0.000ns fall@19.862ns period=39.724ns})
  Path Group:             (none)
  Path Type:              Setup (Max at Slow Process Corner)
  Data Path Delay:        0.832ns  (logic 0.478ns (57.419%)  route 0.354ns (42.581%))
  Logic Levels:           0  
  Clock Path Skew:        -0.646ns (DCD - SCD + CPR)
    Destination Clock Delay (DCD):    -1.331ns
    Source Clock Delay      (SCD):    -0.685ns
    Clock Pessimism Removal (CPR):    0.000ns
  Clock Uncertainty:      0.150ns  ((TSJ^2 + DJ^2)^1/2) / 2 + PE
    Total System Jitter     (TSJ):    0.071ns
    Discrete Jitter          (DJ):    0.292ns
    Phase Error              (PE):    0.000ns
  Timing Exception:       False Path

    Location             Delay type                Incr(ns)  Path(ns)    Netlist Resource(s)
  -------------------------------------------------------------------    -------------------
                         (clock clk_pixel_vga_system_clk_wiz_0_1 rise edge)
                                                      0.000     0.000 r  
    K17                                               0.000     0.000 r  i_clk (IN)
                         net (fo=0)                   0.000     0.000    i_clk
    K17                  IBUF (Prop_ibuf_I_O)         1.492     1.492 r  i_clk_IBUF_inst/O
                         net (fo=2, routed)           1.285     2.777    periph_vga/u_system/vga_system_i/clk_wiz_0/inst/clk_in1
    MMCME2_ADV_X0Y1      MMCME2_ADV (Prop_mmcme2_adv_CLKIN1_CLKOUT0)
                                                     -6.996    -4.219 r  periph_vga/u_system/vga_system_i/clk_wiz_0/inst/mmcm_adv_inst/CLKOUT0
                         net (fo=1, routed)           1.760    -2.459    periph_vga/u_system/vga_system_i/clk_wiz_0/inst/clk_pixel_vga_system_clk_wiz_0_1
    BUFGCTRL_X0Y30       BUFG (Prop_bufg_I_O)         0.101    -2.358 r  periph_vga/u_system/vga_system_i/clk_wiz_0/inst/clkout1_buf/O
                         net (fo=169, routed)         1.673    -0.685    <hidden>
    SLICE_X10Y18         FDRE                                         r  <hidden>
  -------------------------------------------------------------------    -------------------
    SLICE_X10Y18         FDRE (Prop_fdre_C_Q)         0.478    -0.207 r  <hidden>
                         net (fo=1, routed)           0.354     0.147    <hidden>
    SLICE_X10Y18         FDRE                                         r  <hidden>
  -------------------------------------------------------------------    -------------------

                         (clock clk_pixel_vga_system_clk_wiz_0_1 rise edge)
                                                      0.000     0.000 r  
    K17                                               0.000     0.000 r  i_clk (IN)
                         net (fo=0)                   0.000     0.000    i_clk
    K17                  IBUF (Prop_ibuf_I_O)         1.421     1.421 r  i_clk_IBUF_inst/O
                         net (fo=2, routed)           1.162     2.583    periph_vga/u_system/vga_system_i/clk_wiz_0/inst/clk_in1
    MMCME2_ADV_X0Y1      MMCME2_ADV (Prop_mmcme2_adv_CLKIN1_CLKOUT0)
                                                     -7.105    -4.522 r  periph_vga/u_system/vga_system_i/clk_wiz_0/inst/mmcm_adv_inst/CLKOUT0
                         net (fo=1, routed)           1.599    -2.923    periph_vga/u_system/vga_system_i/clk_wiz_0/inst/clk_pixel_vga_system_clk_wiz_0_1
    BUFGCTRL_X0Y30       BUFG (Prop_bufg_I_O)         0.091    -2.832 r  periph_vga/u_system/vga_system_i/clk_wiz_0/inst/clkout1_buf/O
                         net (fo=169, routed)         1.500    -1.331    <hidden>
    SLICE_X10Y18         FDRE                                         r  <hidden>

Slack:                    inf
  Source:                 <hidden>
                            (rising edge-triggered cell FDRE clocked by clk_pixel_vga_system_clk_wiz_0_1  {rise@0.000ns fall@19.862ns period=39.724ns})
  Destination:            <hidden>
                            (rising edge-triggered cell FDRE clocked by clk_pixel_vga_system_clk_wiz_0_1  {rise@0.000ns fall@19.862ns period=39.724ns})
  Path Group:             (none)
  Path Type:              Setup (Max at Slow Process Corner)
  Data Path Delay:        0.814ns  (logic 0.478ns (58.722%)  route 0.336ns (41.278%))
  Logic Levels:           0  
  Clock Path Skew:        -0.646ns (DCD - SCD + CPR)
    Destination Clock Delay (DCD):    -1.331ns
    Source Clock Delay      (SCD):    -0.685ns
    Clock Pessimism Removal (CPR):    0.000ns
  Clock Uncertainty:      0.150ns  ((TSJ^2 + DJ^2)^1/2) / 2 + PE
    Total System Jitter     (TSJ):    0.071ns
    Discrete Jitter          (DJ):    0.292ns
    Phase Error              (PE):    0.000ns
  Timing Exception:       False Path

    Location             Delay type                Incr(ns)  Path(ns)    Netlist Resource(s)
  -------------------------------------------------------------------    -------------------
                         (clock clk_pixel_vga_system_clk_wiz_0_1 rise edge)
                                                      0.000     0.000 r  
    K17                                               0.000     0.000 r  i_clk (IN)
                         net (fo=0)                   0.000     0.000    i_clk
    K17                  IBUF (Prop_ibuf_I_O)         1.492     1.492 r  i_clk_IBUF_inst/O
                         net (fo=2, routed)           1.285     2.777    periph_vga/u_system/vga_system_i/clk_wiz_0/inst/clk_in1
    MMCME2_ADV_X0Y1      MMCME2_ADV (Prop_mmcme2_adv_CLKIN1_CLKOUT0)
                                                     -6.996    -4.219 r  periph_vga/u_system/vga_system_i/clk_wiz_0/inst/mmcm_adv_inst/CLKOUT0
                         net (fo=1, routed)           1.760    -2.459    periph_vga/u_system/vga_system_i/clk_wiz_0/inst/clk_pixel_vga_system_clk_wiz_0_1
    BUFGCTRL_X0Y30       BUFG (Prop_bufg_I_O)         0.101    -2.358 r  periph_vga/u_system/vga_system_i/clk_wiz_0/inst/clkout1_buf/O
                         net (fo=169, routed)         1.673    -0.685    <hidden>
    SLICE_X10Y18         FDRE                                         r  <hidden>
  -------------------------------------------------------------------    -------------------
    SLICE_X10Y18         FDRE (Prop_fdre_C_Q)         0.478    -0.207 r  <hidden>
                         net (fo=1, routed)           0.336     0.129    <hidden>
    SLICE_X10Y18         FDRE                                         r  <hidden>
  -------------------------------------------------------------------    -------------------

                         (clock clk_pixel_vga_system_clk_wiz_0_1 rise edge)
                                                      0.000     0.000 r  
    K17                                               0.000     0.000 r  i_clk (IN)
                         net (fo=0)                   0.000     0.000    i_clk
    K17                  IBUF (Prop_ibuf_I_O)         1.421     1.421 r  i_clk_IBUF_inst/O
                         net (fo=2, routed)           1.162     2.583    periph_vga/u_system/vga_system_i/clk_wiz_0/inst/clk_in1
    MMCME2_ADV_X0Y1      MMCME2_ADV (Prop_mmcme2_adv_CLKIN1_CLKOUT0)
                                                     -7.105    -4.522 r  periph_vga/u_system/vga_system_i/clk_wiz_0/inst/mmcm_adv_inst/CLKOUT0
                         net (fo=1, routed)           1.599    -2.923    periph_vga/u_system/vga_system_i/clk_wiz_0/inst/clk_pixel_vga_system_clk_wiz_0_1
    BUFGCTRL_X0Y30       BUFG (Prop_bufg_I_O)         0.091    -2.832 r  periph_vga/u_system/vga_system_i/clk_wiz_0/inst/clkout1_buf/O
                         net (fo=169, routed)         1.500    -1.331    <hidden>
    SLICE_X10Y18         FDRE                                         r  <hidden>

Slack:                    inf
  Source:                 <hidden>
                            (rising edge-triggered cell FDRE clocked by clk_pixel_vga_system_clk_wiz_0_1  {rise@0.000ns fall@19.862ns period=39.724ns})
  Destination:            <hidden>
                            (rising edge-triggered cell FDRE clocked by clk_pixel_vga_system_clk_wiz_0_1  {rise@0.000ns fall@19.862ns period=39.724ns})
  Path Group:             (none)
  Path Type:              Setup (Max at Slow Process Corner)
  Data Path Delay:        0.708ns  (logic 0.518ns (73.174%)  route 0.190ns (26.826%))
  Logic Levels:           0  
  Clock Path Skew:        -0.646ns (DCD - SCD + CPR)
    Destination Clock Delay (DCD):    -1.331ns
    Source Clock Delay      (SCD):    -0.685ns
    Clock Pessimism Removal (CPR):    0.000ns
  Clock Uncertainty:      0.150ns  ((TSJ^2 + DJ^2)^1/2) / 2 + PE
    Total System Jitter     (TSJ):    0.071ns
    Discrete Jitter          (DJ):    0.292ns
    Phase Error              (PE):    0.000ns
  Timing Exception:       False Path

    Location             Delay type                Incr(ns)  Path(ns)    Netlist Resource(s)
  -------------------------------------------------------------------    -------------------
                         (clock clk_pixel_vga_system_clk_wiz_0_1 rise edge)
                                                      0.000     0.000 r  
    K17                                               0.000     0.000 r  i_clk (IN)
                         net (fo=0)                   0.000     0.000    i_clk
    K17                  IBUF (Prop_ibuf_I_O)         1.492     1.492 r  i_clk_IBUF_inst/O
                         net (fo=2, routed)           1.285     2.777    periph_vga/u_system/vga_system_i/clk_wiz_0/inst/clk_in1
    MMCME2_ADV_X0Y1      MMCME2_ADV (Prop_mmcme2_adv_CLKIN1_CLKOUT0)
                                                     -6.996    -4.219 r  periph_vga/u_system/vga_system_i/clk_wiz_0/inst/mmcm_adv_inst/CLKOUT0
                         net (fo=1, routed)           1.760    -2.459    periph_vga/u_system/vga_system_i/clk_wiz_0/inst/clk_pixel_vga_system_clk_wiz_0_1
    BUFGCTRL_X0Y30       BUFG (Prop_bufg_I_O)         0.101    -2.358 r  periph_vga/u_system/vga_system_i/clk_wiz_0/inst/clkout1_buf/O
                         net (fo=169, routed)         1.673    -0.685    <hidden>
    SLICE_X10Y18         FDRE                                         r  <hidden>
  -------------------------------------------------------------------    -------------------
    SLICE_X10Y18         FDRE (Prop_fdre_C_Q)         0.518    -0.167 r  <hidden>
                         net (fo=1, routed)           0.190     0.023    <hidden>
    SLICE_X10Y18         FDRE                                         r  <hidden>
  -------------------------------------------------------------------    -------------------

                         (clock clk_pixel_vga_system_clk_wiz_0_1 rise edge)
                                                      0.000     0.000 r  
    K17                                               0.000     0.000 r  i_clk (IN)
                         net (fo=0)                   0.000     0.000    i_clk
    K17                  IBUF (Prop_ibuf_I_O)         1.421     1.421 r  i_clk_IBUF_inst/O
                         net (fo=2, routed)           1.162     2.583    periph_vga/u_system/vga_system_i/clk_wiz_0/inst/clk_in1
    MMCME2_ADV_X0Y1      MMCME2_ADV (Prop_mmcme2_adv_CLKIN1_CLKOUT0)
                                                     -7.105    -4.522 r  periph_vga/u_system/vga_system_i/clk_wiz_0/inst/mmcm_adv_inst/CLKOUT0
                         net (fo=1, routed)           1.599    -2.923    periph_vga/u_system/vga_system_i/clk_wiz_0/inst/clk_pixel_vga_system_clk_wiz_0_1
    BUFGCTRL_X0Y30       BUFG (Prop_bufg_I_O)         0.091    -2.832 r  periph_vga/u_system/vga_system_i/clk_wiz_0/inst/clkout1_buf/O
                         net (fo=169, routed)         1.500    -1.331    <hidden>
    SLICE_X10Y18         FDRE                                         r  <hidden>

Slack:                    inf
  Source:                 <hidden>
                            (rising edge-triggered cell FDRE clocked by clk_pixel_vga_system_clk_wiz_0_1  {rise@0.000ns fall@19.862ns period=39.724ns})
  Destination:            <hidden>
                            (rising edge-triggered cell FDRE clocked by clk_pixel_vga_system_clk_wiz_0_1  {rise@0.000ns fall@19.862ns period=39.724ns})
  Path Group:             (none)
  Path Type:              Setup (Max at Slow Process Corner)
  Data Path Delay:        0.708ns  (logic 0.518ns (73.174%)  route 0.190ns (26.826%))
  Logic Levels:           0  
  Clock Path Skew:        -0.646ns (DCD - SCD + CPR)
    Destination Clock Delay (DCD):    -1.331ns
    Source Clock Delay      (SCD):    -0.685ns
    Clock Pessimism Removal (CPR):    0.000ns
  Clock Uncertainty:      0.150ns  ((TSJ^2 + DJ^2)^1/2) / 2 + PE
    Total System Jitter     (TSJ):    0.071ns
    Discrete Jitter          (DJ):    0.292ns
    Phase Error              (PE):    0.000ns
  Timing Exception:       False Path

    Location             Delay type                Incr(ns)  Path(ns)    Netlist Resource(s)
  -------------------------------------------------------------------    -------------------
                         (clock clk_pixel_vga_system_clk_wiz_0_1 rise edge)
                                                      0.000     0.000 r  
    K17                                               0.000     0.000 r  i_clk (IN)
                         net (fo=0)                   0.000     0.000    i_clk
    K17                  IBUF (Prop_ibuf_I_O)         1.492     1.492 r  i_clk_IBUF_inst/O
                         net (fo=2, routed)           1.285     2.777    periph_vga/u_system/vga_system_i/clk_wiz_0/inst/clk_in1
    MMCME2_ADV_X0Y1      MMCME2_ADV (Prop_mmcme2_adv_CLKIN1_CLKOUT0)
                                                     -6.996    -4.219 r  periph_vga/u_system/vga_system_i/clk_wiz_0/inst/mmcm_adv_inst/CLKOUT0
                         net (fo=1, routed)           1.760    -2.459    periph_vga/u_system/vga_system_i/clk_wiz_0/inst/clk_pixel_vga_system_clk_wiz_0_1
    BUFGCTRL_X0Y30       BUFG (Prop_bufg_I_O)         0.101    -2.358 r  periph_vga/u_system/vga_system_i/clk_wiz_0/inst/clkout1_buf/O
                         net (fo=169, routed)         1.673    -0.685    <hidden>
    SLICE_X10Y18         FDRE                                         r  <hidden>
  -------------------------------------------------------------------    -------------------
    SLICE_X10Y18         FDRE (Prop_fdre_C_Q)         0.518    -0.167 r  <hidden>
                         net (fo=1, routed)           0.190     0.023    <hidden>
    SLICE_X10Y18         FDRE                                         r  <hidden>
  -------------------------------------------------------------------    -------------------

                         (clock clk_pixel_vga_system_clk_wiz_0_1 rise edge)
                                                      0.000     0.000 r  
    K17                                               0.000     0.000 r  i_clk (IN)
                         net (fo=0)                   0.000     0.000    i_clk
    K17                  IBUF (Prop_ibuf_I_O)         1.421     1.421 r  i_clk_IBUF_inst/O
                         net (fo=2, routed)           1.162     2.583    periph_vga/u_system/vga_system_i/clk_wiz_0/inst/clk_in1
    MMCME2_ADV_X0Y1      MMCME2_ADV (Prop_mmcme2_adv_CLKIN1_CLKOUT0)
                                                     -7.105    -4.522 r  periph_vga/u_system/vga_system_i/clk_wiz_0/inst/mmcm_adv_inst/CLKOUT0
                         net (fo=1, routed)           1.599    -2.923    periph_vga/u_system/vga_system_i/clk_wiz_0/inst/clk_pixel_vga_system_clk_wiz_0_1
    BUFGCTRL_X0Y30       BUFG (Prop_bufg_I_O)         0.091    -2.832 r  periph_vga/u_system/vga_system_i/clk_wiz_0/inst/clkout1_buf/O
                         net (fo=169, routed)         1.500    -1.331    <hidden>
    SLICE_X10Y18         FDRE                                         r  <hidden>

Slack:                    inf
  Source:                 <hidden>
                            (rising edge-triggered cell FDPE clocked by clk_pixel_vga_system_clk_wiz_0_1  {rise@0.000ns fall@19.862ns period=39.724ns})
  Destination:            <hidden>
                            (rising edge-triggered cell SRL16E clocked by clk_pixel_vga_system_clk_wiz_0_1  {rise@0.000ns fall@19.862ns period=39.724ns})
  Path Group:             (none)
  Path Type:              Setup (Max at Slow Process Corner)
  Data Path Delay:        0.669ns  (logic 0.456ns (68.148%)  route 0.213ns (31.852%))
  Logic Levels:           0  
  Clock Path Skew:        -0.646ns (DCD - SCD + CPR)
    Destination Clock Delay (DCD):    -1.331ns
    Source Clock Delay      (SCD):    -0.685ns
    Clock Pessimism Removal (CPR):    0.000ns
  Clock Uncertainty:      0.150ns  ((TSJ^2 + DJ^2)^1/2) / 2 + PE
    Total System Jitter     (TSJ):    0.071ns
    Discrete Jitter          (DJ):    0.292ns
    Phase Error              (PE):    0.000ns
  Timing Exception:       False Path

    Location             Delay type                Incr(ns)  Path(ns)    Netlist Resource(s)
  -------------------------------------------------------------------    -------------------
                         (clock clk_pixel_vga_system_clk_wiz_0_1 rise edge)
                                                      0.000     0.000 r  
    K17                                               0.000     0.000 r  i_clk (IN)
                         net (fo=0)                   0.000     0.000    i_clk
    K17                  IBUF (Prop_ibuf_I_O)         1.492     1.492 r  i_clk_IBUF_inst/O
                         net (fo=2, routed)           1.285     2.777    periph_vga/u_system/vga_system_i/clk_wiz_0/inst/clk_in1
    MMCME2_ADV_X0Y1      MMCME2_ADV (Prop_mmcme2_adv_CLKIN1_CLKOUT0)
                                                     -6.996    -4.219 r  periph_vga/u_system/vga_system_i/clk_wiz_0/inst/mmcm_adv_inst/CLKOUT0
                         net (fo=1, routed)           1.760    -2.459    periph_vga/u_system/vga_system_i/clk_wiz_0/inst/clk_pixel_vga_system_clk_wiz_0_1
    BUFGCTRL_X0Y30       BUFG (Prop_bufg_I_O)         0.101    -2.358 r  periph_vga/u_system/vga_system_i/clk_wiz_0/inst/clkout1_buf/O
                         net (fo=169, routed)         1.673    -0.685    <hidden>
    SLICE_X13Y18         FDPE                                         r  <hidden>
  -------------------------------------------------------------------    -------------------
    SLICE_X13Y18         FDPE (Prop_fdpe_C_Q)         0.456    -0.229 r  <hidden>
                         net (fo=3, routed)           0.213    -0.016    <hidden>
    SLICE_X12Y18         SRL16E                                       r  <hidden>
  -------------------------------------------------------------------    -------------------

                         (clock clk_pixel_vga_system_clk_wiz_0_1 rise edge)
                                                      0.000     0.000 r  
    K17                                               0.000     0.000 r  i_clk (IN)
                         net (fo=0)                   0.000     0.000    i_clk
    K17                  IBUF (Prop_ibuf_I_O)         1.421     1.421 r  i_clk_IBUF_inst/O
                         net (fo=2, routed)           1.162     2.583    periph_vga/u_system/vga_system_i/clk_wiz_0/inst/clk_in1
    MMCME2_ADV_X0Y1      MMCME2_ADV (Prop_mmcme2_adv_CLKIN1_CLKOUT0)
                                                     -7.105    -4.522 r  periph_vga/u_system/vga_system_i/clk_wiz_0/inst/mmcm_adv_inst/CLKOUT0
                         net (fo=1, routed)           1.599    -2.923    periph_vga/u_system/vga_system_i/clk_wiz_0/inst/clk_pixel_vga_system_clk_wiz_0_1
    BUFGCTRL_X0Y30       BUFG (Prop_bufg_I_O)         0.091    -2.832 r  periph_vga/u_system/vga_system_i/clk_wiz_0/inst/clkout1_buf/O
                         net (fo=169, routed)         1.500    -1.331    <hidden>
    SLICE_X12Y18         SRL16E                                       r  <hidden>





Min Delay Paths
--------------------------------------------------------------------------------------
Slack:                    inf
  Source:                 <hidden>
                            (rising edge-triggered cell FDPE clocked by clk_pixel_vga_system_clk_wiz_0_1  {rise@0.000ns fall@19.862ns period=39.724ns})
  Destination:            <hidden>
                            (rising edge-triggered cell SRL16E clocked by clk_pixel_vga_system_clk_wiz_0_1  {rise@0.000ns fall@19.862ns period=39.724ns})
  Path Group:             (none)
  Path Type:              Hold (Min at Slow Process Corner)
  Data Path Delay:        0.549ns  (logic 0.367ns (66.832%)  route 0.182ns (33.168%))
  Logic Levels:           0  
  Clock Path Skew:        0.646ns (DCD - SCD - CPR)
    Destination Clock Delay (DCD):    -0.685ns
    Source Clock Delay      (SCD):    -1.331ns
    Clock Pessimism Removal (CPR):    -0.000ns
  Clock Uncertainty:      0.150ns  ((TSJ^2 + DJ^2)^1/2) / 2 + PE
    Total System Jitter     (TSJ):    0.071ns
    Discrete Jitter          (DJ):    0.292ns
    Phase Error              (PE):    0.000ns
  Timing Exception:       False Path

    Location             Delay type                Incr(ns)  Path(ns)    Netlist Resource(s)
  -------------------------------------------------------------------    -------------------
                         (clock clk_pixel_vga_system_clk_wiz_0_1 rise edge)
                                                      0.000     0.000 r  
    K17                                               0.000     0.000 r  i_clk (IN)
                         net (fo=0)                   0.000     0.000    i_clk
    K17                  IBUF (Prop_ibuf_I_O)         1.421     1.421 r  i_clk_IBUF_inst/O
                         net (fo=2, routed)           1.162     2.583    periph_vga/u_system/vga_system_i/clk_wiz_0/inst/clk_in1
    MMCME2_ADV_X0Y1      MMCME2_ADV (Prop_mmcme2_adv_CLKIN1_CLKOUT0)
                                                     -7.105    -4.522 r  periph_vga/u_system/vga_system_i/clk_wiz_0/inst/mmcm_adv_inst/CLKOUT0
                         net (fo=1, routed)           1.599    -2.923    periph_vga/u_system/vga_system_i/clk_wiz_0/inst/clk_pixel_vga_system_clk_wiz_0_1
    BUFGCTRL_X0Y30       BUFG (Prop_bufg_I_O)         0.091    -2.832 r  periph_vga/u_system/vga_system_i/clk_wiz_0/inst/clkout1_buf/O
                         net (fo=169, routed)         1.500    -1.331    <hidden>
    SLICE_X13Y18         FDPE                                         r  <hidden>
  -------------------------------------------------------------------    -------------------
    SLICE_X13Y18         FDPE (Prop_fdpe_C_Q)         0.367    -0.964 r  <hidden>
                         net (fo=3, routed)           0.182    -0.782    <hidden>
    SLICE_X12Y18         SRL16E                                       r  <hidden>
  -------------------------------------------------------------------    -------------------

                         (clock clk_pixel_vga_system_clk_wiz_0_1 rise edge)
                                                      0.000     0.000 r  
    K17                                               0.000     0.000 r  i_clk (IN)
                         net (fo=0)                   0.000     0.000    i_clk
    K17                  IBUF (Prop_ibuf_I_O)         1.492     1.492 r  i_clk_IBUF_inst/O
                         net (fo=2, routed)           1.285     2.777    periph_vga/u_system/vga_system_i/clk_wiz_0/inst/clk_in1
    MMCME2_ADV_X0Y1      MMCME2_ADV (Prop_mmcme2_adv_CLKIN1_CLKOUT0)
                                                     -6.996    -4.219 r  periph_vga/u_system/vga_system_i/clk_wiz_0/inst/mmcm_adv_inst/CLKOUT0
                         net (fo=1, routed)           1.760    -2.459    periph_vga/u_system/vga_system_i/clk_wiz_0/inst/clk_pixel_vga_system_clk_wiz_0_1
    BUFGCTRL_X0Y30       BUFG (Prop_bufg_I_O)         0.101    -2.358 r  periph_vga/u_system/vga_system_i/clk_wiz_0/inst/clkout1_buf/O
                         net (fo=169, routed)         1.673    -0.685    <hidden>
    SLICE_X12Y18         SRL16E                                       r  <hidden>

Slack:                    inf
  Source:                 <hidden>
                            (rising edge-triggered cell FDRE clocked by clk_pixel_vga_system_clk_wiz_0_1  {rise@0.000ns fall@19.862ns period=39.724ns})
  Destination:            <hidden>
                            (rising edge-triggered cell FDRE clocked by clk_pixel_vga_system_clk_wiz_0_1  {rise@0.000ns fall@19.862ns period=39.724ns})
  Path Group:             (none)
  Path Type:              Hold (Min at Slow Process Corner)
  Data Path Delay:        0.577ns  (logic 0.418ns (72.456%)  route 0.159ns (27.544%))
  Logic Levels:           0  
  Clock Path Skew:        0.646ns (DCD - SCD - CPR)
    Destination Clock Delay (DCD):    -0.685ns
    Source Clock Delay      (SCD):    -1.331ns
    Clock Pessimism Removal (CPR):    -0.000ns
  Clock Uncertainty:      0.150ns  ((TSJ^2 + DJ^2)^1/2) / 2 + PE
    Total System Jitter     (TSJ):    0.071ns
    Discrete Jitter          (DJ):    0.292ns
    Phase Error              (PE):    0.000ns
  Timing Exception:       False Path

    Location             Delay type                Incr(ns)  Path(ns)    Netlist Resource(s)
  -------------------------------------------------------------------    -------------------
                         (clock clk_pixel_vga_system_clk_wiz_0_1 rise edge)
                                                      0.000     0.000 r  
    K17                                               0.000     0.000 r  i_clk (IN)
                         net (fo=0)                   0.000     0.000    i_clk
    K17                  IBUF (Prop_ibuf_I_O)         1.421     1.421 r  i_clk_IBUF_inst/O
                         net (fo=2, routed)           1.162     2.583    periph_vga/u_system/vga_system_i/clk_wiz_0/inst/clk_in1
    MMCME2_ADV_X0Y1      MMCME2_ADV (Prop_mmcme2_adv_CLKIN1_CLKOUT0)
                                                     -7.105    -4.522 r  periph_vga/u_system/vga_system_i/clk_wiz_0/inst/mmcm_adv_inst/CLKOUT0
                         net (fo=1, routed)           1.599    -2.923    periph_vga/u_system/vga_system_i/clk_wiz_0/inst/clk_pixel_vga_system_clk_wiz_0_1
    BUFGCTRL_X0Y30       BUFG (Prop_bufg_I_O)         0.091    -2.832 r  periph_vga/u_system/vga_system_i/clk_wiz_0/inst/clkout1_buf/O
                         net (fo=169, routed)         1.500    -1.331    <hidden>
    SLICE_X10Y18         FDRE                                         r  <hidden>
  -------------------------------------------------------------------    -------------------
    SLICE_X10Y18         FDRE (Prop_fdre_C_Q)         0.418    -0.913 r  <hidden>
                         net (fo=1, routed)           0.159    -0.754    <hidden>
    SLICE_X10Y18         FDRE                                         r  <hidden>
  -------------------------------------------------------------------    -------------------

                         (clock clk_pixel_vga_system_clk_wiz_0_1 rise edge)
                                                      0.000     0.000 r  
    K17                                               0.000     0.000 r  i_clk (IN)
                         net (fo=0)                   0.000     0.000    i_clk
    K17                  IBUF (Prop_ibuf_I_O)         1.492     1.492 r  i_clk_IBUF_inst/O
                         net (fo=2, routed)           1.285     2.777    periph_vga/u_system/vga_system_i/clk_wiz_0/inst/clk_in1
    MMCME2_ADV_X0Y1      MMCME2_ADV (Prop_mmcme2_adv_CLKIN1_CLKOUT0)
                                                     -6.996    -4.219 r  periph_vga/u_system/vga_system_i/clk_wiz_0/inst/mmcm_adv_inst/CLKOUT0
                         net (fo=1, routed)           1.760    -2.459    periph_vga/u_system/vga_system_i/clk_wiz_0/inst/clk_pixel_vga_system_clk_wiz_0_1
    BUFGCTRL_X0Y30       BUFG (Prop_bufg_I_O)         0.101    -2.358 r  periph_vga/u_system/vga_system_i/clk_wiz_0/inst/clkout1_buf/O
                         net (fo=169, routed)         1.673    -0.685    <hidden>
    SLICE_X10Y18         FDRE                                         r  <hidden>

Slack:                    inf
  Source:                 <hidden>
                            (rising edge-triggered cell FDRE clocked by clk_pixel_vga_system_clk_wiz_0_1  {rise@0.000ns fall@19.862ns period=39.724ns})
  Destination:            <hidden>
                            (rising edge-triggered cell FDRE clocked by clk_pixel_vga_system_clk_wiz_0_1  {rise@0.000ns fall@19.862ns period=39.724ns})
  Path Group:             (none)
  Path Type:              Hold (Min at Slow Process Corner)
  Data Path Delay:        0.577ns  (logic 0.418ns (72.456%)  route 0.159ns (27.544%))
  Logic Levels:           0  
  Clock Path Skew:        0.646ns (DCD - SCD - CPR)
    Destination Clock Delay (DCD):    -0.685ns
    Source Clock Delay      (SCD):    -1.331ns
    Clock Pessimism Removal (CPR):    -0.000ns
  Clock Uncertainty:      0.150ns  ((TSJ^2 + DJ^2)^1/2) / 2 + PE
    Total System Jitter     (TSJ):    0.071ns
    Discrete Jitter          (DJ):    0.292ns
    Phase Error              (PE):    0.000ns
  Timing Exception:       False Path

    Location             Delay type                Incr(ns)  Path(ns)    Netlist Resource(s)
  -------------------------------------------------------------------    -------------------
                         (clock clk_pixel_vga_system_clk_wiz_0_1 rise edge)
                                                      0.000     0.000 r  
    K17                                               0.000     0.000 r  i_clk (IN)
                         net (fo=0)                   0.000     0.000    i_clk
    K17                  IBUF (Prop_ibuf_I_O)         1.421     1.421 r  i_clk_IBUF_inst/O
                         net (fo=2, routed)           1.162     2.583    periph_vga/u_system/vga_system_i/clk_wiz_0/inst/clk_in1
    MMCME2_ADV_X0Y1      MMCME2_ADV (Prop_mmcme2_adv_CLKIN1_CLKOUT0)
                                                     -7.105    -4.522 r  periph_vga/u_system/vga_system_i/clk_wiz_0/inst/mmcm_adv_inst/CLKOUT0
                         net (fo=1, routed)           1.599    -2.923    periph_vga/u_system/vga_system_i/clk_wiz_0/inst/clk_pixel_vga_system_clk_wiz_0_1
    BUFGCTRL_X0Y30       BUFG (Prop_bufg_I_O)         0.091    -2.832 r  periph_vga/u_system/vga_system_i/clk_wiz_0/inst/clkout1_buf/O
                         net (fo=169, routed)         1.500    -1.331    <hidden>
    SLICE_X10Y18         FDRE                                         r  <hidden>
  -------------------------------------------------------------------    -------------------
    SLICE_X10Y18         FDRE (Prop_fdre_C_Q)         0.418    -0.913 r  <hidden>
                         net (fo=1, routed)           0.159    -0.754    <hidden>
    SLICE_X10Y18         FDRE                                         r  <hidden>
  -------------------------------------------------------------------    -------------------

                         (clock clk_pixel_vga_system_clk_wiz_0_1 rise edge)
                                                      0.000     0.000 r  
    K17                                               0.000     0.000 r  i_clk (IN)
                         net (fo=0)                   0.000     0.000    i_clk
    K17                  IBUF (Prop_ibuf_I_O)         1.492     1.492 r  i_clk_IBUF_inst/O
                         net (fo=2, routed)           1.285     2.777    periph_vga/u_system/vga_system_i/clk_wiz_0/inst/clk_in1
    MMCME2_ADV_X0Y1      MMCME2_ADV (Prop_mmcme2_adv_CLKIN1_CLKOUT0)
                                                     -6.996    -4.219 r  periph_vga/u_system/vga_system_i/clk_wiz_0/inst/mmcm_adv_inst/CLKOUT0
                         net (fo=1, routed)           1.760    -2.459    periph_vga/u_system/vga_system_i/clk_wiz_0/inst/clk_pixel_vga_system_clk_wiz_0_1
    BUFGCTRL_X0Y30       BUFG (Prop_bufg_I_O)         0.101    -2.358 r  periph_vga/u_system/vga_system_i/clk_wiz_0/inst/clkout1_buf/O
                         net (fo=169, routed)         1.673    -0.685    <hidden>
    SLICE_X10Y18         FDRE                                         r  <hidden>

Slack:                    inf
  Source:                 <hidden>
                            (rising edge-triggered cell FDRE clocked by clk_pixel_vga_system_clk_wiz_0_1  {rise@0.000ns fall@19.862ns period=39.724ns})
  Destination:            <hidden>
                            (rising edge-triggered cell FDRE clocked by clk_pixel_vga_system_clk_wiz_0_1  {rise@0.000ns fall@19.862ns period=39.724ns})
  Path Group:             (none)
  Path Type:              Hold (Min at Slow Process Corner)
  Data Path Delay:        0.667ns  (logic 0.385ns (57.721%)  route 0.282ns (42.279%))
  Logic Levels:           0  
  Clock Path Skew:        0.646ns (DCD - SCD - CPR)
    Destination Clock Delay (DCD):    -0.685ns
    Source Clock Delay      (SCD):    -1.331ns
    Clock Pessimism Removal (CPR):    -0.000ns
  Clock Uncertainty:      0.150ns  ((TSJ^2 + DJ^2)^1/2) / 2 + PE
    Total System Jitter     (TSJ):    0.071ns
    Discrete Jitter          (DJ):    0.292ns
    Phase Error              (PE):    0.000ns
  Timing Exception:       False Path

    Location             Delay type                Incr(ns)  Path(ns)    Netlist Resource(s)
  -------------------------------------------------------------------    -------------------
                         (clock clk_pixel_vga_system_clk_wiz_0_1 rise edge)
                                                      0.000     0.000 r  
    K17                                               0.000     0.000 r  i_clk (IN)
                         net (fo=0)                   0.000     0.000    i_clk
    K17                  IBUF (Prop_ibuf_I_O)         1.421     1.421 r  i_clk_IBUF_inst/O
                         net (fo=2, routed)           1.162     2.583    periph_vga/u_system/vga_system_i/clk_wiz_0/inst/clk_in1
    MMCME2_ADV_X0Y1      MMCME2_ADV (Prop_mmcme2_adv_CLKIN1_CLKOUT0)
                                                     -7.105    -4.522 r  periph_vga/u_system/vga_system_i/clk_wiz_0/inst/mmcm_adv_inst/CLKOUT0
                         net (fo=1, routed)           1.599    -2.923    periph_vga/u_system/vga_system_i/clk_wiz_0/inst/clk_pixel_vga_system_clk_wiz_0_1
    BUFGCTRL_X0Y30       BUFG (Prop_bufg_I_O)         0.091    -2.832 r  periph_vga/u_system/vga_system_i/clk_wiz_0/inst/clkout1_buf/O
                         net (fo=169, routed)         1.500    -1.331    <hidden>
    SLICE_X10Y18         FDRE                                         r  <hidden>
  -------------------------------------------------------------------    -------------------
    SLICE_X10Y18         FDRE (Prop_fdre_C_Q)         0.385    -0.946 r  <hidden>
                         net (fo=1, routed)           0.282    -0.664    <hidden>
    SLICE_X10Y18         FDRE                                         r  <hidden>
  -------------------------------------------------------------------    -------------------

                         (clock clk_pixel_vga_system_clk_wiz_0_1 rise edge)
                                                      0.000     0.000 r  
    K17                                               0.000     0.000 r  i_clk (IN)
                         net (fo=0)                   0.000     0.000    i_clk
    K17                  IBUF (Prop_ibuf_I_O)         1.492     1.492 r  i_clk_IBUF_inst/O
                         net (fo=2, routed)           1.285     2.777    periph_vga/u_system/vga_system_i/clk_wiz_0/inst/clk_in1
    MMCME2_ADV_X0Y1      MMCME2_ADV (Prop_mmcme2_adv_CLKIN1_CLKOUT0)
                                                     -6.996    -4.219 r  periph_vga/u_system/vga_system_i/clk_wiz_0/inst/mmcm_adv_inst/CLKOUT0
                         net (fo=1, routed)           1.760    -2.459    periph_vga/u_system/vga_system_i/clk_wiz_0/inst/clk_pixel_vga_system_clk_wiz_0_1
    BUFGCTRL_X0Y30       BUFG (Prop_bufg_I_O)         0.101    -2.358 r  periph_vga/u_system/vga_system_i/clk_wiz_0/inst/clkout1_buf/O
                         net (fo=169, routed)         1.673    -0.685    <hidden>
    SLICE_X10Y18         FDRE                                         r  <hidden>

Slack:                    inf
  Source:                 <hidden>
                            (rising edge-triggered cell FDRE clocked by clk_pixel_vga_system_clk_wiz_0_1  {rise@0.000ns fall@19.862ns period=39.724ns})
  Destination:            <hidden>
                            (rising edge-triggered cell FDRE clocked by clk_pixel_vga_system_clk_wiz_0_1  {rise@0.000ns fall@19.862ns period=39.724ns})
  Path Group:             (none)
  Path Type:              Hold (Min at Slow Process Corner)
  Data Path Delay:        0.682ns  (logic 0.385ns (56.412%)  route 0.297ns (43.588%))
  Logic Levels:           0  
  Clock Path Skew:        0.646ns (DCD - SCD - CPR)
    Destination Clock Delay (DCD):    -0.685ns
    Source Clock Delay      (SCD):    -1.331ns
    Clock Pessimism Removal (CPR):    -0.000ns
  Clock Uncertainty:      0.150ns  ((TSJ^2 + DJ^2)^1/2) / 2 + PE
    Total System Jitter     (TSJ):    0.071ns
    Discrete Jitter          (DJ):    0.292ns
    Phase Error              (PE):    0.000ns
  Timing Exception:       False Path

    Location             Delay type                Incr(ns)  Path(ns)    Netlist Resource(s)
  -------------------------------------------------------------------    -------------------
                         (clock clk_pixel_vga_system_clk_wiz_0_1 rise edge)
                                                      0.000     0.000 r  
    K17                                               0.000     0.000 r  i_clk (IN)
                         net (fo=0)                   0.000     0.000    i_clk
    K17                  IBUF (Prop_ibuf_I_O)         1.421     1.421 r  i_clk_IBUF_inst/O
                         net (fo=2, routed)           1.162     2.583    periph_vga/u_system/vga_system_i/clk_wiz_0/inst/clk_in1
    MMCME2_ADV_X0Y1      MMCME2_ADV (Prop_mmcme2_adv_CLKIN1_CLKOUT0)
                                                     -7.105    -4.522 r  periph_vga/u_system/vga_system_i/clk_wiz_0/inst/mmcm_adv_inst/CLKOUT0
                         net (fo=1, routed)           1.599    -2.923    periph_vga/u_system/vga_system_i/clk_wiz_0/inst/clk_pixel_vga_system_clk_wiz_0_1
    BUFGCTRL_X0Y30       BUFG (Prop_bufg_I_O)         0.091    -2.832 r  periph_vga/u_system/vga_system_i/clk_wiz_0/inst/clkout1_buf/O
                         net (fo=169, routed)         1.500    -1.331    <hidden>
    SLICE_X10Y18         FDRE                                         r  <hidden>
  -------------------------------------------------------------------    -------------------
    SLICE_X10Y18         FDRE (Prop_fdre_C_Q)         0.385    -0.946 r  <hidden>
                         net (fo=1, routed)           0.297    -0.649    <hidden>
    SLICE_X10Y18         FDRE                                         r  <hidden>
  -------------------------------------------------------------------    -------------------

                         (clock clk_pixel_vga_system_clk_wiz_0_1 rise edge)
                                                      0.000     0.000 r  
    K17                                               0.000     0.000 r  i_clk (IN)
                         net (fo=0)                   0.000     0.000    i_clk
    K17                  IBUF (Prop_ibuf_I_O)         1.492     1.492 r  i_clk_IBUF_inst/O
                         net (fo=2, routed)           1.285     2.777    periph_vga/u_system/vga_system_i/clk_wiz_0/inst/clk_in1
    MMCME2_ADV_X0Y1      MMCME2_ADV (Prop_mmcme2_adv_CLKIN1_CLKOUT0)
                                                     -6.996    -4.219 r  periph_vga/u_system/vga_system_i/clk_wiz_0/inst/mmcm_adv_inst/CLKOUT0
                         net (fo=1, routed)           1.760    -2.459    periph_vga/u_system/vga_system_i/clk_wiz_0/inst/clk_pixel_vga_system_clk_wiz_0_1
    BUFGCTRL_X0Y30       BUFG (Prop_bufg_I_O)         0.101    -2.358 r  periph_vga/u_system/vga_system_i/clk_wiz_0/inst/clkout1_buf/O
                         net (fo=169, routed)         1.673    -0.685    <hidden>
    SLICE_X10Y18         FDRE                                         r  <hidden>

Slack:                    inf
  Source:                 <hidden>
                            (rising edge-triggered cell FDPE clocked by clk_pixel_vga_system_clk_wiz_0_1  {rise@0.000ns fall@19.862ns period=39.724ns})
  Destination:            <hidden>
                            (rising edge-triggered cell FDPE clocked by clk_pixel_vga_system_clk_wiz_0_1  {rise@0.000ns fall@19.862ns period=39.724ns})
  Path Group:             (none)
  Path Type:              Hold (Min at Slow Process Corner)
  Data Path Delay:        0.893ns  (logic 0.467ns (52.288%)  route 0.426ns (47.712%))
  Logic Levels:           1  (LUT2=1)
  Clock Path Skew:        0.646ns (DCD - SCD - CPR)
    Destination Clock Delay (DCD):    -0.685ns
    Source Clock Delay      (SCD):    -1.331ns
    Clock Pessimism Removal (CPR):    -0.000ns
  Clock Uncertainty:      0.150ns  ((TSJ^2 + DJ^2)^1/2) / 2 + PE
    Total System Jitter     (TSJ):    0.071ns
    Discrete Jitter          (DJ):    0.292ns
    Phase Error              (PE):    0.000ns
  Timing Exception:       False Path

    Location             Delay type                Incr(ns)  Path(ns)    Netlist Resource(s)
  -------------------------------------------------------------------    -------------------
                         (clock clk_pixel_vga_system_clk_wiz_0_1 rise edge)
                                                      0.000     0.000 r  
    K17                                               0.000     0.000 r  i_clk (IN)
                         net (fo=0)                   0.000     0.000    i_clk
    K17                  IBUF (Prop_ibuf_I_O)         1.421     1.421 r  i_clk_IBUF_inst/O
                         net (fo=2, routed)           1.162     2.583    periph_vga/u_system/vga_system_i/clk_wiz_0/inst/clk_in1
    MMCME2_ADV_X0Y1      MMCME2_ADV (Prop_mmcme2_adv_CLKIN1_CLKOUT0)
                                                     -7.105    -4.522 r  periph_vga/u_system/vga_system_i/clk_wiz_0/inst/mmcm_adv_inst/CLKOUT0
                         net (fo=1, routed)           1.599    -2.923    periph_vga/u_system/vga_system_i/clk_wiz_0/inst/clk_pixel_vga_system_clk_wiz_0_1
    BUFGCTRL_X0Y30       BUFG (Prop_bufg_I_O)         0.091    -2.832 r  periph_vga/u_system/vga_system_i/clk_wiz_0/inst/clkout1_buf/O
                         net (fo=169, routed)         1.500    -1.331    <hidden>
    SLICE_X13Y18         FDPE                                         r  <hidden>
  -------------------------------------------------------------------    -------------------
    SLICE_X13Y18         FDPE (Prop_fdpe_C_Q)         0.367    -0.964 r  <hidden>
                         net (fo=3, routed)           0.426    -0.538    <hidden>
    SLICE_X13Y18         LUT2 (Prop_lut2_I0_O)        0.100    -0.438 r  <hidden>
                         net (fo=1, routed)           0.000    -0.438    <hidden>
    SLICE_X13Y18         FDPE                                         r  <hidden>
  -------------------------------------------------------------------    -------------------

                         (clock clk_pixel_vga_system_clk_wiz_0_1 rise edge)
                                                      0.000     0.000 r  
    K17                                               0.000     0.000 r  i_clk (IN)
                         net (fo=0)                   0.000     0.000    i_clk
    K17                  IBUF (Prop_ibuf_I_O)         1.492     1.492 r  i_clk_IBUF_inst/O
                         net (fo=2, routed)           1.285     2.777    periph_vga/u_system/vga_system_i/clk_wiz_0/inst/clk_in1
    MMCME2_ADV_X0Y1      MMCME2_ADV (Prop_mmcme2_adv_CLKIN1_CLKOUT0)
                                                     -6.996    -4.219 r  periph_vga/u_system/vga_system_i/clk_wiz_0/inst/mmcm_adv_inst/CLKOUT0
                         net (fo=1, routed)           1.760    -2.459    periph_vga/u_system/vga_system_i/clk_wiz_0/inst/clk_pixel_vga_system_clk_wiz_0_1
    BUFGCTRL_X0Y30       BUFG (Prop_bufg_I_O)         0.101    -2.358 r  periph_vga/u_system/vga_system_i/clk_wiz_0/inst/clkout1_buf/O
                         net (fo=169, routed)         1.673    -0.685    <hidden>
    SLICE_X13Y18         FDPE                                         r  <hidden>

Slack:                    inf
  Source:                 <hidden>
                            (rising edge-triggered cell FDPE clocked by clk_pixel_vga_system_clk_wiz_0_1  {rise@0.000ns fall@19.862ns period=39.724ns})
  Destination:            <hidden>
                            (removal check against rising-edge clock clk_pixel_vga_system_clk_wiz_0_1  {rise@0.000ns fall@19.862ns period=39.724ns})
  Path Group:             (none)
  Path Type:              Removal (Min at Slow Process Corner)
  Data Path Delay:        0.909ns  (logic 0.337ns (37.073%)  route 0.572ns (62.927%))
  Logic Levels:           0  
  Clock Path Skew:        0.648ns (DCD - SCD - CPR)
    Destination Clock Delay (DCD):    -0.685ns
    Source Clock Delay      (SCD):    -1.333ns
    Clock Pessimism Removal (CPR):    -0.000ns
  Clock Uncertainty:      0.150ns  ((TSJ^2 + DJ^2)^1/2) / 2 + PE
    Total System Jitter     (TSJ):    0.071ns
    Discrete Jitter          (DJ):    0.292ns
    Phase Error              (PE):    0.000ns
  Timing Exception:       False Path

    Location             Delay type                Incr(ns)  Path(ns)    Netlist Resource(s)
  -------------------------------------------------------------------    -------------------
                         (clock clk_pixel_vga_system_clk_wiz_0_1 rise edge)
                                                      0.000     0.000 r  
    K17                                               0.000     0.000 r  i_clk (IN)
                         net (fo=0)                   0.000     0.000    i_clk
    K17                  IBUF (Prop_ibuf_I_O)         1.421     1.421 r  i_clk_IBUF_inst/O
                         net (fo=2, routed)           1.162     2.583    periph_vga/u_system/vga_system_i/clk_wiz_0/inst/clk_in1
    MMCME2_ADV_X0Y1      MMCME2_ADV (Prop_mmcme2_adv_CLKIN1_CLKOUT0)
                                                     -7.105    -4.522 r  periph_vga/u_system/vga_system_i/clk_wiz_0/inst/mmcm_adv_inst/CLKOUT0
                         net (fo=1, routed)           1.599    -2.923    periph_vga/u_system/vga_system_i/clk_wiz_0/inst/clk_pixel_vga_system_clk_wiz_0_1
    BUFGCTRL_X0Y30       BUFG (Prop_bufg_I_O)         0.091    -2.832 r  periph_vga/u_system/vga_system_i/clk_wiz_0/inst/clkout1_buf/O
                         net (fo=169, routed)         1.498    -1.333    <hidden>
    SLICE_X7Y19          FDPE                                         r  <hidden>
  -------------------------------------------------------------------    -------------------
    SLICE_X7Y19          FDPE (Prop_fdpe_C_Q)         0.337    -0.996 f  <hidden>
                         net (fo=1, routed)           0.572    -0.424    <hidden>
    SLICE_X13Y18         FDPE                                         f  <hidden>
  -------------------------------------------------------------------    -------------------

                         (clock clk_pixel_vga_system_clk_wiz_0_1 rise edge)
                                                      0.000     0.000 r  
    K17                                               0.000     0.000 r  i_clk (IN)
                         net (fo=0)                   0.000     0.000    i_clk
    K17                  IBUF (Prop_ibuf_I_O)         1.492     1.492 r  i_clk_IBUF_inst/O
                         net (fo=2, routed)           1.285     2.777    periph_vga/u_system/vga_system_i/clk_wiz_0/inst/clk_in1
    MMCME2_ADV_X0Y1      MMCME2_ADV (Prop_mmcme2_adv_CLKIN1_CLKOUT0)
                                                     -6.996    -4.219 r  periph_vga/u_system/vga_system_i/clk_wiz_0/inst/mmcm_adv_inst/CLKOUT0
                         net (fo=1, routed)           1.760    -2.459    periph_vga/u_system/vga_system_i/clk_wiz_0/inst/clk_pixel_vga_system_clk_wiz_0_1
    BUFGCTRL_X0Y30       BUFG (Prop_bufg_I_O)         0.101    -2.358 r  periph_vga/u_system/vga_system_i/clk_wiz_0/inst/clkout1_buf/O
                         net (fo=169, routed)         1.673    -0.685    <hidden>
    SLICE_X13Y18         FDPE                                         r  <hidden>

Slack:                    inf
  Source:                 <hidden>
                            (rising edge-triggered cell FDRE clocked by clk_pixel_vga_system_clk_wiz_0_1  {rise@0.000ns fall@19.862ns period=39.724ns})
  Destination:            <hidden>
                            (rising edge-triggered cell FDRE clocked by clk_pixel_vga_system_clk_wiz_0_1  {rise@0.000ns fall@19.862ns period=39.724ns})
  Path Group:             (none)
  Path Type:              Hold (Min at Slow Process Corner)
  Data Path Delay:        1.084ns  (logic 0.385ns (35.501%)  route 0.699ns (64.499%))
  Logic Levels:           0  
  Clock Path Skew:        0.646ns (DCD - SCD - CPR)
    Destination Clock Delay (DCD):    -0.685ns
    Source Clock Delay      (SCD):    -1.331ns
    Clock Pessimism Removal (CPR):    -0.000ns
  Clock Uncertainty:      0.150ns  ((TSJ^2 + DJ^2)^1/2) / 2 + PE
    Total System Jitter     (TSJ):    0.071ns
    Discrete Jitter          (DJ):    0.292ns
    Phase Error              (PE):    0.000ns
  Timing Exception:       False Path

    Location             Delay type                Incr(ns)  Path(ns)    Netlist Resource(s)
  -------------------------------------------------------------------    -------------------
                         (clock clk_pixel_vga_system_clk_wiz_0_1 rise edge)
                                                      0.000     0.000 r  
    K17                                               0.000     0.000 r  i_clk (IN)
                         net (fo=0)                   0.000     0.000    i_clk
    K17                  IBUF (Prop_ibuf_I_O)         1.421     1.421 r  i_clk_IBUF_inst/O
                         net (fo=2, routed)           1.162     2.583    periph_vga/u_system/vga_system_i/clk_wiz_0/inst/clk_in1
    MMCME2_ADV_X0Y1      MMCME2_ADV (Prop_mmcme2_adv_CLKIN1_CLKOUT0)
                                                     -7.105    -4.522 r  periph_vga/u_system/vga_system_i/clk_wiz_0/inst/mmcm_adv_inst/CLKOUT0
                         net (fo=1, routed)           1.599    -2.923    periph_vga/u_system/vga_system_i/clk_wiz_0/inst/clk_pixel_vga_system_clk_wiz_0_1
    BUFGCTRL_X0Y30       BUFG (Prop_bufg_I_O)         0.091    -2.832 r  periph_vga/u_system/vga_system_i/clk_wiz_0/inst/clkout1_buf/O
                         net (fo=169, routed)         1.500    -1.331    <hidden>
    SLICE_X10Y18         FDRE                                         r  <hidden>
  -------------------------------------------------------------------    -------------------
    SLICE_X10Y18         FDRE (Prop_fdre_C_Q)         0.385    -0.946 r  <hidden>
                         net (fo=1, routed)           0.699    -0.247    <hidden>
    SLICE_X10Y18         FDRE                                         r  <hidden>
  -------------------------------------------------------------------    -------------------

                         (clock clk_pixel_vga_system_clk_wiz_0_1 rise edge)
                                                      0.000     0.000 r  
    K17                                               0.000     0.000 r  i_clk (IN)
                         net (fo=0)                   0.000     0.000    i_clk
    K17                  IBUF (Prop_ibuf_I_O)         1.492     1.492 r  i_clk_IBUF_inst/O
                         net (fo=2, routed)           1.285     2.777    periph_vga/u_system/vga_system_i/clk_wiz_0/inst/clk_in1
    MMCME2_ADV_X0Y1      MMCME2_ADV (Prop_mmcme2_adv_CLKIN1_CLKOUT0)
                                                     -6.996    -4.219 r  periph_vga/u_system/vga_system_i/clk_wiz_0/inst/mmcm_adv_inst/CLKOUT0
                         net (fo=1, routed)           1.760    -2.459    periph_vga/u_system/vga_system_i/clk_wiz_0/inst/clk_pixel_vga_system_clk_wiz_0_1
    BUFGCTRL_X0Y30       BUFG (Prop_bufg_I_O)         0.101    -2.358 r  periph_vga/u_system/vga_system_i/clk_wiz_0/inst/clkout1_buf/O
                         net (fo=169, routed)         1.673    -0.685    <hidden>
    SLICE_X10Y18         FDRE                                         r  <hidden>

Slack:                    inf
  Source:                 <hidden>
                            (rising edge-triggered cell FDRE clocked by clk_pixel_vga_system_clk_wiz_0_1  {rise@0.000ns fall@19.862ns period=39.724ns})
  Destination:            <hidden>
                            (removal check against rising-edge clock clk_pixel_vga_system_clk_wiz_0_1  {rise@0.000ns fall@19.862ns period=39.724ns})
  Path Group:             (none)
  Path Type:              Removal (Min at Fast Process Corner)
  Data Path Delay:        0.714ns  (logic 0.209ns (29.257%)  route 0.505ns (70.743%))
  Logic Levels:           1  (LUT2=1)
  Clock Path Skew:        -0.200ns (DCD - SCD - CPR)
    Destination Clock Delay (DCD):    -0.699ns
    Source Clock Delay      (SCD):    -0.499ns
    Clock Pessimism Removal (CPR):    -0.000ns
  Clock Uncertainty:      0.150ns  ((TSJ^2 + DJ^2)^1/2) / 2 + PE
    Total System Jitter     (TSJ):    0.071ns
    Discrete Jitter          (DJ):    0.292ns
    Phase Error              (PE):    0.000ns
  Timing Exception:       False Path

    Location             Delay type                Incr(ns)  Path(ns)    Netlist Resource(s)
  -------------------------------------------------------------------    -------------------
                         (clock clk_pixel_vga_system_clk_wiz_0_1 rise edge)
                                                      0.000     0.000 r  
    K17                                               0.000     0.000 r  i_clk (IN)
                         net (fo=0)                   0.000     0.000    i_clk
    K17                  IBUF (Prop_ibuf_I_O)         0.259     0.259 r  i_clk_IBUF_inst/O
                         net (fo=2, routed)           0.440     0.700    periph_vga/u_system/vga_system_i/clk_wiz_0/inst/clk_in1
    MMCME2_ADV_X0Y1      MMCME2_ADV (Prop_mmcme2_adv_CLKIN1_CLKOUT0)
                                                     -2.268    -1.568 r  periph_vga/u_system/vga_system_i/clk_wiz_0/inst/mmcm_adv_inst/CLKOUT0
                         net (fo=1, routed)           0.482    -1.086    periph_vga/u_system/vga_system_i/clk_wiz_0/inst/clk_pixel_vga_system_clk_wiz_0_1
    BUFGCTRL_X0Y30       BUFG (Prop_bufg_I_O)         0.026    -1.060 r  periph_vga/u_system/vga_system_i/clk_wiz_0/inst/clkout1_buf/O
                         net (fo=169, routed)         0.561    -0.499    <hidden>
    SLICE_X10Y18         FDRE                                         r  <hidden>
  -------------------------------------------------------------------    -------------------
    SLICE_X10Y18         FDRE (Prop_fdre_C_Q)         0.164    -0.335 f  <hidden>
                         net (fo=1, routed)           0.163    -0.172    <hidden>
    SLICE_X10Y18         LUT2 (Prop_lut2_I1_O)        0.045    -0.127 f  <hidden>
                         net (fo=1, routed)           0.342     0.215    <hidden>
    RAMB36_X0Y4          FIFO36E1                                     f  <hidden>
  -------------------------------------------------------------------    -------------------

                         (clock clk_pixel_vga_system_clk_wiz_0_1 rise edge)
                                                      0.000     0.000 r  
    K17                                               0.000     0.000 r  i_clk (IN)
                         net (fo=0)                   0.000     0.000    i_clk
    K17                  IBUF (Prop_ibuf_I_O)         0.447     0.447 r  i_clk_IBUF_inst/O
                         net (fo=2, routed)           0.480     0.927    periph_vga/u_system/vga_system_i/clk_wiz_0/inst/clk_in1
    MMCME2_ADV_X0Y1      MMCME2_ADV (Prop_mmcme2_adv_CLKIN1_CLKOUT0)
                                                     -3.047    -2.120 r  periph_vga/u_system/vga_system_i/clk_wiz_0/inst/mmcm_adv_inst/CLKOUT0
                         net (fo=1, routed)           0.528    -1.592    periph_vga/u_system/vga_system_i/clk_wiz_0/inst/clk_pixel_vga_system_clk_wiz_0_1
    BUFGCTRL_X0Y30       BUFG (Prop_bufg_I_O)         0.029    -1.563 r  periph_vga/u_system/vga_system_i/clk_wiz_0/inst/clkout1_buf/O
                         net (fo=169, routed)         0.863    -0.699    <hidden>
    RAMB36_X0Y4          FIFO36E1                                     r  <hidden>





--------------------------------------------------------------------------------------
Path Group:  (none)
From Clock:  
  To Clock:  clk_fpga_0

Max Delay             1 Endpoint
Min Delay             1 Endpoint
--------------------------------------------------------------------------------------


Max Delay Paths
--------------------------------------------------------------------------------------
Slack:                    inf
  Source:                 periph_vga/u_system/vga_system_i/clk_wiz_0/inst/mmcm_adv_inst/LOCKED
                            (internal pin)
  Destination:            periph_vga/u_system/vga_system_i/rst_ps7_0_50M/U0/EXT_LPF/lpf_int_reg/D
                            (rising edge-triggered cell FDRE clocked by clk_fpga_0  {rise@0.000ns fall@5.000ns period=10.000ns})
  Path Group:             (none)
  Path Type:              Setup (Max at Slow Process Corner)
  Data Path Delay:        2.023ns  (logic 0.124ns (6.130%)  route 1.899ns (93.870%))
  Logic Levels:           1  (LUT4=1)
  Clock Uncertainty:      0.152ns  ((TSJ^2 + TIJ^2)^1/2 + DJ) / 2 + PE
    Total System Jitter     (TSJ):    0.050ns
    Total Input Jitter      (TIJ):    0.300ns
    Discrete Jitter          (DJ):    0.000ns
    Phase Error              (PE):    0.000ns

    Location             Delay type                Incr(ns)  Path(ns)    Netlist Resource(s)
  -------------------------------------------------------------------    -------------------
    MMCME2_ADV_X0Y1      MMCME2_ADV                   0.000     0.000 f  periph_vga/u_system/vga_system_i/clk_wiz_0/inst/mmcm_adv_inst/LOCKED
                         net (fo=1, routed)           1.899     1.899    periph_vga/u_system/vga_system_i/rst_ps7_0_50M/U0/EXT_LPF/dcm_locked
    SLICE_X18Y37         LUT4 (Prop_lut4_I0_O)        0.124     2.023 r  periph_vga/u_system/vga_system_i/rst_ps7_0_50M/U0/EXT_LPF/lpf_int0/O
                         net (fo=1, routed)           0.000     2.023    periph_vga/u_system/vga_system_i/rst_ps7_0_50M/U0/EXT_LPF/lpf_int0__0
    SLICE_X18Y37         FDRE                                         r  periph_vga/u_system/vga_system_i/rst_ps7_0_50M/U0/EXT_LPF/lpf_int_reg/D
  -------------------------------------------------------------------    -------------------

                         (clock clk_fpga_0 rise edge)
                                                      0.000     0.000 r  
    PS7_X0Y0             PS7                          0.000     0.000 r  periph_vga/u_system/vga_system_i/processing_system7_0/inst/PS7_i/FCLKCLK[0]
                         net (fo=1, routed)           1.101     1.101    periph_vga/u_system/vga_system_i/processing_system7_0/inst/FCLK_CLK_unbuffered[0]
    BUFGCTRL_X0Y15       BUFG (Prop_bufg_I_O)         0.091     1.192 r  periph_vga/u_system/vga_system_i/processing_system7_0/inst/buffer_fclk_clk_0.FCLK_CLK_0_BUFG/O
                         net (fo=2395, routed)        1.496     2.688    periph_vga/u_system/vga_system_i/rst_ps7_0_50M/U0/EXT_LPF/slowest_sync_clk
    SLICE_X18Y37         FDRE                                         r  periph_vga/u_system/vga_system_i/rst_ps7_0_50M/U0/EXT_LPF/lpf_int_reg/C





Min Delay Paths
--------------------------------------------------------------------------------------
Slack:                    inf
  Source:                 periph_vga/u_system/vga_system_i/clk_wiz_0/inst/mmcm_adv_inst/LOCKED
                            (internal pin)
  Destination:            periph_vga/u_system/vga_system_i/rst_ps7_0_50M/U0/EXT_LPF/lpf_int_reg/D
                            (rising edge-triggered cell FDRE clocked by clk_fpga_0  {rise@0.000ns fall@5.000ns period=10.000ns})
  Path Group:             (none)
  Path Type:              Hold (Min at Fast Process Corner)
  Data Path Delay:        0.943ns  (logic 0.045ns (4.772%)  route 0.898ns (95.228%))
  Logic Levels:           1  (LUT4=1)
  Clock Uncertainty:      0.152ns  ((TSJ^2 + TIJ^2)^1/2 + DJ) / 2 + PE
    Total System Jitter     (TSJ):    0.050ns
    Total Input Jitter      (TIJ):    0.300ns
    Discrete Jitter          (DJ):    0.000ns
    Phase Error              (PE):    0.000ns

    Location             Delay type                Incr(ns)  Path(ns)    Netlist Resource(s)
  -------------------------------------------------------------------    -------------------
    MMCME2_ADV_X0Y1      MMCME2_ADV                   0.000     0.000 f  periph_vga/u_system/vga_system_i/clk_wiz_0/inst/mmcm_adv_inst/LOCKED
                         net (fo=1, routed)           0.898     0.898    periph_vga/u_system/vga_system_i/rst_ps7_0_50M/U0/EXT_LPF/dcm_locked
    SLICE_X18Y37         LUT4 (Prop_lut4_I0_O)        0.045     0.943 r  periph_vga/u_system/vga_system_i/rst_ps7_0_50M/U0/EXT_LPF/lpf_int0/O
                         net (fo=1, routed)           0.000     0.943    periph_vga/u_system/vga_system_i/rst_ps7_0_50M/U0/EXT_LPF/lpf_int0__0
    SLICE_X18Y37         FDRE                                         r  periph_vga/u_system/vga_system_i/rst_ps7_0_50M/U0/EXT_LPF/lpf_int_reg/D
  -------------------------------------------------------------------    -------------------

                         (clock clk_fpga_0 rise edge)
                                                      0.000     0.000 r  
    PS7_X0Y0             PS7                          0.000     0.000 r  periph_vga/u_system/vga_system_i/processing_system7_0/inst/PS7_i/FCLKCLK[0]
                         net (fo=1, routed)           0.341     0.341    periph_vga/u_system/vga_system_i/processing_system7_0/inst/FCLK_CLK_unbuffered[0]
    BUFGCTRL_X0Y15       BUFG (Prop_bufg_I_O)         0.029     0.370 r  periph_vga/u_system/vga_system_i/processing_system7_0/inst/buffer_fclk_clk_0.FCLK_CLK_0_BUFG/O
                         net (fo=2395, routed)        0.827     1.197    periph_vga/u_system/vga_system_i/rst_ps7_0_50M/U0/EXT_LPF/slowest_sync_clk
    SLICE_X18Y37         FDRE                                         r  periph_vga/u_system/vga_system_i/rst_ps7_0_50M/U0/EXT_LPF/lpf_int_reg/C





--------------------------------------------------------------------------------------
Path Group:  (none)
From Clock:  
  To Clock:  clk_out1_clk_wiz_0

Max Delay             1 Endpoint
Min Delay             1 Endpoint
--------------------------------------------------------------------------------------


Max Delay Paths
--------------------------------------------------------------------------------------
Slack:                    inf
  Source:                 u_clk_wiz/inst/mmcm_adv_inst/LOCKED
                            (internal pin)
  Destination:            _rst_sync_reg/D
                            (rising edge-triggered cell FDPE clocked by clk_out1_clk_wiz_0  {rise@0.000ns fall@10.000ns period=20.000ns})
  Path Group:             (none)
  Path Type:              Setup (Max at Slow Process Corner)
  Data Path Delay:        1.935ns  (logic 0.124ns (6.408%)  route 1.811ns (93.592%))
  Logic Levels:           1  (LUT1=1)
  Clock Uncertainty:      0.172ns  ((TSJ^2 + DJ^2)^1/2) / 2 + PE
    Total System Jitter     (TSJ):    0.050ns
    Discrete Jitter          (DJ):    0.141ns
    Phase Error              (PE):    0.097ns

    Location             Delay type                Incr(ns)  Path(ns)    Netlist Resource(s)
  -------------------------------------------------------------------    -------------------
    MMCME2_ADV_X0Y0      MMCME2_ADV                   0.000     0.000 f  u_clk_wiz/inst/mmcm_adv_inst/LOCKED
                         net (fo=1, routed)           1.811     1.811    _locked
    SLICE_X43Y27         LUT1 (Prop_lut1_I0_O)        0.124     1.935 r  _rst_sync_i_1/O
                         net (fo=1, routed)           0.000     1.935    p_0_in
    SLICE_X43Y27         FDPE                                         r  _rst_sync_reg/D
  -------------------------------------------------------------------    -------------------

                         (clock clk_out1_clk_wiz_0 rise edge)
                                                      0.000     0.000 r  
    K17                                               0.000     0.000 r  i_clk (IN)
                         net (fo=0)                   0.000     0.000    i_clk
    K17                  IBUF (Prop_ibuf_I_O)         1.421     1.421 r  i_clk_IBUF_inst/O
                         net (fo=2, routed)           1.302     2.723    u_clk_wiz/inst/clk_in1
    MMCME2_ADV_X0Y0      MMCME2_ADV (Prop_mmcme2_adv_CLKIN1_CLKOUT0)
                                                     -7.118    -4.396 r  u_clk_wiz/inst/mmcm_adv_inst/CLKOUT0
                         net (fo=1, routed)           1.599    -2.796    u_clk_wiz/inst/clk_out1_clk_wiz_0
    BUFGCTRL_X0Y1        BUFG (Prop_bufg_I_O)         0.091    -2.705 r  u_clk_wiz/inst/clkout1_buf/O
                         net (fo=8, routed)           1.562    -1.143    _clkSystem
    SLICE_X43Y27         FDPE                                         r  _rst_sync_reg/C





Min Delay Paths
--------------------------------------------------------------------------------------
Slack:                    inf
  Source:                 u_clk_wiz/inst/mmcm_adv_inst/LOCKED
                            (internal pin)
  Destination:            _rst_sync_reg/D
                            (rising edge-triggered cell FDPE clocked by clk_out1_clk_wiz_0  {rise@0.000ns fall@10.000ns period=20.000ns})
  Path Group:             (none)
  Path Type:              Hold (Min at Fast Process Corner)
  Data Path Delay:        0.797ns  (logic 0.045ns (5.645%)  route 0.752ns (94.355%))
  Logic Levels:           1  (LUT1=1)
  Clock Uncertainty:      0.172ns  ((TSJ^2 + DJ^2)^1/2) / 2 + PE
    Total System Jitter     (TSJ):    0.050ns
    Discrete Jitter          (DJ):    0.141ns
    Phase Error              (PE):    0.097ns

    Location             Delay type                Incr(ns)  Path(ns)    Netlist Resource(s)
  -------------------------------------------------------------------    -------------------
    MMCME2_ADV_X0Y0      MMCME2_ADV                   0.000     0.000 f  u_clk_wiz/inst/mmcm_adv_inst/LOCKED
                         net (fo=1, routed)           0.752     0.752    _locked
    SLICE_X43Y27         LUT1 (Prop_lut1_I0_O)        0.045     0.797 r  _rst_sync_i_1/O
                         net (fo=1, routed)           0.000     0.797    p_0_in
    SLICE_X43Y27         FDPE                                         r  _rst_sync_reg/D
  -------------------------------------------------------------------    -------------------

                         (clock clk_out1_clk_wiz_0 rise edge)
                                                      0.000     0.000 r  
    K17                                               0.000     0.000 r  i_clk (IN)
                         net (fo=0)                   0.000     0.000    i_clk
    K17                  IBUF (Prop_ibuf_I_O)         0.447     0.447 r  i_clk_IBUF_inst/O
                         net (fo=2, routed)           0.536     0.983    u_clk_wiz/inst/clk_in1
    MMCME2_ADV_X0Y0      MMCME2_ADV (Prop_mmcme2_adv_CLKIN1_CLKOUT0)
                                                     -3.050    -2.067 r  u_clk_wiz/inst/mmcm_adv_inst/CLKOUT0
                         net (fo=1, routed)           0.528    -1.539    u_clk_wiz/inst/clk_out1_clk_wiz_0
    BUFGCTRL_X0Y1        BUFG (Prop_bufg_I_O)         0.029    -1.510 r  u_clk_wiz/inst/clkout1_buf/O
                         net (fo=8, routed)           0.848    -0.662    _clkSystem
    SLICE_X43Y27         FDPE                                         r  _rst_sync_reg/C





