Copyright 1986-2022 Xilinx, Inc. All Rights Reserved. Copyright 2022-2025 Advanced Micro Devices, Inc. All Rights Reserved.
------------------------------------------------------------------------------------------------------------------------------------------------------------------------------------------------------------------------------------------
| Tool Version : Vivado v.2025.1 (lin64) Build 6140274 Wed May 21 22:58:25 MDT 2025
| Date         : Mon Mar 23 08:38:04 2026
| Host         : panda running 64-bit Ubuntu 22.04.5 LTS
| Command      : report_timing_summary -max_paths 10 -routable_nets -report_unconstrained -file controller_timing_summary_routed.rpt -pb controller_timing_summary_routed.pb -rpx controller_timing_summary_routed.rpx -warn_on_violation
| Design       : controller
| Device       : 7z010-clg400
| Speed File   : -1  PRODUCTION 1.12 2019-11-22
| Design State : Routed
------------------------------------------------------------------------------------------------------------------------------------------------------------------------------------------------------------------------------------------

Timing Summary Report

------------------------------------------------------------------------------------------------
| Timer Settings
| --------------
------------------------------------------------------------------------------------------------

  Enable Multi Corner Analysis               :  Yes
  Enable Pessimism Removal                   :  Yes
  Pessimism Removal Resolution               :  Nearest Common Node
  Enable Input Delay Default Clock           :  No
  Enable Preset / Clear Arcs                 :  No
  Disable Flight Delays                      :  No
  Ignore I/O Paths                           :  No
  Timing Early Launch at Borrowing Latches   :  No
  Borrow Time for Max Delay Exceptions       :  Yes
  Merge Timing Exceptions                    :  Yes
  Inter-SLR Compensation                     :  Conservative

  Corner  Analyze    Analyze    
  Name    Max Paths  Min Paths  
  ------  ---------  ---------  
  Slow    Yes        Yes        
  Fast    Yes        Yes        


------------------------------------------------------------------------------------------------
| Report Methodology
| ------------------
------------------------------------------------------------------------------------------------

Rule       Severity  Description                                           Violations  
---------  --------  ----------------------------------------------------  ----------  
TIMING-9   Warning   Unknown CDC Logic                                     1           
TIMING-10  Warning   Missing property on synchronizer                      1           
TIMING-28  Warning   Auto-derived clock referenced by a timing constraint  2           
XDCH-2     Warning   Same min and max delay values on IO port              14          

Note: This report is based on the most recent report_methodology run and may not be up-to-date. Run report_methodology on the current design for the latest report.



check_timing report

Table of Contents
-----------------
1. checking no_clock (0)
2. checking constant_clock (0)
3. checking pulse_width_clock (0)
4. checking unconstrained_internal_endpoints (0)
5. checking no_input_delay (1)
6. checking no_output_delay (0)
7. checking multiple_clock (0)
8. checking generated_clocks (0)
9. checking loops (0)
10. checking partial_input_delay (0)
11. checking partial_output_delay (0)
12. checking latch_loops (0)

1. checking no_clock (0)
------------------------
 There are 0 register/latch pins with no clock.


2. checking constant_clock (0)
------------------------------
 There are 0 register/latch pins with constant_clock.


3. checking pulse_width_clock (0)
---------------------------------
 There are 0 register/latch pins which need pulse_width check


4. checking unconstrained_internal_endpoints (0)
------------------------------------------------
 There are 0 pins that are not constrained for maximum delay.

 There are 0 pins that are not constrained for maximum delay due to constant clock.


5. checking no_input_delay (1)
------------------------------
 There are 0 input ports with no input delay specified.

 There is 1 input port with no input delay but user has a false path constraint. (MEDIUM)


6. checking no_output_delay (0)
-------------------------------
 There are 0 ports with no output delay specified.

 There are 0 ports with no output delay but user has a false path constraint

 There are 0 ports with no output delay but with a timing clock defined on it or propagating through it


7. checking multiple_clock (0)
------------------------------
 There are 0 register/latch pins with multiple clocks.


8. checking generated_clocks (0)
--------------------------------
 There are 0 generated clocks that are not connected to a clock source.


9. checking loops (0)
---------------------
 There are 0 combinational loops in the design.


10. checking partial_input_delay (0)
------------------------------------
 There are 0 input ports with partial input delay specified.


11. checking partial_output_delay (0)
-------------------------------------
 There are 0 ports with partial output delay specified.


12. checking latch_loops (0)
----------------------------
 There are 0 combinational latch loops in the design through latch input



------------------------------------------------------------------------------------------------
| Design Timing Summary
| ---------------------
------------------------------------------------------------------------------------------------

    WNS(ns)      TNS(ns)  TNS Failing Endpoints  TNS Total Endpoints      WHS(ns)      THS(ns)  THS Failing Endpoints  THS Total Endpoints     WPWS(ns)     TPWS(ns)  TPWS Failing Endpoints  TPWS Total Endpoints  
    -------      -------  ---------------------  -------------------      -------      -------  ---------------------  -------------------     --------     --------  ----------------------  --------------------  
     17.636        0.000                      0                  178        0.145        0.000                      0                  178        2.000        0.000                       0                    79  


All user specified timing constraints are met.


------------------------------------------------------------------------------------------------
| Clock Summary
| -------------
------------------------------------------------------------------------------------------------

Clock                 Waveform(ns)         Period(ns)      Frequency(MHz)
-----                 ------------         ----------      --------------
i_clk                 {0.000 4.000}        8.000           125.000         
  clk_out1_clk_wiz_0  {0.000 10.000}       20.000          50.000          
  clk_out2_clk_wiz_0  {0.000 19.862}       39.724          25.174          
  clkfbout_clk_wiz_0  {0.000 4.000}        8.000           125.000         


------------------------------------------------------------------------------------------------
| Intra Clock Table
| -----------------
------------------------------------------------------------------------------------------------

Clock                     WNS(ns)      TNS(ns)  TNS Failing Endpoints  TNS Total Endpoints      WHS(ns)      THS(ns)  THS Failing Endpoints  THS Total Endpoints     WPWS(ns)     TPWS(ns)  TPWS Failing Endpoints  TPWS Total Endpoints  
-----                     -------      -------  ---------------------  -------------------      -------      -------  ---------------------  -------------------     --------     --------  ----------------------  --------------------  
i_clk                                                                                                                                                                   2.000        0.000                       0                     1  
  clk_out1_clk_wiz_0       17.636        0.000                      0                   37        0.145        0.000                      0                   37        9.500        0.000                       0                    18  
  clk_out2_clk_wiz_0       26.150        0.000                      0                  141        0.216        0.000                      0                  141       19.362        0.000                       0                    57  
  clkfbout_clk_wiz_0                                                                                                                                                    5.845        0.000                       0                     3  


------------------------------------------------------------------------------------------------
| Inter Clock Table
| -----------------
------------------------------------------------------------------------------------------------

From Clock    To Clock          WNS(ns)      TNS(ns)  TNS Failing Endpoints  TNS Total Endpoints      WHS(ns)      THS(ns)  THS Failing Endpoints  THS Total Endpoints  
----------    --------          -------      -------  ---------------------  -------------------      -------      -------  ---------------------  -------------------  


------------------------------------------------------------------------------------------------
| Other Path Groups Table
| -----------------------
------------------------------------------------------------------------------------------------

Path Group    From Clock    To Clock          WNS(ns)      TNS(ns)  TNS Failing Endpoints  TNS Total Endpoints      WHS(ns)      THS(ns)  THS Failing Endpoints  THS Total Endpoints  
----------    ----------    --------          -------      -------  ---------------------  -------------------      -------      -------  ---------------------  -------------------  


------------------------------------------------------------------------------------------------
| User Ignored Path Table
| -----------------------
------------------------------------------------------------------------------------------------

Path Group          From Clock          To Clock          
----------          ----------          --------          
(none)                                  clk_out1_clk_wiz_0  
(none)              clk_out1_clk_wiz_0  clk_out2_clk_wiz_0  


------------------------------------------------------------------------------------------------
| Unconstrained Path Table
| ------------------------
------------------------------------------------------------------------------------------------

Path Group          From Clock          To Clock          
----------          ----------          --------          
(none)                                  clk_out1_clk_wiz_0  


------------------------------------------------------------------------------------------------
| Timing Details
| --------------
------------------------------------------------------------------------------------------------


---------------------------------------------------------------------------------------------------
From Clock:  i_clk
  To Clock:  i_clk

Setup :           NA  Failing Endpoints,  Worst Slack           NA  ,  Total Violation           NA
Hold  :           NA  Failing Endpoints,  Worst Slack           NA  ,  Total Violation           NA
PW    :            0  Failing Endpoints,  Worst Slack        2.000ns,  Total Violation        0.000ns
---------------------------------------------------------------------------------------------------


Pulse Width Checks
--------------------------------------------------------------------------------------
Clock Name:         i_clk
Waveform(ns):       { 0.000 4.000 }
Period(ns):         8.000
Sources:            { i_clk }

Check Type        Corner  Lib Pin            Reference Pin  Required(ns)  Actual(ns)  Slack(ns)  Location         Pin
Min Period        n/a     MMCME2_ADV/CLKIN1  n/a            1.249         8.000       6.751      MMCME2_ADV_X0Y1  u_clk_wiz/inst/mmcm_adv_inst/CLKIN1
Max Period        n/a     MMCME2_ADV/CLKIN1  n/a            100.000       8.000       92.000     MMCME2_ADV_X0Y1  u_clk_wiz/inst/mmcm_adv_inst/CLKIN1
Low Pulse Width   Slow    MMCME2_ADV/CLKIN1  n/a            2.000         4.000       2.000      MMCME2_ADV_X0Y1  u_clk_wiz/inst/mmcm_adv_inst/CLKIN1
Low Pulse Width   Fast    MMCME2_ADV/CLKIN1  n/a            2.000         4.000       2.000      MMCME2_ADV_X0Y1  u_clk_wiz/inst/mmcm_adv_inst/CLKIN1
High Pulse Width  Slow    MMCME2_ADV/CLKIN1  n/a            2.000         4.000       2.000      MMCME2_ADV_X0Y1  u_clk_wiz/inst/mmcm_adv_inst/CLKIN1
High Pulse Width  Fast    MMCME2_ADV/CLKIN1  n/a            2.000         4.000       2.000      MMCME2_ADV_X0Y1  u_clk_wiz/inst/mmcm_adv_inst/CLKIN1



---------------------------------------------------------------------------------------------------
From Clock:  clk_out1_clk_wiz_0
  To Clock:  clk_out1_clk_wiz_0

Setup :            0  Failing Endpoints,  Worst Slack       17.636ns,  Total Violation        0.000ns
Hold  :            0  Failing Endpoints,  Worst Slack        0.145ns,  Total Violation        0.000ns
PW    :            0  Failing Endpoints,  Worst Slack        9.500ns,  Total Violation        0.000ns
---------------------------------------------------------------------------------------------------


Max Delay Paths
--------------------------------------------------------------------------------------
Slack (MET) :             17.636ns  (required time - arrival time)
  Source:                 _rst_sync_reg/C
                            (rising edge-triggered cell FDPE clocked by clk_out1_clk_wiz_0  {rise@0.000ns fall@10.000ns period=20.000ns})
  Destination:            periph_vga/_char_waddr_reg[10]/R
                            (rising edge-triggered cell FDRE clocked by clk_out1_clk_wiz_0  {rise@0.000ns fall@10.000ns period=20.000ns})
  Path Group:             clk_out1_clk_wiz_0
  Path Type:              Setup (Max at Slow Process Corner)
  Requirement:            20.000ns  (clk_out1_clk_wiz_0 rise@20.000ns - clk_out1_clk_wiz_0 rise@0.000ns)
  Data Path Delay:        1.786ns  (logic 0.456ns (25.530%)  route 1.330ns (74.470%))
  Logic Levels:           0  
  Clock Path Skew:        -0.067ns (DCD - SCD + CPR)
    Destination Clock Delay (DCD):    -1.265ns = ( 18.735 - 20.000 ) 
    Source Clock Delay      (SCD):    -0.610ns
    Clock Pessimism Removal (CPR):    0.588ns
  Clock Uncertainty:      0.082ns  ((TSJ^2 + DJ^2)^1/2) / 2 + PE
    Total System Jitter     (TSJ):    0.071ns
    Discrete Jitter          (DJ):    0.148ns
    Phase Error              (PE):    0.000ns

    Location             Delay type                Incr(ns)  Path(ns)    Netlist Resource(s)
  -------------------------------------------------------------------    -------------------
                         (clock clk_out1_clk_wiz_0 rise edge)
                                                      0.000     0.000 r  
    K17                                               0.000     0.000 r  i_clk (IN)
                         net (fo=0)                   0.000     0.000    u_clk_wiz/inst/clk_in1
    K17                  IBUF (Prop_ibuf_I_O)         1.492     1.492 r  u_clk_wiz/inst/clkin1_ibufg/O
                         net (fo=1, routed)           1.285     2.777    u_clk_wiz/inst/clk_in1_clk_wiz_0
    MMCME2_ADV_X0Y1      MMCME2_ADV (Prop_mmcme2_adv_CLKIN1_CLKOUT0)
                                                     -6.996    -4.219 r  u_clk_wiz/inst/mmcm_adv_inst/CLKOUT0
                         net (fo=1, routed)           1.760    -2.459    u_clk_wiz/inst/clk_out1_clk_wiz_0
    BUFGCTRL_X0Y17       BUFG (Prop_bufg_I_O)         0.101    -2.358 r  u_clk_wiz/inst/clkout1_buf/O
                         net (fo=16, routed)          1.748    -0.610    _clkSystem
    SLICE_X43Y32         FDPE                                         r  _rst_sync_reg/C
  -------------------------------------------------------------------    -------------------
    SLICE_X43Y32         FDPE (Prop_fdpe_C_Q)         0.456    -0.154 r  _rst_sync_reg/Q
                         net (fo=16, routed)          1.330     1.176    periph_vga/_rst_sync
    SLICE_X37Y21         FDRE                                         r  periph_vga/_char_waddr_reg[10]/R
  -------------------------------------------------------------------    -------------------

                         (clock clk_out1_clk_wiz_0 rise edge)
                                                     20.000    20.000 r  
    K17                                               0.000    20.000 r  i_clk (IN)
                         net (fo=0)                   0.000    20.000    u_clk_wiz/inst/clk_in1
    K17                  IBUF (Prop_ibuf_I_O)         1.421    21.421 r  u_clk_wiz/inst/clkin1_ibufg/O
                         net (fo=1, routed)           1.162    22.583    u_clk_wiz/inst/clk_in1_clk_wiz_0
    MMCME2_ADV_X0Y1      MMCME2_ADV (Prop_mmcme2_adv_CLKIN1_CLKOUT0)
                                                     -7.105    15.478 r  u_clk_wiz/inst/mmcm_adv_inst/CLKOUT0
                         net (fo=1, routed)           1.599    17.077    u_clk_wiz/inst/clk_out1_clk_wiz_0
    BUFGCTRL_X0Y17       BUFG (Prop_bufg_I_O)         0.091    17.168 r  u_clk_wiz/inst/clkout1_buf/O
                         net (fo=16, routed)          1.566    18.735    periph_vga/clk_out1
    SLICE_X37Y21         FDRE                                         r  periph_vga/_char_waddr_reg[10]/C
                         clock pessimism              0.588    19.323    
                         clock uncertainty           -0.082    19.241    
    SLICE_X37Y21         FDRE (Setup_fdre_C_R)       -0.429    18.812    periph_vga/_char_waddr_reg[10]
  -------------------------------------------------------------------
                         required time                         18.812    
                         arrival time                          -1.176    
  -------------------------------------------------------------------
                         slack                                 17.636    

Slack (MET) :             17.636ns  (required time - arrival time)
  Source:                 _rst_sync_reg/C
                            (rising edge-triggered cell FDPE clocked by clk_out1_clk_wiz_0  {rise@0.000ns fall@10.000ns period=20.000ns})
  Destination:            periph_vga/_char_wdata_reg[6]/R
                            (rising edge-triggered cell FDRE clocked by clk_out1_clk_wiz_0  {rise@0.000ns fall@10.000ns period=20.000ns})
  Path Group:             clk_out1_clk_wiz_0
  Path Type:              Setup (Max at Slow Process Corner)
  Requirement:            20.000ns  (clk_out1_clk_wiz_0 rise@20.000ns - clk_out1_clk_wiz_0 rise@0.000ns)
  Data Path Delay:        1.786ns  (logic 0.456ns (25.530%)  route 1.330ns (74.470%))
  Logic Levels:           0  
  Clock Path Skew:        -0.067ns (DCD - SCD + CPR)
    Destination Clock Delay (DCD):    -1.265ns = ( 18.735 - 20.000 ) 
    Source Clock Delay      (SCD):    -0.610ns
    Clock Pessimism Removal (CPR):    0.588ns
  Clock Uncertainty:      0.082ns  ((TSJ^2 + DJ^2)^1/2) / 2 + PE
    Total System Jitter     (TSJ):    0.071ns
    Discrete Jitter          (DJ):    0.148ns
    Phase Error              (PE):    0.000ns

    Location             Delay type                Incr(ns)  Path(ns)    Netlist Resource(s)
  -------------------------------------------------------------------    -------------------
                         (clock clk_out1_clk_wiz_0 rise edge)
                                                      0.000     0.000 r  
    K17                                               0.000     0.000 r  i_clk (IN)
                         net (fo=0)                   0.000     0.000    u_clk_wiz/inst/clk_in1
    K17                  IBUF (Prop_ibuf_I_O)         1.492     1.492 r  u_clk_wiz/inst/clkin1_ibufg/O
                         net (fo=1, routed)           1.285     2.777    u_clk_wiz/inst/clk_in1_clk_wiz_0
    MMCME2_ADV_X0Y1      MMCME2_ADV (Prop_mmcme2_adv_CLKIN1_CLKOUT0)
                                                     -6.996    -4.219 r  u_clk_wiz/inst/mmcm_adv_inst/CLKOUT0
                         net (fo=1, routed)           1.760    -2.459    u_clk_wiz/inst/clk_out1_clk_wiz_0
    BUFGCTRL_X0Y17       BUFG (Prop_bufg_I_O)         0.101    -2.358 r  u_clk_wiz/inst/clkout1_buf/O
                         net (fo=16, routed)          1.748    -0.610    _clkSystem
    SLICE_X43Y32         FDPE                                         r  _rst_sync_reg/C
  -------------------------------------------------------------------    -------------------
    SLICE_X43Y32         FDPE (Prop_fdpe_C_Q)         0.456    -0.154 r  _rst_sync_reg/Q
                         net (fo=16, routed)          1.330     1.176    periph_vga/_rst_sync
    SLICE_X37Y21         FDRE                                         r  periph_vga/_char_wdata_reg[6]/R
  -------------------------------------------------------------------    -------------------

                         (clock clk_out1_clk_wiz_0 rise edge)
                                                     20.000    20.000 r  
    K17                                               0.000    20.000 r  i_clk (IN)
                         net (fo=0)                   0.000    20.000    u_clk_wiz/inst/clk_in1
    K17                  IBUF (Prop_ibuf_I_O)         1.421    21.421 r  u_clk_wiz/inst/clkin1_ibufg/O
                         net (fo=1, routed)           1.162    22.583    u_clk_wiz/inst/clk_in1_clk_wiz_0
    MMCME2_ADV_X0Y1      MMCME2_ADV (Prop_mmcme2_adv_CLKIN1_CLKOUT0)
                                                     -7.105    15.478 r  u_clk_wiz/inst/mmcm_adv_inst/CLKOUT0
                         net (fo=1, routed)           1.599    17.077    u_clk_wiz/inst/clk_out1_clk_wiz_0
    BUFGCTRL_X0Y17       BUFG (Prop_bufg_I_O)         0.091    17.168 r  u_clk_wiz/inst/clkout1_buf/O
                         net (fo=16, routed)          1.566    18.735    periph_vga/clk_out1
    SLICE_X37Y21         FDRE                                         r  periph_vga/_char_wdata_reg[6]/C
                         clock pessimism              0.588    19.323    
                         clock uncertainty           -0.082    19.241    
    SLICE_X37Y21         FDRE (Setup_fdre_C_R)       -0.429    18.812    periph_vga/_char_wdata_reg[6]
  -------------------------------------------------------------------
                         required time                         18.812    
                         arrival time                          -1.176    
  -------------------------------------------------------------------
                         slack                                 17.636    

Slack (MET) :             17.636ns  (required time - arrival time)
  Source:                 _rst_sync_reg/C
                            (rising edge-triggered cell FDPE clocked by clk_out1_clk_wiz_0  {rise@0.000ns fall@10.000ns period=20.000ns})
  Destination:            periph_vga/_m_written_reg/R
                            (rising edge-triggered cell FDRE clocked by clk_out1_clk_wiz_0  {rise@0.000ns fall@10.000ns period=20.000ns})
  Path Group:             clk_out1_clk_wiz_0
  Path Type:              Setup (Max at Slow Process Corner)
  Requirement:            20.000ns  (clk_out1_clk_wiz_0 rise@20.000ns - clk_out1_clk_wiz_0 rise@0.000ns)
  Data Path Delay:        1.786ns  (logic 0.456ns (25.530%)  route 1.330ns (74.470%))
  Logic Levels:           0  
  Clock Path Skew:        -0.067ns (DCD - SCD + CPR)
    Destination Clock Delay (DCD):    -1.265ns = ( 18.735 - 20.000 ) 
    Source Clock Delay      (SCD):    -0.610ns
    Clock Pessimism Removal (CPR):    0.588ns
  Clock Uncertainty:      0.082ns  ((TSJ^2 + DJ^2)^1/2) / 2 + PE
    Total System Jitter     (TSJ):    0.071ns
    Discrete Jitter          (DJ):    0.148ns
    Phase Error              (PE):    0.000ns

    Location             Delay type                Incr(ns)  Path(ns)    Netlist Resource(s)
  -------------------------------------------------------------------    -------------------
                         (clock clk_out1_clk_wiz_0 rise edge)
                                                      0.000     0.000 r  
    K17                                               0.000     0.000 r  i_clk (IN)
                         net (fo=0)                   0.000     0.000    u_clk_wiz/inst/clk_in1
    K17                  IBUF (Prop_ibuf_I_O)         1.492     1.492 r  u_clk_wiz/inst/clkin1_ibufg/O
                         net (fo=1, routed)           1.285     2.777    u_clk_wiz/inst/clk_in1_clk_wiz_0
    MMCME2_ADV_X0Y1      MMCME2_ADV (Prop_mmcme2_adv_CLKIN1_CLKOUT0)
                                                     -6.996    -4.219 r  u_clk_wiz/inst/mmcm_adv_inst/CLKOUT0
                         net (fo=1, routed)           1.760    -2.459    u_clk_wiz/inst/clk_out1_clk_wiz_0
    BUFGCTRL_X0Y17       BUFG (Prop_bufg_I_O)         0.101    -2.358 r  u_clk_wiz/inst/clkout1_buf/O
                         net (fo=16, routed)          1.748    -0.610    _clkSystem
    SLICE_X43Y32         FDPE                                         r  _rst_sync_reg/C
  -------------------------------------------------------------------    -------------------
    SLICE_X43Y32         FDPE (Prop_fdpe_C_Q)         0.456    -0.154 r  _rst_sync_reg/Q
                         net (fo=16, routed)          1.330     1.176    periph_vga/_rst_sync
    SLICE_X37Y21         FDRE                                         r  periph_vga/_m_written_reg/R
  -------------------------------------------------------------------    -------------------

                         (clock clk_out1_clk_wiz_0 rise edge)
                                                     20.000    20.000 r  
    K17                                               0.000    20.000 r  i_clk (IN)
                         net (fo=0)                   0.000    20.000    u_clk_wiz/inst/clk_in1
    K17                  IBUF (Prop_ibuf_I_O)         1.421    21.421 r  u_clk_wiz/inst/clkin1_ibufg/O
                         net (fo=1, routed)           1.162    22.583    u_clk_wiz/inst/clk_in1_clk_wiz_0
    MMCME2_ADV_X0Y1      MMCME2_ADV (Prop_mmcme2_adv_CLKIN1_CLKOUT0)
                                                     -7.105    15.478 r  u_clk_wiz/inst/mmcm_adv_inst/CLKOUT0
                         net (fo=1, routed)           1.599    17.077    u_clk_wiz/inst/clk_out1_clk_wiz_0
    BUFGCTRL_X0Y17       BUFG (Prop_bufg_I_O)         0.091    17.168 r  u_clk_wiz/inst/clkout1_buf/O
                         net (fo=16, routed)          1.566    18.735    periph_vga/clk_out1
    SLICE_X37Y21         FDRE                                         r  periph_vga/_m_written_reg/C
                         clock pessimism              0.588    19.323    
                         clock uncertainty           -0.082    19.241    
    SLICE_X37Y21         FDRE (Setup_fdre_C_R)       -0.429    18.812    periph_vga/_m_written_reg
  -------------------------------------------------------------------
                         required time                         18.812    
                         arrival time                          -1.176    
  -------------------------------------------------------------------
                         slack                                 17.636    

Slack (MET) :             17.650ns  (required time - arrival time)
  Source:                 _rst_sync_reg/C
                            (rising edge-triggered cell FDPE clocked by clk_out1_clk_wiz_0  {rise@0.000ns fall@10.000ns period=20.000ns})
  Destination:            periph_vga/_char_we_reg/D
                            (rising edge-triggered cell FDRE clocked by clk_out1_clk_wiz_0  {rise@0.000ns fall@10.000ns period=20.000ns})
  Path Group:             clk_out1_clk_wiz_0
  Path Type:              Setup (Max at Slow Process Corner)
  Requirement:            20.000ns  (clk_out1_clk_wiz_0 rise@20.000ns - clk_out1_clk_wiz_0 rise@0.000ns)
  Data Path Delay:        2.230ns  (logic 0.580ns (26.013%)  route 1.650ns (73.987%))
  Logic Levels:           1  (LUT3=1)
  Clock Path Skew:        -0.067ns (DCD - SCD + CPR)
    Destination Clock Delay (DCD):    -1.265ns = ( 18.735 - 20.000 ) 
    Source Clock Delay      (SCD):    -0.610ns
    Clock Pessimism Removal (CPR):    0.588ns
  Clock Uncertainty:      0.082ns  ((TSJ^2 + DJ^2)^1/2) / 2 + PE
    Total System Jitter     (TSJ):    0.071ns
    Discrete Jitter          (DJ):    0.148ns
    Phase Error              (PE):    0.000ns

    Location             Delay type                Incr(ns)  Path(ns)    Netlist Resource(s)
  -------------------------------------------------------------------    -------------------
                         (clock clk_out1_clk_wiz_0 rise edge)
                                                      0.000     0.000 r  
    K17                                               0.000     0.000 r  i_clk (IN)
                         net (fo=0)                   0.000     0.000    u_clk_wiz/inst/clk_in1
    K17                  IBUF (Prop_ibuf_I_O)         1.492     1.492 r  u_clk_wiz/inst/clkin1_ibufg/O
                         net (fo=1, routed)           1.285     2.777    u_clk_wiz/inst/clk_in1_clk_wiz_0
    MMCME2_ADV_X0Y1      MMCME2_ADV (Prop_mmcme2_adv_CLKIN1_CLKOUT0)
                                                     -6.996    -4.219 r  u_clk_wiz/inst/mmcm_adv_inst/CLKOUT0
                         net (fo=1, routed)           1.760    -2.459    u_clk_wiz/inst/clk_out1_clk_wiz_0
    BUFGCTRL_X0Y17       BUFG (Prop_bufg_I_O)         0.101    -2.358 r  u_clk_wiz/inst/clkout1_buf/O
                         net (fo=16, routed)          1.748    -0.610    _clkSystem
    SLICE_X43Y32         FDPE                                         r  _rst_sync_reg/C
  -------------------------------------------------------------------    -------------------
    SLICE_X43Y32         FDPE (Prop_fdpe_C_Q)         0.456    -0.154 f  _rst_sync_reg/Q
                         net (fo=16, routed)          1.650     1.495    periph_vga/_rst_sync
    SLICE_X36Y21         LUT3 (Prop_lut3_I1_O)        0.124     1.619 r  periph_vga/_char_we_i_1/O
                         net (fo=1, routed)           0.000     1.619    periph_vga/_char_we_i_1_n_0
    SLICE_X36Y21         FDRE                                         r  periph_vga/_char_we_reg/D
  -------------------------------------------------------------------    -------------------

                         (clock clk_out1_clk_wiz_0 rise edge)
                                                     20.000    20.000 r  
    K17                                               0.000    20.000 r  i_clk (IN)
                         net (fo=0)                   0.000    20.000    u_clk_wiz/inst/clk_in1
    K17                  IBUF (Prop_ibuf_I_O)         1.421    21.421 r  u_clk_wiz/inst/clkin1_ibufg/O
                         net (fo=1, routed)           1.162    22.583    u_clk_wiz/inst/clk_in1_clk_wiz_0
    MMCME2_ADV_X0Y1      MMCME2_ADV (Prop_mmcme2_adv_CLKIN1_CLKOUT0)
                                                     -7.105    15.478 r  u_clk_wiz/inst/mmcm_adv_inst/CLKOUT0
                         net (fo=1, routed)           1.599    17.077    u_clk_wiz/inst/clk_out1_clk_wiz_0
    BUFGCTRL_X0Y17       BUFG (Prop_bufg_I_O)         0.091    17.168 r  u_clk_wiz/inst/clkout1_buf/O
                         net (fo=16, routed)          1.566    18.735    periph_vga/clk_out1
    SLICE_X36Y21         FDRE                                         r  periph_vga/_char_we_reg/C
                         clock pessimism              0.588    19.323    
                         clock uncertainty           -0.082    19.241    
    SLICE_X36Y21         FDRE (Setup_fdre_C_D)        0.029    19.270    periph_vga/_char_we_reg
  -------------------------------------------------------------------
                         required time                         19.270    
                         arrival time                          -1.619    
  -------------------------------------------------------------------
                         slack                                 17.650    

Slack (MET) :             17.703ns  (required time - arrival time)
  Source:                 periph_vga/_char_waddr_reg[10]/C
                            (rising edge-triggered cell FDRE clocked by clk_out1_clk_wiz_0  {rise@0.000ns fall@10.000ns period=20.000ns})
  Destination:            <hidden>
                            (rising edge-triggered cell RAMB36E1 clocked by clk_out1_clk_wiz_0  {rise@0.000ns fall@10.000ns period=20.000ns})
  Path Group:             clk_out1_clk_wiz_0
  Path Type:              Setup (Max at Slow Process Corner)
  Requirement:            20.000ns  (clk_out1_clk_wiz_0 rise@20.000ns - clk_out1_clk_wiz_0 rise@0.000ns)
  Data Path Delay:        1.554ns  (logic 0.456ns (29.350%)  route 1.098ns (70.650%))
  Logic Levels:           0  
  Clock Path Skew:        -0.096ns (DCD - SCD + CPR)
    Destination Clock Delay (DCD):    -1.301ns = ( 18.699 - 20.000 ) 
    Source Clock Delay      (SCD):    -0.617ns
    Clock Pessimism Removal (CPR):    0.588ns
  Clock Uncertainty:      0.082ns  ((TSJ^2 + DJ^2)^1/2) / 2 + PE
    Total System Jitter     (TSJ):    0.071ns
    Discrete Jitter          (DJ):    0.148ns
    Phase Error              (PE):    0.000ns

    Location             Delay type                Incr(ns)  Path(ns)    Netlist Resource(s)
  -------------------------------------------------------------------    -------------------
                         (clock clk_out1_clk_wiz_0 rise edge)
                                                      0.000     0.000 r  
    K17                                               0.000     0.000 r  i_clk (IN)
                         net (fo=0)                   0.000     0.000    u_clk_wiz/inst/clk_in1
    K17                  IBUF (Prop_ibuf_I_O)         1.492     1.492 r  u_clk_wiz/inst/clkin1_ibufg/O
                         net (fo=1, routed)           1.285     2.777    u_clk_wiz/inst/clk_in1_clk_wiz_0
    MMCME2_ADV_X0Y1      MMCME2_ADV (Prop_mmcme2_adv_CLKIN1_CLKOUT0)
                                                     -6.996    -4.219 r  u_clk_wiz/inst/mmcm_adv_inst/CLKOUT0
                         net (fo=1, routed)           1.760    -2.459    u_clk_wiz/inst/clk_out1_clk_wiz_0
    BUFGCTRL_X0Y17       BUFG (Prop_bufg_I_O)         0.101    -2.358 r  u_clk_wiz/inst/clkout1_buf/O
                         net (fo=16, routed)          1.741    -0.617    periph_vga/clk_out1
    SLICE_X37Y21         FDRE                                         r  periph_vga/_char_waddr_reg[10]/C
  -------------------------------------------------------------------    -------------------
    SLICE_X37Y21         FDRE (Prop_fdre_C_Q)         0.456    -0.161 r  periph_vga/_char_waddr_reg[10]/Q
                         net (fo=6, routed)           1.098     0.936    <hidden>
    RAMB36_X2Y4          RAMB36E1                                     r  <hidden>
  -------------------------------------------------------------------    -------------------

                         (clock clk_out1_clk_wiz_0 rise edge)
                                                     20.000    20.000 r  
    K17                                               0.000    20.000 r  i_clk (IN)
                         net (fo=0)                   0.000    20.000    u_clk_wiz/inst/clk_in1
    K17                  IBUF (Prop_ibuf_I_O)         1.421    21.421 r  u_clk_wiz/inst/clkin1_ibufg/O
                         net (fo=1, routed)           1.162    22.583    u_clk_wiz/inst/clk_in1_clk_wiz_0
    MMCME2_ADV_X0Y1      MMCME2_ADV (Prop_mmcme2_adv_CLKIN1_CLKOUT0)
                                                     -7.105    15.478 r  u_clk_wiz/inst/mmcm_adv_inst/CLKOUT0
                         net (fo=1, routed)           1.599    17.077    u_clk_wiz/inst/clk_out1_clk_wiz_0
    BUFGCTRL_X0Y17       BUFG (Prop_bufg_I_O)         0.091    17.168 r  u_clk_wiz/inst/clkout1_buf/O
                         net (fo=16, routed)          1.531    18.699    <hidden>
    RAMB36_X2Y4          RAMB36E1                                     r  <hidden>
                         clock pessimism              0.588    19.287    
                         clock uncertainty           -0.082    19.205    
    RAMB36_X2Y4          RAMB36E1 (Setup_ramb36e1_CLKARDCLK_ADDRARDADDR[3])
                                                     -0.566    18.639    <hidden>
  -------------------------------------------------------------------
                         required time                         18.639    
                         arrival time                          -0.936    
  -------------------------------------------------------------------
                         slack                                 17.703    

Slack (MET) :             17.715ns  (required time - arrival time)
  Source:                 periph_vga/_char_wdata_reg[6]/C
                            (rising edge-triggered cell FDRE clocked by clk_out1_clk_wiz_0  {rise@0.000ns fall@10.000ns period=20.000ns})
  Destination:            <hidden>
                            (rising edge-triggered cell RAMB36E1 clocked by clk_out1_clk_wiz_0  {rise@0.000ns fall@10.000ns period=20.000ns})
  Path Group:             clk_out1_clk_wiz_0
  Path Type:              Setup (Max at Slow Process Corner)
  Requirement:            20.000ns  (clk_out1_clk_wiz_0 rise@20.000ns - clk_out1_clk_wiz_0 rise@0.000ns)
  Data Path Delay:        1.196ns  (logic 0.419ns (35.039%)  route 0.777ns (64.961%))
  Logic Levels:           0  
  Clock Path Skew:        -0.096ns (DCD - SCD + CPR)
    Destination Clock Delay (DCD):    -1.301ns = ( 18.699 - 20.000 ) 
    Source Clock Delay      (SCD):    -0.617ns
    Clock Pessimism Removal (CPR):    0.588ns
  Clock Uncertainty:      0.082ns  ((TSJ^2 + DJ^2)^1/2) / 2 + PE
    Total System Jitter     (TSJ):    0.071ns
    Discrete Jitter          (DJ):    0.148ns
    Phase Error              (PE):    0.000ns

    Location             Delay type                Incr(ns)  Path(ns)    Netlist Resource(s)
  -------------------------------------------------------------------    -------------------
                         (clock clk_out1_clk_wiz_0 rise edge)
                                                      0.000     0.000 r  
    K17                                               0.000     0.000 r  i_clk (IN)
                         net (fo=0)                   0.000     0.000    u_clk_wiz/inst/clk_in1
    K17                  IBUF (Prop_ibuf_I_O)         1.492     1.492 r  u_clk_wiz/inst/clkin1_ibufg/O
                         net (fo=1, routed)           1.285     2.777    u_clk_wiz/inst/clk_in1_clk_wiz_0
    MMCME2_ADV_X0Y1      MMCME2_ADV (Prop_mmcme2_adv_CLKIN1_CLKOUT0)
                                                     -6.996    -4.219 r  u_clk_wiz/inst/mmcm_adv_inst/CLKOUT0
                         net (fo=1, routed)           1.760    -2.459    u_clk_wiz/inst/clk_out1_clk_wiz_0
    BUFGCTRL_X0Y17       BUFG (Prop_bufg_I_O)         0.101    -2.358 r  u_clk_wiz/inst/clkout1_buf/O
                         net (fo=16, routed)          1.741    -0.617    periph_vga/clk_out1
    SLICE_X37Y21         FDRE                                         r  periph_vga/_char_wdata_reg[6]/C
  -------------------------------------------------------------------    -------------------
    SLICE_X37Y21         FDRE (Prop_fdre_C_Q)         0.419    -0.198 r  periph_vga/_char_wdata_reg[6]/Q
                         net (fo=6, routed)           0.777     0.579    <hidden>
    RAMB36_X2Y4          RAMB36E1                                     r  <hidden>
  -------------------------------------------------------------------    -------------------

                         (clock clk_out1_clk_wiz_0 rise edge)
                                                     20.000    20.000 r  
    K17                                               0.000    20.000 r  i_clk (IN)
                         net (fo=0)                   0.000    20.000    u_clk_wiz/inst/clk_in1
    K17                  IBUF (Prop_ibuf_I_O)         1.421    21.421 r  u_clk_wiz/inst/clkin1_ibufg/O
                         net (fo=1, routed)           1.162    22.583    u_clk_wiz/inst/clk_in1_clk_wiz_0
    MMCME2_ADV_X0Y1      MMCME2_ADV (Prop_mmcme2_adv_CLKIN1_CLKOUT0)
                                                     -7.105    15.478 r  u_clk_wiz/inst/mmcm_adv_inst/CLKOUT0
                         net (fo=1, routed)           1.599    17.077    u_clk_wiz/inst/clk_out1_clk_wiz_0
    BUFGCTRL_X0Y17       BUFG (Prop_bufg_I_O)         0.091    17.168 r  u_clk_wiz/inst/clkout1_buf/O
                         net (fo=16, routed)          1.531    18.699    <hidden>
    RAMB36_X2Y4          RAMB36E1                                     r  <hidden>
                         clock pessimism              0.588    19.287    
                         clock uncertainty           -0.082    19.205    
    RAMB36_X2Y4          RAMB36E1 (Setup_ramb36e1_CLKARDCLK_DIADI[2])
                                                     -0.912    18.293    <hidden>
  -------------------------------------------------------------------
                         required time                         18.293    
                         arrival time                          -0.579    
  -------------------------------------------------------------------
                         slack                                 17.715    

Slack (MET) :             17.777ns  (required time - arrival time)
  Source:                 _rst_sync_reg/C
                            (rising edge-triggered cell FDPE clocked by clk_out1_clk_wiz_0  {rise@0.000ns fall@10.000ns period=20.000ns})
  Destination:            periph_vga/_m_write_pending_reg/S
                            (rising edge-triggered cell FDSE clocked by clk_out1_clk_wiz_0  {rise@0.000ns fall@10.000ns period=20.000ns})
  Path Group:             clk_out1_clk_wiz_0
  Path Type:              Setup (Max at Slow Process Corner)
  Requirement:            20.000ns  (clk_out1_clk_wiz_0 rise@20.000ns - clk_out1_clk_wiz_0 rise@0.000ns)
  Data Path Delay:        1.643ns  (logic 0.456ns (27.753%)  route 1.187ns (72.247%))
  Logic Levels:           0  
  Clock Path Skew:        -0.069ns (DCD - SCD + CPR)
    Destination Clock Delay (DCD):    -1.267ns = ( 18.733 - 20.000 ) 
    Source Clock Delay      (SCD):    -0.610ns
    Clock Pessimism Removal (CPR):    0.588ns
  Clock Uncertainty:      0.082ns  ((TSJ^2 + DJ^2)^1/2) / 2 + PE
    Total System Jitter     (TSJ):    0.071ns
    Discrete Jitter          (DJ):    0.148ns
    Phase Error              (PE):    0.000ns

    Location             Delay type                Incr(ns)  Path(ns)    Netlist Resource(s)
  -------------------------------------------------------------------    -------------------
                         (clock clk_out1_clk_wiz_0 rise edge)
                                                      0.000     0.000 r  
    K17                                               0.000     0.000 r  i_clk (IN)
                         net (fo=0)                   0.000     0.000    u_clk_wiz/inst/clk_in1
    K17                  IBUF (Prop_ibuf_I_O)         1.492     1.492 r  u_clk_wiz/inst/clkin1_ibufg/O
                         net (fo=1, routed)           1.285     2.777    u_clk_wiz/inst/clk_in1_clk_wiz_0
    MMCME2_ADV_X0Y1      MMCME2_ADV (Prop_mmcme2_adv_CLKIN1_CLKOUT0)
                                                     -6.996    -4.219 r  u_clk_wiz/inst/mmcm_adv_inst/CLKOUT0
                         net (fo=1, routed)           1.760    -2.459    u_clk_wiz/inst/clk_out1_clk_wiz_0
    BUFGCTRL_X0Y17       BUFG (Prop_bufg_I_O)         0.101    -2.358 r  u_clk_wiz/inst/clkout1_buf/O
                         net (fo=16, routed)          1.748    -0.610    _clkSystem
    SLICE_X43Y32         FDPE                                         r  _rst_sync_reg/C
  -------------------------------------------------------------------    -------------------
    SLICE_X43Y32         FDPE (Prop_fdpe_C_Q)         0.456    -0.154 r  _rst_sync_reg/Q
                         net (fo=16, routed)          1.187     1.033    periph_vga/_rst_sync
    SLICE_X36Y22         FDSE                                         r  periph_vga/_m_write_pending_reg/S
  -------------------------------------------------------------------    -------------------

                         (clock clk_out1_clk_wiz_0 rise edge)
                                                     20.000    20.000 r  
    K17                                               0.000    20.000 r  i_clk (IN)
                         net (fo=0)                   0.000    20.000    u_clk_wiz/inst/clk_in1
    K17                  IBUF (Prop_ibuf_I_O)         1.421    21.421 r  u_clk_wiz/inst/clkin1_ibufg/O
                         net (fo=1, routed)           1.162    22.583    u_clk_wiz/inst/clk_in1_clk_wiz_0
    MMCME2_ADV_X0Y1      MMCME2_ADV (Prop_mmcme2_adv_CLKIN1_CLKOUT0)
                                                     -7.105    15.478 r  u_clk_wiz/inst/mmcm_adv_inst/CLKOUT0
                         net (fo=1, routed)           1.599    17.077    u_clk_wiz/inst/clk_out1_clk_wiz_0
    BUFGCTRL_X0Y17       BUFG (Prop_bufg_I_O)         0.091    17.168 r  u_clk_wiz/inst/clkout1_buf/O
                         net (fo=16, routed)          1.564    18.733    periph_vga/clk_out1
    SLICE_X36Y22         FDSE                                         r  periph_vga/_m_write_pending_reg/C
                         clock pessimism              0.588    19.321    
                         clock uncertainty           -0.082    19.239    
    SLICE_X36Y22         FDSE (Setup_fdse_C_S)       -0.429    18.810    periph_vga/_m_write_pending_reg
  -------------------------------------------------------------------
                         required time                         18.810    
                         arrival time                          -1.033    
  -------------------------------------------------------------------
                         slack                                 17.777    

Slack (MET) :             17.781ns  (required time - arrival time)
  Source:                 periph_vga/_char_wdata_reg[6]/C
                            (rising edge-triggered cell FDRE clocked by clk_out1_clk_wiz_0  {rise@0.000ns fall@10.000ns period=20.000ns})
  Destination:            <hidden>
                            (rising edge-triggered cell RAMB36E1 clocked by clk_out1_clk_wiz_0  {rise@0.000ns fall@10.000ns period=20.000ns})
  Path Group:             clk_out1_clk_wiz_0
  Path Type:              Setup (Max at Slow Process Corner)
  Requirement:            20.000ns  (clk_out1_clk_wiz_0 rise@20.000ns - clk_out1_clk_wiz_0 rise@0.000ns)
  Data Path Delay:        1.129ns  (logic 0.419ns (37.101%)  route 0.710ns (62.899%))
  Logic Levels:           0  
  Clock Path Skew:        -0.096ns (DCD - SCD + CPR)
    Destination Clock Delay (DCD):    -1.301ns = ( 18.699 - 20.000 ) 
    Source Clock Delay      (SCD):    -0.617ns
    Clock Pessimism Removal (CPR):    0.588ns
  Clock Uncertainty:      0.082ns  ((TSJ^2 + DJ^2)^1/2) / 2 + PE
    Total System Jitter     (TSJ):    0.071ns
    Discrete Jitter          (DJ):    0.148ns
    Phase Error              (PE):    0.000ns

    Location             Delay type                Incr(ns)  Path(ns)    Netlist Resource(s)
  -------------------------------------------------------------------    -------------------
                         (clock clk_out1_clk_wiz_0 rise edge)
                                                      0.000     0.000 r  
    K17                                               0.000     0.000 r  i_clk (IN)
                         net (fo=0)                   0.000     0.000    u_clk_wiz/inst/clk_in1
    K17                  IBUF (Prop_ibuf_I_O)         1.492     1.492 r  u_clk_wiz/inst/clkin1_ibufg/O
                         net (fo=1, routed)           1.285     2.777    u_clk_wiz/inst/clk_in1_clk_wiz_0
    MMCME2_ADV_X0Y1      MMCME2_ADV (Prop_mmcme2_adv_CLKIN1_CLKOUT0)
                                                     -6.996    -4.219 r  u_clk_wiz/inst/mmcm_adv_inst/CLKOUT0
                         net (fo=1, routed)           1.760    -2.459    u_clk_wiz/inst/clk_out1_clk_wiz_0
    BUFGCTRL_X0Y17       BUFG (Prop_bufg_I_O)         0.101    -2.358 r  u_clk_wiz/inst/clkout1_buf/O
                         net (fo=16, routed)          1.741    -0.617    periph_vga/clk_out1
    SLICE_X37Y21         FDRE                                         r  periph_vga/_char_wdata_reg[6]/C
  -------------------------------------------------------------------    -------------------
    SLICE_X37Y21         FDRE (Prop_fdre_C_Q)         0.419    -0.198 r  periph_vga/_char_wdata_reg[6]/Q
                         net (fo=6, routed)           0.710     0.512    <hidden>
    RAMB36_X2Y4          RAMB36E1                                     r  <hidden>
  -------------------------------------------------------------------    -------------------

                         (clock clk_out1_clk_wiz_0 rise edge)
                                                     20.000    20.000 r  
    K17                                               0.000    20.000 r  i_clk (IN)
                         net (fo=0)                   0.000    20.000    u_clk_wiz/inst/clk_in1
    K17                  IBUF (Prop_ibuf_I_O)         1.421    21.421 r  u_clk_wiz/inst/clkin1_ibufg/O
                         net (fo=1, routed)           1.162    22.583    u_clk_wiz/inst/clk_in1_clk_wiz_0
    MMCME2_ADV_X0Y1      MMCME2_ADV (Prop_mmcme2_adv_CLKIN1_CLKOUT0)
                                                     -7.105    15.478 r  u_clk_wiz/inst/mmcm_adv_inst/CLKOUT0
                         net (fo=1, routed)           1.599    17.077    u_clk_wiz/inst/clk_out1_clk_wiz_0
    BUFGCTRL_X0Y17       BUFG (Prop_bufg_I_O)         0.091    17.168 r  u_clk_wiz/inst/clkout1_buf/O
                         net (fo=16, routed)          1.531    18.699    <hidden>
    RAMB36_X2Y4          RAMB36E1                                     r  <hidden>
                         clock pessimism              0.588    19.287    
                         clock uncertainty           -0.082    19.205    
    RAMB36_X2Y4          RAMB36E1 (Setup_ramb36e1_CLKARDCLK_DIADI[5])
                                                     -0.912    18.293    <hidden>
  -------------------------------------------------------------------
                         required time                         18.293    
                         arrival time                          -0.512    
  -------------------------------------------------------------------
                         slack                                 17.781    

Slack (MET) :             17.783ns  (required time - arrival time)
  Source:                 periph_vga/_char_wdata_reg[6]/C
                            (rising edge-triggered cell FDRE clocked by clk_out1_clk_wiz_0  {rise@0.000ns fall@10.000ns period=20.000ns})
  Destination:            <hidden>
                            (rising edge-triggered cell RAMB36E1 clocked by clk_out1_clk_wiz_0  {rise@0.000ns fall@10.000ns period=20.000ns})
  Path Group:             clk_out1_clk_wiz_0
  Path Type:              Setup (Max at Slow Process Corner)
  Requirement:            20.000ns  (clk_out1_clk_wiz_0 rise@20.000ns - clk_out1_clk_wiz_0 rise@0.000ns)
  Data Path Delay:        1.127ns  (logic 0.419ns (37.167%)  route 0.708ns (62.833%))
  Logic Levels:           0  
  Clock Path Skew:        -0.096ns (DCD - SCD + CPR)
    Destination Clock Delay (DCD):    -1.301ns = ( 18.699 - 20.000 ) 
    Source Clock Delay      (SCD):    -0.617ns
    Clock Pessimism Removal (CPR):    0.588ns
  Clock Uncertainty:      0.082ns  ((TSJ^2 + DJ^2)^1/2) / 2 + PE
    Total System Jitter     (TSJ):    0.071ns
    Discrete Jitter          (DJ):    0.148ns
    Phase Error              (PE):    0.000ns

    Location             Delay type                Incr(ns)  Path(ns)    Netlist Resource(s)
  -------------------------------------------------------------------    -------------------
                         (clock clk_out1_clk_wiz_0 rise edge)
                                                      0.000     0.000 r  
    K17                                               0.000     0.000 r  i_clk (IN)
                         net (fo=0)                   0.000     0.000    u_clk_wiz/inst/clk_in1
    K17                  IBUF (Prop_ibuf_I_O)         1.492     1.492 r  u_clk_wiz/inst/clkin1_ibufg/O
                         net (fo=1, routed)           1.285     2.777    u_clk_wiz/inst/clk_in1_clk_wiz_0
    MMCME2_ADV_X0Y1      MMCME2_ADV (Prop_mmcme2_adv_CLKIN1_CLKOUT0)
                                                     -6.996    -4.219 r  u_clk_wiz/inst/mmcm_adv_inst/CLKOUT0
                         net (fo=1, routed)           1.760    -2.459    u_clk_wiz/inst/clk_out1_clk_wiz_0
    BUFGCTRL_X0Y17       BUFG (Prop_bufg_I_O)         0.101    -2.358 r  u_clk_wiz/inst/clkout1_buf/O
                         net (fo=16, routed)          1.741    -0.617    periph_vga/clk_out1
    SLICE_X37Y21         FDRE                                         r  periph_vga/_char_wdata_reg[6]/C
  -------------------------------------------------------------------    -------------------
    SLICE_X37Y21         FDRE (Prop_fdre_C_Q)         0.419    -0.198 r  periph_vga/_char_wdata_reg[6]/Q
                         net (fo=6, routed)           0.708     0.510    <hidden>
    RAMB36_X2Y4          RAMB36E1                                     r  <hidden>
  -------------------------------------------------------------------    -------------------

                         (clock clk_out1_clk_wiz_0 rise edge)
                                                     20.000    20.000 r  
    K17                                               0.000    20.000 r  i_clk (IN)
                         net (fo=0)                   0.000    20.000    u_clk_wiz/inst/clk_in1
    K17                  IBUF (Prop_ibuf_I_O)         1.421    21.421 r  u_clk_wiz/inst/clkin1_ibufg/O
                         net (fo=1, routed)           1.162    22.583    u_clk_wiz/inst/clk_in1_clk_wiz_0
    MMCME2_ADV_X0Y1      MMCME2_ADV (Prop_mmcme2_adv_CLKIN1_CLKOUT0)
                                                     -7.105    15.478 r  u_clk_wiz/inst/mmcm_adv_inst/CLKOUT0
                         net (fo=1, routed)           1.599    17.077    u_clk_wiz/inst/clk_out1_clk_wiz_0
    BUFGCTRL_X0Y17       BUFG (Prop_bufg_I_O)         0.091    17.168 r  u_clk_wiz/inst/clkout1_buf/O
                         net (fo=16, routed)          1.531    18.699    <hidden>
    RAMB36_X2Y4          RAMB36E1                                     r  <hidden>
                         clock pessimism              0.588    19.287    
                         clock uncertainty           -0.082    19.205    
    RAMB36_X2Y4          RAMB36E1 (Setup_ramb36e1_CLKARDCLK_DIADI[3])
                                                     -0.912    18.293    <hidden>
  -------------------------------------------------------------------
                         required time                         18.293    
                         arrival time                          -0.510    
  -------------------------------------------------------------------
                         slack                                 17.783    

Slack (MET) :             17.790ns  (required time - arrival time)
  Source:                 periph_vga/_char_wdata_reg[6]/C
                            (rising edge-triggered cell FDRE clocked by clk_out1_clk_wiz_0  {rise@0.000ns fall@10.000ns period=20.000ns})
  Destination:            periph_vga/_char_wdata_reg[6]/D
                            (rising edge-triggered cell FDRE clocked by clk_out1_clk_wiz_0  {rise@0.000ns fall@10.000ns period=20.000ns})
  Path Group:             clk_out1_clk_wiz_0
  Path Type:              Setup (Max at Slow Process Corner)
  Requirement:            20.000ns  (clk_out1_clk_wiz_0 rise@20.000ns - clk_out1_clk_wiz_0 rise@0.000ns)
  Data Path Delay:        2.203ns  (logic 0.746ns (33.862%)  route 1.457ns (66.138%))
  Logic Levels:           1  (LUT3=1)
  Clock Path Skew:        0.000ns (DCD - SCD + CPR)
    Destination Clock Delay (DCD):    -1.265ns = ( 18.735 - 20.000 ) 
    Source Clock Delay      (SCD):    -0.617ns
    Clock Pessimism Removal (CPR):    0.648ns
  Clock Uncertainty:      0.082ns  ((TSJ^2 + DJ^2)^1/2) / 2 + PE
    Total System Jitter     (TSJ):    0.071ns
    Discrete Jitter          (DJ):    0.148ns
    Phase Error              (PE):    0.000ns

    Location             Delay type                Incr(ns)  Path(ns)    Netlist Resource(s)
  -------------------------------------------------------------------    -------------------
                         (clock clk_out1_clk_wiz_0 rise edge)
                                                      0.000     0.000 r  
    K17                                               0.000     0.000 r  i_clk (IN)
                         net (fo=0)                   0.000     0.000    u_clk_wiz/inst/clk_in1
    K17                  IBUF (Prop_ibuf_I_O)         1.492     1.492 r  u_clk_wiz/inst/clkin1_ibufg/O
                         net (fo=1, routed)           1.285     2.777    u_clk_wiz/inst/clk_in1_clk_wiz_0
    MMCME2_ADV_X0Y1      MMCME2_ADV (Prop_mmcme2_adv_CLKIN1_CLKOUT0)
                                                     -6.996    -4.219 r  u_clk_wiz/inst/mmcm_adv_inst/CLKOUT0
                         net (fo=1, routed)           1.760    -2.459    u_clk_wiz/inst/clk_out1_clk_wiz_0
    BUFGCTRL_X0Y17       BUFG (Prop_bufg_I_O)         0.101    -2.358 r  u_clk_wiz/inst/clkout1_buf/O
                         net (fo=16, routed)          1.741    -0.617    periph_vga/clk_out1
    SLICE_X37Y21         FDRE                                         r  periph_vga/_char_wdata_reg[6]/C
  -------------------------------------------------------------------    -------------------
    SLICE_X37Y21         FDRE (Prop_fdre_C_Q)         0.419    -0.198 r  periph_vga/_char_wdata_reg[6]/Q
                         net (fo=6, routed)           1.457     1.259    periph_vga/_char_wdata_reg_n_0_[6]
    SLICE_X37Y21         LUT3 (Prop_lut3_I2_O)        0.327     1.586 r  periph_vga/_char_wdata[6]_i_1/O
                         net (fo=1, routed)           0.000     1.586    periph_vga/_char_wdata[6]_i_1_n_0
    SLICE_X37Y21         FDRE                                         r  periph_vga/_char_wdata_reg[6]/D
  -------------------------------------------------------------------    -------------------

                         (clock clk_out1_clk_wiz_0 rise edge)
                                                     20.000    20.000 r  
    K17                                               0.000    20.000 r  i_clk (IN)
                         net (fo=0)                   0.000    20.000    u_clk_wiz/inst/clk_in1
    K17                  IBUF (Prop_ibuf_I_O)         1.421    21.421 r  u_clk_wiz/inst/clkin1_ibufg/O
                         net (fo=1, routed)           1.162    22.583    u_clk_wiz/inst/clk_in1_clk_wiz_0
    MMCME2_ADV_X0Y1      MMCME2_ADV (Prop_mmcme2_adv_CLKIN1_CLKOUT0)
                                                     -7.105    15.478 r  u_clk_wiz/inst/mmcm_adv_inst/CLKOUT0
                         net (fo=1, routed)           1.599    17.077    u_clk_wiz/inst/clk_out1_clk_wiz_0
    BUFGCTRL_X0Y17       BUFG (Prop_bufg_I_O)         0.091    17.168 r  u_clk_wiz/inst/clkout1_buf/O
                         net (fo=16, routed)          1.566    18.735    periph_vga/clk_out1
    SLICE_X37Y21         FDRE                                         r  periph_vga/_char_wdata_reg[6]/C
                         clock pessimism              0.648    19.383    
                         clock uncertainty           -0.082    19.301    
    SLICE_X37Y21         FDRE (Setup_fdre_C_D)        0.075    19.376    periph_vga/_char_wdata_reg[6]
  -------------------------------------------------------------------
                         required time                         19.376    
                         arrival time                          -1.586    
  -------------------------------------------------------------------
                         slack                                 17.790    





Min Delay Paths
--------------------------------------------------------------------------------------
Slack (MET) :             0.145ns  (arrival time - required time)
  Source:                 periph_vga/_char_wdata_reg[6]/C
                            (rising edge-triggered cell FDRE clocked by clk_out1_clk_wiz_0  {rise@0.000ns fall@10.000ns period=20.000ns})
  Destination:            <hidden>
                            (rising edge-triggered cell RAMB36E1 clocked by clk_out1_clk_wiz_0  {rise@0.000ns fall@10.000ns period=20.000ns})
  Path Group:             clk_out1_clk_wiz_0
  Path Type:              Hold (Min at Fast Process Corner)
  Requirement:            0.000ns  (clk_out1_clk_wiz_0 rise@0.000ns - clk_out1_clk_wiz_0 rise@0.000ns)
  Data Path Delay:        0.433ns  (logic 0.128ns (29.538%)  route 0.305ns (70.462%))
  Logic Levels:           0  
  Clock Path Skew:        0.046ns (DCD - SCD - CPR)
    Destination Clock Delay (DCD):    -0.701ns
    Source Clock Delay      (SCD):    -0.478ns
    Clock Pessimism Removal (CPR):    -0.269ns

    Location             Delay type                Incr(ns)  Path(ns)    Netlist Resource(s)
  -------------------------------------------------------------------    -------------------
                         (clock clk_out1_clk_wiz_0 rise edge)
                                                      0.000     0.000 r  
    K17                                               0.000     0.000 r  i_clk (IN)
                         net (fo=0)                   0.000     0.000    u_clk_wiz/inst/clk_in1
    K17                  IBUF (Prop_ibuf_I_O)         0.259     0.259 r  u_clk_wiz/inst/clkin1_ibufg/O
                         net (fo=1, routed)           0.440     0.700    u_clk_wiz/inst/clk_in1_clk_wiz_0
    MMCME2_ADV_X0Y1      MMCME2_ADV (Prop_mmcme2_adv_CLKIN1_CLKOUT0)
                                                     -2.268    -1.568 r  u_clk_wiz/inst/mmcm_adv_inst/CLKOUT0
                         net (fo=1, routed)           0.482    -1.086    u_clk_wiz/inst/clk_out1_clk_wiz_0
    BUFGCTRL_X0Y17       BUFG (Prop_bufg_I_O)         0.026    -1.060 r  u_clk_wiz/inst/clkout1_buf/O
                         net (fo=16, routed)          0.582    -0.478    periph_vga/clk_out1
    SLICE_X37Y21         FDRE                                         r  periph_vga/_char_wdata_reg[6]/C
  -------------------------------------------------------------------    -------------------
    SLICE_X37Y21         FDRE (Prop_fdre_C_Q)         0.128    -0.350 r  periph_vga/_char_wdata_reg[6]/Q
                         net (fo=6, routed)           0.305    -0.045    <hidden>
    RAMB36_X2Y4          RAMB36E1                                     r  <hidden>
  -------------------------------------------------------------------    -------------------

                         (clock clk_out1_clk_wiz_0 rise edge)
                                                      0.000     0.000 r  
    K17                                               0.000     0.000 r  i_clk (IN)
                         net (fo=0)                   0.000     0.000    u_clk_wiz/inst/clk_in1
    K17                  IBUF (Prop_ibuf_I_O)         0.447     0.447 r  u_clk_wiz/inst/clkin1_ibufg/O
                         net (fo=1, routed)           0.480     0.927    u_clk_wiz/inst/clk_in1_clk_wiz_0
    MMCME2_ADV_X0Y1      MMCME2_ADV (Prop_mmcme2_adv_CLKIN1_CLKOUT0)
                                                     -3.047    -2.120 r  u_clk_wiz/inst/mmcm_adv_inst/CLKOUT0
                         net (fo=1, routed)           0.528    -1.592    u_clk_wiz/inst/clk_out1_clk_wiz_0
    BUFGCTRL_X0Y17       BUFG (Prop_bufg_I_O)         0.029    -1.563 r  u_clk_wiz/inst/clkout1_buf/O
                         net (fo=16, routed)          0.861    -0.701    <hidden>
    RAMB36_X2Y4          RAMB36E1                                     r  <hidden>
                         clock pessimism              0.269    -0.432    
    RAMB36_X2Y4          RAMB36E1 (Hold_ramb36e1_CLKARDCLK_DIADI[6])
                                                      0.242    -0.190    <hidden>
  -------------------------------------------------------------------
                         required time                          0.190    
                         arrival time                          -0.045    
  -------------------------------------------------------------------
                         slack                                  0.145    

Slack (MET) :             0.168ns  (arrival time - required time)
  Source:                 periph_vga/_char_wdata_reg[6]/C
                            (rising edge-triggered cell FDRE clocked by clk_out1_clk_wiz_0  {rise@0.000ns fall@10.000ns period=20.000ns})
  Destination:            <hidden>
                            (rising edge-triggered cell RAMB36E1 clocked by clk_out1_clk_wiz_0  {rise@0.000ns fall@10.000ns period=20.000ns})
  Path Group:             clk_out1_clk_wiz_0
  Path Type:              Hold (Min at Fast Process Corner)
  Requirement:            0.000ns  (clk_out1_clk_wiz_0 rise@0.000ns - clk_out1_clk_wiz_0 rise@0.000ns)
  Data Path Delay:        0.457ns  (logic 0.128ns (28.017%)  route 0.329ns (71.983%))
  Logic Levels:           0  
  Clock Path Skew:        0.046ns (DCD - SCD - CPR)
    Destination Clock Delay (DCD):    -0.701ns
    Source Clock Delay      (SCD):    -0.478ns
    Clock Pessimism Removal (CPR):    -0.269ns

    Location             Delay type                Incr(ns)  Path(ns)    Netlist Resource(s)
  -------------------------------------------------------------------    -------------------
                         (clock clk_out1_clk_wiz_0 rise edge)
                                                      0.000     0.000 r  
    K17                                               0.000     0.000 r  i_clk (IN)
                         net (fo=0)                   0.000     0.000    u_clk_wiz/inst/clk_in1
    K17                  IBUF (Prop_ibuf_I_O)         0.259     0.259 r  u_clk_wiz/inst/clkin1_ibufg/O
                         net (fo=1, routed)           0.440     0.700    u_clk_wiz/inst/clk_in1_clk_wiz_0
    MMCME2_ADV_X0Y1      MMCME2_ADV (Prop_mmcme2_adv_CLKIN1_CLKOUT0)
                                                     -2.268    -1.568 r  u_clk_wiz/inst/mmcm_adv_inst/CLKOUT0
                         net (fo=1, routed)           0.482    -1.086    u_clk_wiz/inst/clk_out1_clk_wiz_0
    BUFGCTRL_X0Y17       BUFG (Prop_bufg_I_O)         0.026    -1.060 r  u_clk_wiz/inst/clkout1_buf/O
                         net (fo=16, routed)          0.582    -0.478    periph_vga/clk_out1
    SLICE_X37Y21         FDRE                                         r  periph_vga/_char_wdata_reg[6]/C
  -------------------------------------------------------------------    -------------------
    SLICE_X37Y21         FDRE (Prop_fdre_C_Q)         0.128    -0.350 r  periph_vga/_char_wdata_reg[6]/Q
                         net (fo=6, routed)           0.329    -0.022    <hidden>
    RAMB36_X2Y4          RAMB36E1                                     r  <hidden>
  -------------------------------------------------------------------    -------------------

                         (clock clk_out1_clk_wiz_0 rise edge)
                                                      0.000     0.000 r  
    K17                                               0.000     0.000 r  i_clk (IN)
                         net (fo=0)                   0.000     0.000    u_clk_wiz/inst/clk_in1
    K17                  IBUF (Prop_ibuf_I_O)         0.447     0.447 r  u_clk_wiz/inst/clkin1_ibufg/O
                         net (fo=1, routed)           0.480     0.927    u_clk_wiz/inst/clk_in1_clk_wiz_0
    MMCME2_ADV_X0Y1      MMCME2_ADV (Prop_mmcme2_adv_CLKIN1_CLKOUT0)
                                                     -3.047    -2.120 r  u_clk_wiz/inst/mmcm_adv_inst/CLKOUT0
                         net (fo=1, routed)           0.528    -1.592    u_clk_wiz/inst/clk_out1_clk_wiz_0
    BUFGCTRL_X0Y17       BUFG (Prop_bufg_I_O)         0.029    -1.563 r  u_clk_wiz/inst/clkout1_buf/O
                         net (fo=16, routed)          0.861    -0.701    <hidden>
    RAMB36_X2Y4          RAMB36E1                                     r  <hidden>
                         clock pessimism              0.269    -0.432    
    RAMB36_X2Y4          RAMB36E1 (Hold_ramb36e1_CLKARDCLK_DIADI[0])
                                                      0.242    -0.190    <hidden>
  -------------------------------------------------------------------
                         required time                          0.190    
                         arrival time                          -0.022    
  -------------------------------------------------------------------
                         slack                                  0.168    

Slack (MET) :             0.187ns  (arrival time - required time)
  Source:                 periph_vga/_char_wdata_reg[6]/C
                            (rising edge-triggered cell FDRE clocked by clk_out1_clk_wiz_0  {rise@0.000ns fall@10.000ns period=20.000ns})
  Destination:            <hidden>
                            (rising edge-triggered cell RAMB36E1 clocked by clk_out1_clk_wiz_0  {rise@0.000ns fall@10.000ns period=20.000ns})
  Path Group:             clk_out1_clk_wiz_0
  Path Type:              Hold (Min at Fast Process Corner)
  Requirement:            0.000ns  (clk_out1_clk_wiz_0 rise@0.000ns - clk_out1_clk_wiz_0 rise@0.000ns)
  Data Path Delay:        0.475ns  (logic 0.128ns (26.928%)  route 0.347ns (73.072%))
  Logic Levels:           0  
  Clock Path Skew:        0.046ns (DCD - SCD - CPR)
    Destination Clock Delay (DCD):    -0.701ns
    Source Clock Delay      (SCD):    -0.478ns
    Clock Pessimism Removal (CPR):    -0.269ns

    Location             Delay type                Incr(ns)  Path(ns)    Netlist Resource(s)
  -------------------------------------------------------------------    -------------------
                         (clock clk_out1_clk_wiz_0 rise edge)
                                                      0.000     0.000 r  
    K17                                               0.000     0.000 r  i_clk (IN)
                         net (fo=0)                   0.000     0.000    u_clk_wiz/inst/clk_in1
    K17                  IBUF (Prop_ibuf_I_O)         0.259     0.259 r  u_clk_wiz/inst/clkin1_ibufg/O
                         net (fo=1, routed)           0.440     0.700    u_clk_wiz/inst/clk_in1_clk_wiz_0
    MMCME2_ADV_X0Y1      MMCME2_ADV (Prop_mmcme2_adv_CLKIN1_CLKOUT0)
                                                     -2.268    -1.568 r  u_clk_wiz/inst/mmcm_adv_inst/CLKOUT0
                         net (fo=1, routed)           0.482    -1.086    u_clk_wiz/inst/clk_out1_clk_wiz_0
    BUFGCTRL_X0Y17       BUFG (Prop_bufg_I_O)         0.026    -1.060 r  u_clk_wiz/inst/clkout1_buf/O
                         net (fo=16, routed)          0.582    -0.478    periph_vga/clk_out1
    SLICE_X37Y21         FDRE                                         r  periph_vga/_char_wdata_reg[6]/C
  -------------------------------------------------------------------    -------------------
    SLICE_X37Y21         FDRE (Prop_fdre_C_Q)         0.128    -0.350 r  periph_vga/_char_wdata_reg[6]/Q
                         net (fo=6, routed)           0.347    -0.003    <hidden>
    RAMB36_X2Y4          RAMB36E1                                     r  <hidden>
  -------------------------------------------------------------------    -------------------

                         (clock clk_out1_clk_wiz_0 rise edge)
                                                      0.000     0.000 r  
    K17                                               0.000     0.000 r  i_clk (IN)
                         net (fo=0)                   0.000     0.000    u_clk_wiz/inst/clk_in1
    K17                  IBUF (Prop_ibuf_I_O)         0.447     0.447 r  u_clk_wiz/inst/clkin1_ibufg/O
                         net (fo=1, routed)           0.480     0.927    u_clk_wiz/inst/clk_in1_clk_wiz_0
    MMCME2_ADV_X0Y1      MMCME2_ADV (Prop_mmcme2_adv_CLKIN1_CLKOUT0)
                                                     -3.047    -2.120 r  u_clk_wiz/inst/mmcm_adv_inst/CLKOUT0
                         net (fo=1, routed)           0.528    -1.592    u_clk_wiz/inst/clk_out1_clk_wiz_0
    BUFGCTRL_X0Y17       BUFG (Prop_bufg_I_O)         0.029    -1.563 r  u_clk_wiz/inst/clkout1_buf/O
                         net (fo=16, routed)          0.861    -0.701    <hidden>
    RAMB36_X2Y4          RAMB36E1                                     r  <hidden>
                         clock pessimism              0.269    -0.432    
    RAMB36_X2Y4          RAMB36E1 (Hold_ramb36e1_CLKARDCLK_DIADI[3])
                                                      0.242    -0.190    <hidden>
  -------------------------------------------------------------------
                         required time                          0.190    
                         arrival time                          -0.003    
  -------------------------------------------------------------------
                         slack                                  0.187    

Slack (MET) :             0.189ns  (arrival time - required time)
  Source:                 periph_vga/_char_wdata_reg[6]/C
                            (rising edge-triggered cell FDRE clocked by clk_out1_clk_wiz_0  {rise@0.000ns fall@10.000ns period=20.000ns})
  Destination:            <hidden>
                            (rising edge-triggered cell RAMB36E1 clocked by clk_out1_clk_wiz_0  {rise@0.000ns fall@10.000ns period=20.000ns})
  Path Group:             clk_out1_clk_wiz_0
  Path Type:              Hold (Min at Fast Process Corner)
  Requirement:            0.000ns  (clk_out1_clk_wiz_0 rise@0.000ns - clk_out1_clk_wiz_0 rise@0.000ns)
  Data Path Delay:        0.477ns  (logic 0.128ns (26.815%)  route 0.349ns (73.185%))
  Logic Levels:           0  
  Clock Path Skew:        0.046ns (DCD - SCD - CPR)
    Destination Clock Delay (DCD):    -0.701ns
    Source Clock Delay      (SCD):    -0.478ns
    Clock Pessimism Removal (CPR):    -0.269ns

    Location             Delay type                Incr(ns)  Path(ns)    Netlist Resource(s)
  -------------------------------------------------------------------    -------------------
                         (clock clk_out1_clk_wiz_0 rise edge)
                                                      0.000     0.000 r  
    K17                                               0.000     0.000 r  i_clk (IN)
                         net (fo=0)                   0.000     0.000    u_clk_wiz/inst/clk_in1
    K17                  IBUF (Prop_ibuf_I_O)         0.259     0.259 r  u_clk_wiz/inst/clkin1_ibufg/O
                         net (fo=1, routed)           0.440     0.700    u_clk_wiz/inst/clk_in1_clk_wiz_0
    MMCME2_ADV_X0Y1      MMCME2_ADV (Prop_mmcme2_adv_CLKIN1_CLKOUT0)
                                                     -2.268    -1.568 r  u_clk_wiz/inst/mmcm_adv_inst/CLKOUT0
                         net (fo=1, routed)           0.482    -1.086    u_clk_wiz/inst/clk_out1_clk_wiz_0
    BUFGCTRL_X0Y17       BUFG (Prop_bufg_I_O)         0.026    -1.060 r  u_clk_wiz/inst/clkout1_buf/O
                         net (fo=16, routed)          0.582    -0.478    periph_vga/clk_out1
    SLICE_X37Y21         FDRE                                         r  periph_vga/_char_wdata_reg[6]/C
  -------------------------------------------------------------------    -------------------
    SLICE_X37Y21         FDRE (Prop_fdre_C_Q)         0.128    -0.350 r  periph_vga/_char_wdata_reg[6]/Q
                         net (fo=6, routed)           0.349    -0.001    <hidden>
    RAMB36_X2Y4          RAMB36E1                                     r  <hidden>
  -------------------------------------------------------------------    -------------------

                         (clock clk_out1_clk_wiz_0 rise edge)
                                                      0.000     0.000 r  
    K17                                               0.000     0.000 r  i_clk (IN)
                         net (fo=0)                   0.000     0.000    u_clk_wiz/inst/clk_in1
    K17                  IBUF (Prop_ibuf_I_O)         0.447     0.447 r  u_clk_wiz/inst/clkin1_ibufg/O
                         net (fo=1, routed)           0.480     0.927    u_clk_wiz/inst/clk_in1_clk_wiz_0
    MMCME2_ADV_X0Y1      MMCME2_ADV (Prop_mmcme2_adv_CLKIN1_CLKOUT0)
                                                     -3.047    -2.120 r  u_clk_wiz/inst/mmcm_adv_inst/CLKOUT0
                         net (fo=1, routed)           0.528    -1.592    u_clk_wiz/inst/clk_out1_clk_wiz_0
    BUFGCTRL_X0Y17       BUFG (Prop_bufg_I_O)         0.029    -1.563 r  u_clk_wiz/inst/clkout1_buf/O
                         net (fo=16, routed)          0.861    -0.701    <hidden>
    RAMB36_X2Y4          RAMB36E1                                     r  <hidden>
                         clock pessimism              0.269    -0.432    
    RAMB36_X2Y4          RAMB36E1 (Hold_ramb36e1_CLKARDCLK_DIADI[5])
                                                      0.242    -0.190    <hidden>
  -------------------------------------------------------------------
                         required time                          0.190    
                         arrival time                          -0.001    
  -------------------------------------------------------------------
                         slack                                  0.189    

Slack (MET) :             0.198ns  (arrival time - required time)
  Source:                 periph_vga/_char_waddr_reg[10]/C
                            (rising edge-triggered cell FDRE clocked by clk_out1_clk_wiz_0  {rise@0.000ns fall@10.000ns period=20.000ns})
  Destination:            <hidden>
                            (rising edge-triggered cell RAMB36E1 clocked by clk_out1_clk_wiz_0  {rise@0.000ns fall@10.000ns period=20.000ns})
  Path Group:             clk_out1_clk_wiz_0
  Path Type:              Hold (Min at Fast Process Corner)
  Requirement:            0.000ns  (clk_out1_clk_wiz_0 rise@0.000ns - clk_out1_clk_wiz_0 rise@0.000ns)
  Data Path Delay:        0.427ns  (logic 0.141ns (32.986%)  route 0.286ns (67.014%))
  Logic Levels:           0  
  Clock Path Skew:        0.046ns (DCD - SCD - CPR)
    Destination Clock Delay (DCD):    -0.701ns
    Source Clock Delay      (SCD):    -0.478ns
    Clock Pessimism Removal (CPR):    -0.269ns

    Location             Delay type                Incr(ns)  Path(ns)    Netlist Resource(s)
  -------------------------------------------------------------------    -------------------
                         (clock clk_out1_clk_wiz_0 rise edge)
                                                      0.000     0.000 r  
    K17                                               0.000     0.000 r  i_clk (IN)
                         net (fo=0)                   0.000     0.000    u_clk_wiz/inst/clk_in1
    K17                  IBUF (Prop_ibuf_I_O)         0.259     0.259 r  u_clk_wiz/inst/clkin1_ibufg/O
                         net (fo=1, routed)           0.440     0.700    u_clk_wiz/inst/clk_in1_clk_wiz_0
    MMCME2_ADV_X0Y1      MMCME2_ADV (Prop_mmcme2_adv_CLKIN1_CLKOUT0)
                                                     -2.268    -1.568 r  u_clk_wiz/inst/mmcm_adv_inst/CLKOUT0
                         net (fo=1, routed)           0.482    -1.086    u_clk_wiz/inst/clk_out1_clk_wiz_0
    BUFGCTRL_X0Y17       BUFG (Prop_bufg_I_O)         0.026    -1.060 r  u_clk_wiz/inst/clkout1_buf/O
                         net (fo=16, routed)          0.582    -0.478    periph_vga/clk_out1
    SLICE_X37Y21         FDRE                                         r  periph_vga/_char_waddr_reg[10]/C
  -------------------------------------------------------------------    -------------------
    SLICE_X37Y21         FDRE (Prop_fdre_C_Q)         0.141    -0.337 r  periph_vga/_char_waddr_reg[10]/Q
                         net (fo=6, routed)           0.286    -0.051    <hidden>
    RAMB36_X2Y4          RAMB36E1                                     r  <hidden>
  -------------------------------------------------------------------    -------------------

                         (clock clk_out1_clk_wiz_0 rise edge)
                                                      0.000     0.000 r  
    K17                                               0.000     0.000 r  i_clk (IN)
                         net (fo=0)                   0.000     0.000    u_clk_wiz/inst/clk_in1
    K17                  IBUF (Prop_ibuf_I_O)         0.447     0.447 r  u_clk_wiz/inst/clkin1_ibufg/O
                         net (fo=1, routed)           0.480     0.927    u_clk_wiz/inst/clk_in1_clk_wiz_0
    MMCME2_ADV_X0Y1      MMCME2_ADV (Prop_mmcme2_adv_CLKIN1_CLKOUT0)
                                                     -3.047    -2.120 r  u_clk_wiz/inst/mmcm_adv_inst/CLKOUT0
                         net (fo=1, routed)           0.528    -1.592    u_clk_wiz/inst/clk_out1_clk_wiz_0
    BUFGCTRL_X0Y17       BUFG (Prop_bufg_I_O)         0.029    -1.563 r  u_clk_wiz/inst/clkout1_buf/O
                         net (fo=16, routed)          0.861    -0.701    <hidden>
    RAMB36_X2Y4          RAMB36E1                                     r  <hidden>
                         clock pessimism              0.269    -0.432    
    RAMB36_X2Y4          RAMB36E1 (Hold_ramb36e1_CLKARDCLK_ADDRARDADDR[13])
                                                      0.183    -0.249    <hidden>
  -------------------------------------------------------------------
                         required time                          0.249    
                         arrival time                          -0.051    
  -------------------------------------------------------------------
                         slack                                  0.198    

Slack (MET) :             0.205ns  (arrival time - required time)
  Source:                 periph_vga/_char_wdata_reg[6]/C
                            (rising edge-triggered cell FDRE clocked by clk_out1_clk_wiz_0  {rise@0.000ns fall@10.000ns period=20.000ns})
  Destination:            <hidden>
                            (rising edge-triggered cell RAMB36E1 clocked by clk_out1_clk_wiz_0  {rise@0.000ns fall@10.000ns period=20.000ns})
  Path Group:             clk_out1_clk_wiz_0
  Path Type:              Hold (Min at Fast Process Corner)
  Requirement:            0.000ns  (clk_out1_clk_wiz_0 rise@0.000ns - clk_out1_clk_wiz_0 rise@0.000ns)
  Data Path Delay:        0.494ns  (logic 0.128ns (25.921%)  route 0.366ns (74.079%))
  Logic Levels:           0  
  Clock Path Skew:        0.046ns (DCD - SCD - CPR)
    Destination Clock Delay (DCD):    -0.701ns
    Source Clock Delay      (SCD):    -0.478ns
    Clock Pessimism Removal (CPR):    -0.269ns

    Location             Delay type                Incr(ns)  Path(ns)    Netlist Resource(s)
  -------------------------------------------------------------------    -------------------
                         (clock clk_out1_clk_wiz_0 rise edge)
                                                      0.000     0.000 r  
    K17                                               0.000     0.000 r  i_clk (IN)
                         net (fo=0)                   0.000     0.000    u_clk_wiz/inst/clk_in1
    K17                  IBUF (Prop_ibuf_I_O)         0.259     0.259 r  u_clk_wiz/inst/clkin1_ibufg/O
                         net (fo=1, routed)           0.440     0.700    u_clk_wiz/inst/clk_in1_clk_wiz_0
    MMCME2_ADV_X0Y1      MMCME2_ADV (Prop_mmcme2_adv_CLKIN1_CLKOUT0)
                                                     -2.268    -1.568 r  u_clk_wiz/inst/mmcm_adv_inst/CLKOUT0
                         net (fo=1, routed)           0.482    -1.086    u_clk_wiz/inst/clk_out1_clk_wiz_0
    BUFGCTRL_X0Y17       BUFG (Prop_bufg_I_O)         0.026    -1.060 r  u_clk_wiz/inst/clkout1_buf/O
                         net (fo=16, routed)          0.582    -0.478    periph_vga/clk_out1
    SLICE_X37Y21         FDRE                                         r  periph_vga/_char_wdata_reg[6]/C
  -------------------------------------------------------------------    -------------------
    SLICE_X37Y21         FDRE (Prop_fdre_C_Q)         0.128    -0.350 r  periph_vga/_char_wdata_reg[6]/Q
                         net (fo=6, routed)           0.366     0.015    <hidden>
    RAMB36_X2Y4          RAMB36E1                                     r  <hidden>
  -------------------------------------------------------------------    -------------------

                         (clock clk_out1_clk_wiz_0 rise edge)
                                                      0.000     0.000 r  
    K17                                               0.000     0.000 r  i_clk (IN)
                         net (fo=0)                   0.000     0.000    u_clk_wiz/inst/clk_in1
    K17                  IBUF (Prop_ibuf_I_O)         0.447     0.447 r  u_clk_wiz/inst/clkin1_ibufg/O
                         net (fo=1, routed)           0.480     0.927    u_clk_wiz/inst/clk_in1_clk_wiz_0
    MMCME2_ADV_X0Y1      MMCME2_ADV (Prop_mmcme2_adv_CLKIN1_CLKOUT0)
                                                     -3.047    -2.120 r  u_clk_wiz/inst/mmcm_adv_inst/CLKOUT0
                         net (fo=1, routed)           0.528    -1.592    u_clk_wiz/inst/clk_out1_clk_wiz_0
    BUFGCTRL_X0Y17       BUFG (Prop_bufg_I_O)         0.029    -1.563 r  u_clk_wiz/inst/clkout1_buf/O
                         net (fo=16, routed)          0.861    -0.701    <hidden>
    RAMB36_X2Y4          RAMB36E1                                     r  <hidden>
                         clock pessimism              0.269    -0.432    
    RAMB36_X2Y4          RAMB36E1 (Hold_ramb36e1_CLKARDCLK_DIADI[2])
                                                      0.242    -0.190    <hidden>
  -------------------------------------------------------------------
                         required time                          0.190    
                         arrival time                           0.015    
  -------------------------------------------------------------------
                         slack                                  0.205    

Slack (MET) :             0.226ns  (arrival time - required time)
  Source:                 periph_vga/_m_write_pending_reg/C
                            (rising edge-triggered cell FDSE clocked by clk_out1_clk_wiz_0  {rise@0.000ns fall@10.000ns period=20.000ns})
  Destination:            periph_vga/_char_wdata_reg[6]/D
                            (rising edge-triggered cell FDRE clocked by clk_out1_clk_wiz_0  {rise@0.000ns fall@10.000ns period=20.000ns})
  Path Group:             clk_out1_clk_wiz_0
  Path Type:              Hold (Min at Fast Process Corner)
  Requirement:            0.000ns  (clk_out1_clk_wiz_0 rise@0.000ns - clk_out1_clk_wiz_0 rise@0.000ns)
  Data Path Delay:        0.347ns  (logic 0.189ns (54.495%)  route 0.158ns (45.505%))
  Logic Levels:           1  (LUT3=1)
  Clock Path Skew:        0.014ns (DCD - SCD - CPR)
    Destination Clock Delay (DCD):    -0.714ns
    Source Clock Delay      (SCD):    -0.478ns
    Clock Pessimism Removal (CPR):    -0.249ns

    Location             Delay type                Incr(ns)  Path(ns)    Netlist Resource(s)
  -------------------------------------------------------------------    -------------------
                         (clock clk_out1_clk_wiz_0 rise edge)
                                                      0.000     0.000 r  
    K17                                               0.000     0.000 r  i_clk (IN)
                         net (fo=0)                   0.000     0.000    u_clk_wiz/inst/clk_in1
    K17                  IBUF (Prop_ibuf_I_O)         0.259     0.259 r  u_clk_wiz/inst/clkin1_ibufg/O
                         net (fo=1, routed)           0.440     0.700    u_clk_wiz/inst/clk_in1_clk_wiz_0
    MMCME2_ADV_X0Y1      MMCME2_ADV (Prop_mmcme2_adv_CLKIN1_CLKOUT0)
                                                     -2.268    -1.568 r  u_clk_wiz/inst/mmcm_adv_inst/CLKOUT0
                         net (fo=1, routed)           0.482    -1.086    u_clk_wiz/inst/clk_out1_clk_wiz_0
    BUFGCTRL_X0Y17       BUFG (Prop_bufg_I_O)         0.026    -1.060 r  u_clk_wiz/inst/clkout1_buf/O
                         net (fo=16, routed)          0.582    -0.478    periph_vga/clk_out1
    SLICE_X36Y22         FDSE                                         r  periph_vga/_m_write_pending_reg/C
  -------------------------------------------------------------------    -------------------
    SLICE_X36Y22         FDSE (Prop_fdse_C_Q)         0.141    -0.337 f  periph_vga/_m_write_pending_reg/Q
                         net (fo=4, routed)           0.158    -0.180    periph_vga/_m_write_pending
    SLICE_X37Y21         LUT3 (Prop_lut3_I0_O)        0.048    -0.132 r  periph_vga/_char_wdata[6]_i_1/O
                         net (fo=1, routed)           0.000    -0.132    periph_vga/_char_wdata[6]_i_1_n_0
    SLICE_X37Y21         FDRE                                         r  periph_vga/_char_wdata_reg[6]/D
  -------------------------------------------------------------------    -------------------

                         (clock clk_out1_clk_wiz_0 rise edge)
                                                      0.000     0.000 r  
    K17                                               0.000     0.000 r  i_clk (IN)
                         net (fo=0)                   0.000     0.000    u_clk_wiz/inst/clk_in1
    K17                  IBUF (Prop_ibuf_I_O)         0.447     0.447 r  u_clk_wiz/inst/clkin1_ibufg/O
                         net (fo=1, routed)           0.480     0.927    u_clk_wiz/inst/clk_in1_clk_wiz_0
    MMCME2_ADV_X0Y1      MMCME2_ADV (Prop_mmcme2_adv_CLKIN1_CLKOUT0)
                                                     -3.047    -2.120 r  u_clk_wiz/inst/mmcm_adv_inst/CLKOUT0
                         net (fo=1, routed)           0.528    -1.592    u_clk_wiz/inst/clk_out1_clk_wiz_0
    BUFGCTRL_X0Y17       BUFG (Prop_bufg_I_O)         0.029    -1.563 r  u_clk_wiz/inst/clkout1_buf/O
                         net (fo=16, routed)          0.849    -0.714    periph_vga/clk_out1
    SLICE_X37Y21         FDRE                                         r  periph_vga/_char_wdata_reg[6]/C
                         clock pessimism              0.249    -0.464    
    SLICE_X37Y21         FDRE (Hold_fdre_C_D)         0.107    -0.357    periph_vga/_char_wdata_reg[6]
  -------------------------------------------------------------------
                         required time                          0.357    
                         arrival time                          -0.132    
  -------------------------------------------------------------------
                         slack                                  0.226    

Slack (MET) :             0.239ns  (arrival time - required time)
  Source:                 periph_vga/_m_write_pending_reg/C
                            (rising edge-triggered cell FDSE clocked by clk_out1_clk_wiz_0  {rise@0.000ns fall@10.000ns period=20.000ns})
  Destination:            periph_vga/_char_waddr_reg[10]/D
                            (rising edge-triggered cell FDRE clocked by clk_out1_clk_wiz_0  {rise@0.000ns fall@10.000ns period=20.000ns})
  Path Group:             clk_out1_clk_wiz_0
  Path Type:              Hold (Min at Fast Process Corner)
  Requirement:            0.000ns  (clk_out1_clk_wiz_0 rise@0.000ns - clk_out1_clk_wiz_0 rise@0.000ns)
  Data Path Delay:        0.344ns  (logic 0.186ns (54.098%)  route 0.158ns (45.902%))
  Logic Levels:           1  (LUT3=1)
  Clock Path Skew:        0.014ns (DCD - SCD - CPR)
    Destination Clock Delay (DCD):    -0.714ns
    Source Clock Delay      (SCD):    -0.478ns
    Clock Pessimism Removal (CPR):    -0.249ns

    Location             Delay type                Incr(ns)  Path(ns)    Netlist Resource(s)
  -------------------------------------------------------------------    -------------------
                         (clock clk_out1_clk_wiz_0 rise edge)
                                                      0.000     0.000 r  
    K17                                               0.000     0.000 r  i_clk (IN)
                         net (fo=0)                   0.000     0.000    u_clk_wiz/inst/clk_in1
    K17                  IBUF (Prop_ibuf_I_O)         0.259     0.259 r  u_clk_wiz/inst/clkin1_ibufg/O
                         net (fo=1, routed)           0.440     0.700    u_clk_wiz/inst/clk_in1_clk_wiz_0
    MMCME2_ADV_X0Y1      MMCME2_ADV (Prop_mmcme2_adv_CLKIN1_CLKOUT0)
                                                     -2.268    -1.568 r  u_clk_wiz/inst/mmcm_adv_inst/CLKOUT0
                         net (fo=1, routed)           0.482    -1.086    u_clk_wiz/inst/clk_out1_clk_wiz_0
    BUFGCTRL_X0Y17       BUFG (Prop_bufg_I_O)         0.026    -1.060 r  u_clk_wiz/inst/clkout1_buf/O
                         net (fo=16, routed)          0.582    -0.478    periph_vga/clk_out1
    SLICE_X36Y22         FDSE                                         r  periph_vga/_m_write_pending_reg/C
  -------------------------------------------------------------------    -------------------
    SLICE_X36Y22         FDSE (Prop_fdse_C_Q)         0.141    -0.337 f  periph_vga/_m_write_pending_reg/Q
                         net (fo=4, routed)           0.158    -0.180    periph_vga/_m_write_pending
    SLICE_X37Y21         LUT3 (Prop_lut3_I1_O)        0.045    -0.135 r  periph_vga/_char_waddr[10]_i_1/O
                         net (fo=1, routed)           0.000    -0.135    periph_vga/_char_waddr[10]_i_1_n_0
    SLICE_X37Y21         FDRE                                         r  periph_vga/_char_waddr_reg[10]/D
  -------------------------------------------------------------------    -------------------

                         (clock clk_out1_clk_wiz_0 rise edge)
                                                      0.000     0.000 r  
    K17                                               0.000     0.000 r  i_clk (IN)
                         net (fo=0)                   0.000     0.000    u_clk_wiz/inst/clk_in1
    K17                  IBUF (Prop_ibuf_I_O)         0.447     0.447 r  u_clk_wiz/inst/clkin1_ibufg/O
                         net (fo=1, routed)           0.480     0.927    u_clk_wiz/inst/clk_in1_clk_wiz_0
    MMCME2_ADV_X0Y1      MMCME2_ADV (Prop_mmcme2_adv_CLKIN1_CLKOUT0)
                                                     -3.047    -2.120 r  u_clk_wiz/inst/mmcm_adv_inst/CLKOUT0
                         net (fo=1, routed)           0.528    -1.592    u_clk_wiz/inst/clk_out1_clk_wiz_0
    BUFGCTRL_X0Y17       BUFG (Prop_bufg_I_O)         0.029    -1.563 r  u_clk_wiz/inst/clkout1_buf/O
                         net (fo=16, routed)          0.849    -0.714    periph_vga/clk_out1
    SLICE_X37Y21         FDRE                                         r  periph_vga/_char_waddr_reg[10]/C
                         clock pessimism              0.249    -0.464    
    SLICE_X37Y21         FDRE (Hold_fdre_C_D)         0.091    -0.373    periph_vga/_char_waddr_reg[10]
  -------------------------------------------------------------------
                         required time                          0.373    
                         arrival time                          -0.135    
  -------------------------------------------------------------------
                         slack                                  0.239    

Slack (MET) :             0.241ns  (arrival time - required time)
  Source:                 FSM_sequential__state_reg[0]/C
                            (rising edge-triggered cell FDRE clocked by clk_out1_clk_wiz_0  {rise@0.000ns fall@10.000ns period=20.000ns})
  Destination:            _wdata_reg[0]/D
                            (rising edge-triggered cell FDRE clocked by clk_out1_clk_wiz_0  {rise@0.000ns fall@10.000ns period=20.000ns})
  Path Group:             clk_out1_clk_wiz_0
  Path Type:              Hold (Min at Fast Process Corner)
  Requirement:            0.000ns  (clk_out1_clk_wiz_0 rise@0.000ns - clk_out1_clk_wiz_0 rise@0.000ns)
  Data Path Delay:        0.348ns  (logic 0.192ns (55.123%)  route 0.156ns (44.877%))
  Logic Levels:           1  (LUT4=1)
  Clock Path Skew:        0.000ns (DCD - SCD - CPR)
    Destination Clock Delay (DCD):    -0.715ns
    Source Clock Delay      (SCD):    -0.478ns
    Clock Pessimism Removal (CPR):    -0.236ns

    Location             Delay type                Incr(ns)  Path(ns)    Netlist Resource(s)
  -------------------------------------------------------------------    -------------------
                         (clock clk_out1_clk_wiz_0 rise edge)
                                                      0.000     0.000 r  
    K17                                               0.000     0.000 r  i_clk (IN)
                         net (fo=0)                   0.000     0.000    u_clk_wiz/inst/clk_in1
    K17                  IBUF (Prop_ibuf_I_O)         0.259     0.259 r  u_clk_wiz/inst/clkin1_ibufg/O
                         net (fo=1, routed)           0.440     0.700    u_clk_wiz/inst/clk_in1_clk_wiz_0
    MMCME2_ADV_X0Y1      MMCME2_ADV (Prop_mmcme2_adv_CLKIN1_CLKOUT0)
                                                     -2.268    -1.568 r  u_clk_wiz/inst/mmcm_adv_inst/CLKOUT0
                         net (fo=1, routed)           0.482    -1.086    u_clk_wiz/inst/clk_out1_clk_wiz_0
    BUFGCTRL_X0Y17       BUFG (Prop_bufg_I_O)         0.026    -1.060 r  u_clk_wiz/inst/clkout1_buf/O
                         net (fo=16, routed)          0.582    -0.478    _clkSystem
    SLICE_X43Y23         FDRE                                         r  FSM_sequential__state_reg[0]/C
  -------------------------------------------------------------------    -------------------
    SLICE_X43Y23         FDRE (Prop_fdre_C_Q)         0.141    -0.337 r  FSM_sequential__state_reg[0]/Q
                         net (fo=6, routed)           0.156    -0.181    _state[0]
    SLICE_X43Y23         LUT4 (Prop_lut4_I1_O)        0.051    -0.130 r  _wdata[0]_i_1/O
                         net (fo=1, routed)           0.000    -0.130    _wdata[0]_i_1_n_0
    SLICE_X43Y23         FDRE                                         r  _wdata_reg[0]/D
  -------------------------------------------------------------------    -------------------

                         (clock clk_out1_clk_wiz_0 rise edge)
                                                      0.000     0.000 r  
    K17                                               0.000     0.000 r  i_clk (IN)
                         net (fo=0)                   0.000     0.000    u_clk_wiz/inst/clk_in1
    K17                  IBUF (Prop_ibuf_I_O)         0.447     0.447 r  u_clk_wiz/inst/clkin1_ibufg/O
                         net (fo=1, routed)           0.480     0.927    u_clk_wiz/inst/clk_in1_clk_wiz_0
    MMCME2_ADV_X0Y1      MMCME2_ADV (Prop_mmcme2_adv_CLKIN1_CLKOUT0)
                                                     -3.047    -2.120 r  u_clk_wiz/inst/mmcm_adv_inst/CLKOUT0
                         net (fo=1, routed)           0.528    -1.592    u_clk_wiz/inst/clk_out1_clk_wiz_0
    BUFGCTRL_X0Y17       BUFG (Prop_bufg_I_O)         0.029    -1.563 r  u_clk_wiz/inst/clkout1_buf/O
                         net (fo=16, routed)          0.848    -0.715    _clkSystem
    SLICE_X43Y23         FDRE                                         r  _wdata_reg[0]/C
                         clock pessimism              0.236    -0.478    
    SLICE_X43Y23         FDRE (Hold_fdre_C_D)         0.107    -0.371    _wdata_reg[0]
  -------------------------------------------------------------------
                         required time                          0.371    
                         arrival time                          -0.130    
  -------------------------------------------------------------------
                         slack                                  0.241    

Slack (MET) :             0.244ns  (arrival time - required time)
  Source:                 FSM_sequential__state_reg[0]/C
                            (rising edge-triggered cell FDRE clocked by clk_out1_clk_wiz_0  {rise@0.000ns fall@10.000ns period=20.000ns})
  Destination:            _sel_reg/D
                            (rising edge-triggered cell FDRE clocked by clk_out1_clk_wiz_0  {rise@0.000ns fall@10.000ns period=20.000ns})
  Path Group:             clk_out1_clk_wiz_0
  Path Type:              Hold (Min at Fast Process Corner)
  Requirement:            0.000ns  (clk_out1_clk_wiz_0 rise@0.000ns - clk_out1_clk_wiz_0 rise@0.000ns)
  Data Path Delay:        0.351ns  (logic 0.183ns (52.101%)  route 0.168ns (47.899%))
  Logic Levels:           1  (LUT4=1)
  Clock Path Skew:        0.000ns (DCD - SCD - CPR)
    Destination Clock Delay (DCD):    -0.715ns
    Source Clock Delay      (SCD):    -0.478ns
    Clock Pessimism Removal (CPR):    -0.236ns

    Location             Delay type                Incr(ns)  Path(ns)    Netlist Resource(s)
  -------------------------------------------------------------------    -------------------
                         (clock clk_out1_clk_wiz_0 rise edge)
                                                      0.000     0.000 r  
    K17                                               0.000     0.000 r  i_clk (IN)
                         net (fo=0)                   0.000     0.000    u_clk_wiz/inst/clk_in1
    K17                  IBUF (Prop_ibuf_I_O)         0.259     0.259 r  u_clk_wiz/inst/clkin1_ibufg/O
                         net (fo=1, routed)           0.440     0.700    u_clk_wiz/inst/clk_in1_clk_wiz_0
    MMCME2_ADV_X0Y1      MMCME2_ADV (Prop_mmcme2_adv_CLKIN1_CLKOUT0)
                                                     -2.268    -1.568 r  u_clk_wiz/inst/mmcm_adv_inst/CLKOUT0
                         net (fo=1, routed)           0.482    -1.086    u_clk_wiz/inst/clk_out1_clk_wiz_0
    BUFGCTRL_X0Y17       BUFG (Prop_bufg_I_O)         0.026    -1.060 r  u_clk_wiz/inst/clkout1_buf/O
                         net (fo=16, routed)          0.582    -0.478    _clkSystem
    SLICE_X43Y23         FDRE                                         r  FSM_sequential__state_reg[0]/C
  -------------------------------------------------------------------    -------------------
    SLICE_X43Y23         FDRE (Prop_fdre_C_Q)         0.141    -0.337 r  FSM_sequential__state_reg[0]/Q
                         net (fo=6, routed)           0.168    -0.169    _state[0]
    SLICE_X43Y23         LUT4 (Prop_lut4_I3_O)        0.042    -0.127 r  _sel_i_1/O
                         net (fo=1, routed)           0.000    -0.127    _sel_i_1_n_0
    SLICE_X43Y23         FDRE                                         r  _sel_reg/D
  -------------------------------------------------------------------    -------------------

                         (clock clk_out1_clk_wiz_0 rise edge)
                                                      0.000     0.000 r  
    K17                                               0.000     0.000 r  i_clk (IN)
                         net (fo=0)                   0.000     0.000    u_clk_wiz/inst/clk_in1
    K17                  IBUF (Prop_ibuf_I_O)         0.447     0.447 r  u_clk_wiz/inst/clkin1_ibufg/O
                         net (fo=1, routed)           0.480     0.927    u_clk_wiz/inst/clk_in1_clk_wiz_0
    MMCME2_ADV_X0Y1      MMCME2_ADV (Prop_mmcme2_adv_CLKIN1_CLKOUT0)
                                                     -3.047    -2.120 r  u_clk_wiz/inst/mmcm_adv_inst/CLKOUT0
                         net (fo=1, routed)           0.528    -1.592    u_clk_wiz/inst/clk_out1_clk_wiz_0
    BUFGCTRL_X0Y17       BUFG (Prop_bufg_I_O)         0.029    -1.563 r  u_clk_wiz/inst/clkout1_buf/O
                         net (fo=16, routed)          0.848    -0.715    _clkSystem
    SLICE_X43Y23         FDRE                                         r  _sel_reg/C
                         clock pessimism              0.236    -0.478    
    SLICE_X43Y23         FDRE (Hold_fdre_C_D)         0.107    -0.371    _sel_reg
  -------------------------------------------------------------------
                         required time                          0.371    
                         arrival time                          -0.127    
  -------------------------------------------------------------------
                         slack                                  0.244    





Pulse Width Checks
--------------------------------------------------------------------------------------
Clock Name:         clk_out1_clk_wiz_0
Waveform(ns):       { 0.000 10.000 }
Period(ns):         20.000
Sources:            { u_clk_wiz/inst/mmcm_adv_inst/CLKOUT0 }

Check Type        Corner  Lib Pin             Reference Pin  Required(ns)  Actual(ns)  Slack(ns)  Location         Pin
Min Period        n/a     RAMB36E1/CLKARDCLK  n/a            2.576         20.000      17.424     RAMB36_X2Y4      <hidden>
Min Period        n/a     BUFG/I              n/a            2.155         20.000      17.845     BUFGCTRL_X0Y17   u_clk_wiz/inst/clkout1_buf/I
Min Period        n/a     MMCME2_ADV/CLKOUT0  n/a            1.249         20.000      18.751     MMCME2_ADV_X0Y1  u_clk_wiz/inst/mmcm_adv_inst/CLKOUT0
Min Period        n/a     FDRE/C              n/a            1.000         20.000      19.000     SLICE_X43Y23     FSM_sequential__state_reg[0]/C
Min Period        n/a     FDRE/C              n/a            1.000         20.000      19.000     SLICE_X43Y23     FSM_sequential__state_reg[1]/C
Min Period        n/a     FDRE/C              n/a            1.000         20.000      19.000     SLICE_X43Y23     FSM_sequential__state_reg[2]/C
Min Period        n/a     FDRE/C              n/a            1.000         20.000      19.000     SLICE_X43Y23     _addr_reg[0]/C
Min Period        n/a     FDPE/C              n/a            1.000         20.000      19.000     SLICE_X43Y32     _rst_sync_reg/C
Min Period        n/a     FDRE/C              n/a            1.000         20.000      19.000     SLICE_X43Y23     _sel_reg/C
Min Period        n/a     FDRE/C              n/a            1.000         20.000      19.000     SLICE_X43Y23     _wdata_reg[0]/C
Max Period        n/a     MMCME2_ADV/CLKOUT0  n/a            213.360       20.000      193.360    MMCME2_ADV_X0Y1  u_clk_wiz/inst/mmcm_adv_inst/CLKOUT0
Low Pulse Width   Slow    FDRE/C              n/a            0.500         10.000      9.500      SLICE_X43Y23     FSM_sequential__state_reg[0]/C
Low Pulse Width   Fast    FDRE/C              n/a            0.500         10.000      9.500      SLICE_X43Y23     FSM_sequential__state_reg[0]/C
Low Pulse Width   Slow    FDRE/C              n/a            0.500         10.000      9.500      SLICE_X43Y23     FSM_sequential__state_reg[1]/C
Low Pulse Width   Fast    FDRE/C              n/a            0.500         10.000      9.500      SLICE_X43Y23     FSM_sequential__state_reg[1]/C
Low Pulse Width   Slow    FDRE/C              n/a            0.500         10.000      9.500      SLICE_X43Y23     FSM_sequential__state_reg[2]/C
Low Pulse Width   Fast    FDRE/C              n/a            0.500         10.000      9.500      SLICE_X43Y23     FSM_sequential__state_reg[2]/C
Low Pulse Width   Slow    FDRE/C              n/a            0.500         10.000      9.500      SLICE_X43Y23     _addr_reg[0]/C
Low Pulse Width   Fast    FDRE/C              n/a            0.500         10.000      9.500      SLICE_X43Y23     _addr_reg[0]/C
Low Pulse Width   Slow    FDPE/C              n/a            0.500         10.000      9.500      SLICE_X43Y32     _rst_sync_reg/C
Low Pulse Width   Fast    FDPE/C              n/a            0.500         10.000      9.500      SLICE_X43Y32     _rst_sync_reg/C
High Pulse Width  Slow    FDRE/C              n/a            0.500         10.000      9.500      SLICE_X43Y23     FSM_sequential__state_reg[0]/C
High Pulse Width  Fast    FDRE/C              n/a            0.500         10.000      9.500      SLICE_X43Y23     FSM_sequential__state_reg[0]/C
High Pulse Width  Slow    FDRE/C              n/a            0.500         10.000      9.500      SLICE_X43Y23     FSM_sequential__state_reg[1]/C
High Pulse Width  Fast    FDRE/C              n/a            0.500         10.000      9.500      SLICE_X43Y23     FSM_sequential__state_reg[1]/C
High Pulse Width  Slow    FDRE/C              n/a            0.500         10.000      9.500      SLICE_X43Y23     FSM_sequential__state_reg[2]/C
High Pulse Width  Fast    FDRE/C              n/a            0.500         10.000      9.500      SLICE_X43Y23     FSM_sequential__state_reg[2]/C
High Pulse Width  Slow    FDRE/C              n/a            0.500         10.000      9.500      SLICE_X43Y23     _addr_reg[0]/C
High Pulse Width  Fast    FDRE/C              n/a            0.500         10.000      9.500      SLICE_X43Y23     _addr_reg[0]/C
High Pulse Width  Slow    FDPE/C              n/a            0.500         10.000      9.500      SLICE_X43Y32     _rst_sync_reg/C
High Pulse Width  Fast    FDPE/C              n/a            0.500         10.000      9.500      SLICE_X43Y32     _rst_sync_reg/C



---------------------------------------------------------------------------------------------------
From Clock:  clk_out2_clk_wiz_0
  To Clock:  clk_out2_clk_wiz_0

Setup :            0  Failing Endpoints,  Worst Slack       26.150ns,  Total Violation        0.000ns
Hold  :            0  Failing Endpoints,  Worst Slack        0.216ns,  Total Violation        0.000ns
PW    :            0  Failing Endpoints,  Worst Slack       19.362ns,  Total Violation        0.000ns
---------------------------------------------------------------------------------------------------


Max Delay Paths
--------------------------------------------------------------------------------------
Slack (MET) :             26.150ns  (required time - arrival time)
  Source:                 <hidden>
                            (rising edge-triggered cell RAMB36E1 clocked by clk_out2_clk_wiz_0  {rise@0.000ns fall@19.862ns period=39.724ns})
  Destination:            periph_vga/hsync_module/_vga_green_reg[3]_lopt_replica_3/D
                            (rising edge-triggered cell FDRE clocked by clk_out2_clk_wiz_0  {rise@0.000ns fall@19.862ns period=39.724ns})
  Path Group:             clk_out2_clk_wiz_0
  Path Type:              Setup (Max at Slow Process Corner)
  Requirement:            39.724ns  (clk_out2_clk_wiz_0 rise@39.724ns - clk_out2_clk_wiz_0 rise@0.000ns)
  Data Path Delay:        13.408ns  (logic 3.577ns (26.677%)  route 9.831ns (73.323%))
  Logic Levels:           7  (LUT6=5 MUXF7=1 MUXF8=1)
  Clock Path Skew:        -0.015ns (DCD - SCD + CPR)
    Destination Clock Delay (DCD):    -1.256ns = ( 38.468 - 39.724 ) 
    Source Clock Delay      (SCD):    -0.653ns
    Clock Pessimism Removal (CPR):    0.588ns
  Clock Uncertainty:      0.092ns  ((TSJ^2 + DJ^2)^1/2) / 2 + PE
    Total System Jitter     (TSJ):    0.071ns
    Discrete Jitter          (DJ):    0.170ns
    Phase Error              (PE):    0.000ns

    Location             Delay type                Incr(ns)  Path(ns)    Netlist Resource(s)
  -------------------------------------------------------------------    -------------------
                         (clock clk_out2_clk_wiz_0 rise edge)
                                                      0.000     0.000 r  
    K17                                               0.000     0.000 r  i_clk (IN)
                         net (fo=0)                   0.000     0.000    u_clk_wiz/inst/clk_in1
    K17                  IBUF (Prop_ibuf_I_O)         1.492     1.492 r  u_clk_wiz/inst/clkin1_ibufg/O
                         net (fo=1, routed)           1.285     2.777    u_clk_wiz/inst/clk_in1_clk_wiz_0
    MMCME2_ADV_X0Y1      MMCME2_ADV (Prop_mmcme2_adv_CLKIN1_CLKOUT1)
                                                     -6.996    -4.219 r  u_clk_wiz/inst/mmcm_adv_inst/CLKOUT1
                         net (fo=1, routed)           1.760    -2.459    u_clk_wiz/inst/clk_out2_clk_wiz_0
    BUFGCTRL_X0Y16       BUFG (Prop_bufg_I_O)         0.101    -2.358 r  u_clk_wiz/inst/clkout2_buf/O
                         net (fo=55, routed)          1.705    -0.653    <hidden>
    RAMB36_X2Y4          RAMB36E1                                     r  <hidden>
  -------------------------------------------------------------------    -------------------
    RAMB36_X2Y4          RAMB36E1 (Prop_ramb36e1_CLKBWRCLK_DOBDO[0])
                                                      2.454     1.801 r  <hidden>
                         net (fo=413, routed)         4.528     6.329    <hidden>
    SLICE_X22Y30         LUT6 (Prop_lut6_I1_O)        0.124     6.453 f  <hidden>
                         net (fo=1, routed)           0.674     7.127    <hidden>
    SLICE_X22Y30         LUT6 (Prop_lut6_I3_O)        0.124     7.251 f  <hidden>
                         net (fo=1, routed)           0.943     8.194    <hidden>
    SLICE_X27Y28         LUT6 (Prop_lut6_I3_O)        0.124     8.318 f  <hidden>
                         net (fo=1, routed)           0.000     8.318    <hidden>
    SLICE_X27Y28         MUXF7 (Prop_muxf7_I1_O)      0.217     8.535 f  <hidden>
                         net (fo=1, routed)           0.000     8.535    <hidden>
    SLICE_X27Y28         MUXF8 (Prop_muxf8_I1_O)      0.094     8.629 f  <hidden>
                         net (fo=1, routed)           1.389    10.018    periph_vga/hsync_module/spo[1]
    SLICE_X37Y26         LUT6 (Prop_lut6_I1_O)        0.316    10.334 f  periph_vga/hsync_module/_vga_red[3]_i_4/O
                         net (fo=2, routed)           1.019    11.354    periph_vga/hsync_module/_vga_red[3]_i_4_n_0
    SLICE_X40Y24         LUT6 (Prop_lut6_I2_O)        0.124    11.478 r  periph_vga/hsync_module/_vga_green[3]_i_1/O
                         net (fo=4, routed)           1.278    12.756    periph_vga/hsync_module/_vga_green[3]_i_1_n_0
    SLICE_X43Y37         FDRE                                         r  periph_vga/hsync_module/_vga_green_reg[3]_lopt_replica_3/D
  -------------------------------------------------------------------    -------------------

                         (clock clk_out2_clk_wiz_0 rise edge)
                                                     39.724    39.724 r  
    K17                                               0.000    39.724 r  i_clk (IN)
                         net (fo=0)                   0.000    39.724    u_clk_wiz/inst/clk_in1
    K17                  IBUF (Prop_ibuf_I_O)         1.421    41.145 r  u_clk_wiz/inst/clkin1_ibufg/O
                         net (fo=1, routed)           1.162    42.307    u_clk_wiz/inst/clk_in1_clk_wiz_0
    MMCME2_ADV_X0Y1      MMCME2_ADV (Prop_mmcme2_adv_CLKIN1_CLKOUT1)
                                                     -7.105    35.202 r  u_clk_wiz/inst/mmcm_adv_inst/CLKOUT1
                         net (fo=1, routed)           1.599    36.801    u_clk_wiz/inst/clk_out2_clk_wiz_0
    BUFGCTRL_X0Y16       BUFG (Prop_bufg_I_O)         0.091    36.892 r  u_clk_wiz/inst/clkout2_buf/O
                         net (fo=55, routed)          1.575    38.468    periph_vga/hsync_module/CLK
    SLICE_X43Y37         FDRE                                         r  periph_vga/hsync_module/_vga_green_reg[3]_lopt_replica_3/C
                         clock pessimism              0.588    39.056    
                         clock uncertainty           -0.092    38.964    
    SLICE_X43Y37         FDRE (Setup_fdre_C_D)       -0.058    38.906    periph_vga/hsync_module/_vga_green_reg[3]_lopt_replica_3
  -------------------------------------------------------------------
                         required time                         38.906    
                         arrival time                         -12.756    
  -------------------------------------------------------------------
                         slack                                 26.150    

Slack (MET) :             26.321ns  (required time - arrival time)
  Source:                 <hidden>
                            (rising edge-triggered cell RAMB36E1 clocked by clk_out2_clk_wiz_0  {rise@0.000ns fall@19.862ns period=39.724ns})
  Destination:            periph_vga/hsync_module/_vga_green_reg[3]_lopt_replica/D
                            (rising edge-triggered cell FDRE clocked by clk_out2_clk_wiz_0  {rise@0.000ns fall@19.862ns period=39.724ns})
  Path Group:             clk_out2_clk_wiz_0
  Path Type:              Setup (Max at Slow Process Corner)
  Requirement:            39.724ns  (clk_out2_clk_wiz_0 rise@39.724ns - clk_out2_clk_wiz_0 rise@0.000ns)
  Data Path Delay:        13.215ns  (logic 3.577ns (27.068%)  route 9.638ns (72.932%))
  Logic Levels:           7  (LUT6=5 MUXF7=1 MUXF8=1)
  Clock Path Skew:        -0.015ns (DCD - SCD + CPR)
    Destination Clock Delay (DCD):    -1.256ns = ( 38.468 - 39.724 ) 
    Source Clock Delay      (SCD):    -0.653ns
    Clock Pessimism Removal (CPR):    0.588ns
  Clock Uncertainty:      0.092ns  ((TSJ^2 + DJ^2)^1/2) / 2 + PE
    Total System Jitter     (TSJ):    0.071ns
    Discrete Jitter          (DJ):    0.170ns
    Phase Error              (PE):    0.000ns

    Location             Delay type                Incr(ns)  Path(ns)    Netlist Resource(s)
  -------------------------------------------------------------------    -------------------
                         (clock clk_out2_clk_wiz_0 rise edge)
                                                      0.000     0.000 r  
    K17                                               0.000     0.000 r  i_clk (IN)
                         net (fo=0)                   0.000     0.000    u_clk_wiz/inst/clk_in1
    K17                  IBUF (Prop_ibuf_I_O)         1.492     1.492 r  u_clk_wiz/inst/clkin1_ibufg/O
                         net (fo=1, routed)           1.285     2.777    u_clk_wiz/inst/clk_in1_clk_wiz_0
    MMCME2_ADV_X0Y1      MMCME2_ADV (Prop_mmcme2_adv_CLKIN1_CLKOUT1)
                                                     -6.996    -4.219 r  u_clk_wiz/inst/mmcm_adv_inst/CLKOUT1
                         net (fo=1, routed)           1.760    -2.459    u_clk_wiz/inst/clk_out2_clk_wiz_0
    BUFGCTRL_X0Y16       BUFG (Prop_bufg_I_O)         0.101    -2.358 r  u_clk_wiz/inst/clkout2_buf/O
                         net (fo=55, routed)          1.705    -0.653    <hidden>
    RAMB36_X2Y4          RAMB36E1                                     r  <hidden>
  -------------------------------------------------------------------    -------------------
    RAMB36_X2Y4          RAMB36E1 (Prop_ramb36e1_CLKBWRCLK_DOBDO[0])
                                                      2.454     1.801 r  <hidden>
                         net (fo=413, routed)         4.528     6.329    <hidden>
    SLICE_X22Y30         LUT6 (Prop_lut6_I1_O)        0.124     6.453 f  <hidden>
                         net (fo=1, routed)           0.674     7.127    <hidden>
    SLICE_X22Y30         LUT6 (Prop_lut6_I3_O)        0.124     7.251 f  <hidden>
                         net (fo=1, routed)           0.943     8.194    <hidden>
    SLICE_X27Y28         LUT6 (Prop_lut6_I3_O)        0.124     8.318 f  <hidden>
                         net (fo=1, routed)           0.000     8.318    <hidden>
    SLICE_X27Y28         MUXF7 (Prop_muxf7_I1_O)      0.217     8.535 f  <hidden>
                         net (fo=1, routed)           0.000     8.535    <hidden>
    SLICE_X27Y28         MUXF8 (Prop_muxf8_I1_O)      0.094     8.629 f  <hidden>
                         net (fo=1, routed)           1.389    10.018    periph_vga/hsync_module/spo[1]
    SLICE_X37Y26         LUT6 (Prop_lut6_I1_O)        0.316    10.334 f  periph_vga/hsync_module/_vga_red[3]_i_4/O
                         net (fo=2, routed)           1.019    11.354    periph_vga/hsync_module/_vga_red[3]_i_4_n_0
    SLICE_X40Y24         LUT6 (Prop_lut6_I2_O)        0.124    11.478 r  periph_vga/hsync_module/_vga_green[3]_i_1/O
                         net (fo=4, routed)           1.084    12.562    periph_vga/hsync_module/_vga_green[3]_i_1_n_0
    SLICE_X43Y37         FDRE                                         r  periph_vga/hsync_module/_vga_green_reg[3]_lopt_replica/D
  -------------------------------------------------------------------    -------------------

                         (clock clk_out2_clk_wiz_0 rise edge)
                                                     39.724    39.724 r  
    K17                                               0.000    39.724 r  i_clk (IN)
                         net (fo=0)                   0.000    39.724    u_clk_wiz/inst/clk_in1
    K17                  IBUF (Prop_ibuf_I_O)         1.421    41.145 r  u_clk_wiz/inst/clkin1_ibufg/O
                         net (fo=1, routed)           1.162    42.307    u_clk_wiz/inst/clk_in1_clk_wiz_0
    MMCME2_ADV_X0Y1      MMCME2_ADV (Prop_mmcme2_adv_CLKIN1_CLKOUT1)
                                                     -7.105    35.202 r  u_clk_wiz/inst/mmcm_adv_inst/CLKOUT1
                         net (fo=1, routed)           1.599    36.801    u_clk_wiz/inst/clk_out2_clk_wiz_0
    BUFGCTRL_X0Y16       BUFG (Prop_bufg_I_O)         0.091    36.892 r  u_clk_wiz/inst/clkout2_buf/O
                         net (fo=55, routed)          1.575    38.468    periph_vga/hsync_module/CLK
    SLICE_X43Y37         FDRE                                         r  periph_vga/hsync_module/_vga_green_reg[3]_lopt_replica/C
                         clock pessimism              0.588    39.056    
                         clock uncertainty           -0.092    38.964    
    SLICE_X43Y37         FDRE (Setup_fdre_C_D)       -0.081    38.883    periph_vga/hsync_module/_vga_green_reg[3]_lopt_replica
  -------------------------------------------------------------------
                         required time                         38.883    
                         arrival time                         -12.562    
  -------------------------------------------------------------------
                         slack                                 26.321    

Slack (MET) :             26.330ns  (required time - arrival time)
  Source:                 <hidden>
                            (rising edge-triggered cell RAMB36E1 clocked by clk_out2_clk_wiz_0  {rise@0.000ns fall@19.862ns period=39.724ns})
  Destination:            periph_vga/hsync_module/_vga_green_reg[3]_lopt_replica_2/D
                            (rising edge-triggered cell FDRE clocked by clk_out2_clk_wiz_0  {rise@0.000ns fall@19.862ns period=39.724ns})
  Path Group:             clk_out2_clk_wiz_0
  Path Type:              Setup (Max at Slow Process Corner)
  Requirement:            39.724ns  (clk_out2_clk_wiz_0 rise@39.724ns - clk_out2_clk_wiz_0 rise@0.000ns)
  Data Path Delay:        13.226ns  (logic 3.577ns (27.046%)  route 9.649ns (72.954%))
  Logic Levels:           7  (LUT6=5 MUXF7=1 MUXF8=1)
  Clock Path Skew:        -0.015ns (DCD - SCD + CPR)
    Destination Clock Delay (DCD):    -1.256ns = ( 38.468 - 39.724 ) 
    Source Clock Delay      (SCD):    -0.653ns
    Clock Pessimism Removal (CPR):    0.588ns
  Clock Uncertainty:      0.092ns  ((TSJ^2 + DJ^2)^1/2) / 2 + PE
    Total System Jitter     (TSJ):    0.071ns
    Discrete Jitter          (DJ):    0.170ns
    Phase Error              (PE):    0.000ns

    Location             Delay type                Incr(ns)  Path(ns)    Netlist Resource(s)
  -------------------------------------------------------------------    -------------------
                         (clock clk_out2_clk_wiz_0 rise edge)
                                                      0.000     0.000 r  
    K17                                               0.000     0.000 r  i_clk (IN)
                         net (fo=0)                   0.000     0.000    u_clk_wiz/inst/clk_in1
    K17                  IBUF (Prop_ibuf_I_O)         1.492     1.492 r  u_clk_wiz/inst/clkin1_ibufg/O
                         net (fo=1, routed)           1.285     2.777    u_clk_wiz/inst/clk_in1_clk_wiz_0
    MMCME2_ADV_X0Y1      MMCME2_ADV (Prop_mmcme2_adv_CLKIN1_CLKOUT1)
                                                     -6.996    -4.219 r  u_clk_wiz/inst/mmcm_adv_inst/CLKOUT1
                         net (fo=1, routed)           1.760    -2.459    u_clk_wiz/inst/clk_out2_clk_wiz_0
    BUFGCTRL_X0Y16       BUFG (Prop_bufg_I_O)         0.101    -2.358 r  u_clk_wiz/inst/clkout2_buf/O
                         net (fo=55, routed)          1.705    -0.653    <hidden>
    RAMB36_X2Y4          RAMB36E1                                     r  <hidden>
  -------------------------------------------------------------------    -------------------
    RAMB36_X2Y4          RAMB36E1 (Prop_ramb36e1_CLKBWRCLK_DOBDO[0])
                                                      2.454     1.801 r  <hidden>
                         net (fo=413, routed)         4.528     6.329    <hidden>
    SLICE_X22Y30         LUT6 (Prop_lut6_I1_O)        0.124     6.453 f  <hidden>
                         net (fo=1, routed)           0.674     7.127    <hidden>
    SLICE_X22Y30         LUT6 (Prop_lut6_I3_O)        0.124     7.251 f  <hidden>
                         net (fo=1, routed)           0.943     8.194    <hidden>
    SLICE_X27Y28         LUT6 (Prop_lut6_I3_O)        0.124     8.318 f  <hidden>
                         net (fo=1, routed)           0.000     8.318    <hidden>
    SLICE_X27Y28         MUXF7 (Prop_muxf7_I1_O)      0.217     8.535 f  <hidden>
                         net (fo=1, routed)           0.000     8.535    <hidden>
    SLICE_X27Y28         MUXF8 (Prop_muxf8_I1_O)      0.094     8.629 f  <hidden>
                         net (fo=1, routed)           1.389    10.018    periph_vga/hsync_module/spo[1]
    SLICE_X37Y26         LUT6 (Prop_lut6_I1_O)        0.316    10.334 f  periph_vga/hsync_module/_vga_red[3]_i_4/O
                         net (fo=2, routed)           1.019    11.354    periph_vga/hsync_module/_vga_red[3]_i_4_n_0
    SLICE_X40Y24         LUT6 (Prop_lut6_I2_O)        0.124    11.478 r  periph_vga/hsync_module/_vga_green[3]_i_1/O
                         net (fo=4, routed)           1.095    12.573    periph_vga/hsync_module/_vga_green[3]_i_1_n_0
    SLICE_X43Y37         FDRE                                         r  periph_vga/hsync_module/_vga_green_reg[3]_lopt_replica_2/D
  -------------------------------------------------------------------    -------------------

                         (clock clk_out2_clk_wiz_0 rise edge)
                                                     39.724    39.724 r  
    K17                                               0.000    39.724 r  i_clk (IN)
                         net (fo=0)                   0.000    39.724    u_clk_wiz/inst/clk_in1
    K17                  IBUF (Prop_ibuf_I_O)         1.421    41.145 r  u_clk_wiz/inst/clkin1_ibufg/O
                         net (fo=1, routed)           1.162    42.307    u_clk_wiz/inst/clk_in1_clk_wiz_0
    MMCME2_ADV_X0Y1      MMCME2_ADV (Prop_mmcme2_adv_CLKIN1_CLKOUT1)
                                                     -7.105    35.202 r  u_clk_wiz/inst/mmcm_adv_inst/CLKOUT1
                         net (fo=1, routed)           1.599    36.801    u_clk_wiz/inst/clk_out2_clk_wiz_0
    BUFGCTRL_X0Y16       BUFG (Prop_bufg_I_O)         0.091    36.892 r  u_clk_wiz/inst/clkout2_buf/O
                         net (fo=55, routed)          1.575    38.468    periph_vga/hsync_module/CLK
    SLICE_X43Y37         FDRE                                         r  periph_vga/hsync_module/_vga_green_reg[3]_lopt_replica_2/C
                         clock pessimism              0.588    39.056    
                         clock uncertainty           -0.092    38.964    
    SLICE_X43Y37         FDRE (Setup_fdre_C_D)       -0.061    38.903    periph_vga/hsync_module/_vga_green_reg[3]_lopt_replica_2
  -------------------------------------------------------------------
                         required time                         38.903    
                         arrival time                         -12.573    
  -------------------------------------------------------------------
                         slack                                 26.330    

Slack (MET) :             26.437ns  (required time - arrival time)
  Source:                 <hidden>
                            (rising edge-triggered cell RAMB36E1 clocked by clk_out2_clk_wiz_0  {rise@0.000ns fall@19.862ns period=39.724ns})
  Destination:            periph_vga/hsync_module/_vga_red_reg[3]/D
                            (rising edge-triggered cell FDRE clocked by clk_out2_clk_wiz_0  {rise@0.000ns fall@19.862ns period=39.724ns})
  Path Group:             clk_out2_clk_wiz_0
  Path Type:              Setup (Max at Slow Process Corner)
  Requirement:            39.724ns  (clk_out2_clk_wiz_0 rise@39.724ns - clk_out2_clk_wiz_0 rise@0.000ns)
  Data Path Delay:        13.113ns  (logic 3.577ns (27.278%)  route 9.536ns (72.722%))
  Logic Levels:           7  (LUT5=1 LUT6=4 MUXF7=1 MUXF8=1)
  Clock Path Skew:        -0.014ns (DCD - SCD + CPR)
    Destination Clock Delay (DCD):    -1.255ns = ( 38.469 - 39.724 ) 
    Source Clock Delay      (SCD):    -0.653ns
    Clock Pessimism Removal (CPR):    0.588ns
  Clock Uncertainty:      0.092ns  ((TSJ^2 + DJ^2)^1/2) / 2 + PE
    Total System Jitter     (TSJ):    0.071ns
    Discrete Jitter          (DJ):    0.170ns
    Phase Error              (PE):    0.000ns

    Location             Delay type                Incr(ns)  Path(ns)    Netlist Resource(s)
  -------------------------------------------------------------------    -------------------
                         (clock clk_out2_clk_wiz_0 rise edge)
                                                      0.000     0.000 r  
    K17                                               0.000     0.000 r  i_clk (IN)
                         net (fo=0)                   0.000     0.000    u_clk_wiz/inst/clk_in1
    K17                  IBUF (Prop_ibuf_I_O)         1.492     1.492 r  u_clk_wiz/inst/clkin1_ibufg/O
                         net (fo=1, routed)           1.285     2.777    u_clk_wiz/inst/clk_in1_clk_wiz_0
    MMCME2_ADV_X0Y1      MMCME2_ADV (Prop_mmcme2_adv_CLKIN1_CLKOUT1)
                                                     -6.996    -4.219 r  u_clk_wiz/inst/mmcm_adv_inst/CLKOUT1
                         net (fo=1, routed)           1.760    -2.459    u_clk_wiz/inst/clk_out2_clk_wiz_0
    BUFGCTRL_X0Y16       BUFG (Prop_bufg_I_O)         0.101    -2.358 r  u_clk_wiz/inst/clkout2_buf/O
                         net (fo=55, routed)          1.705    -0.653    <hidden>
    RAMB36_X2Y4          RAMB36E1                                     r  <hidden>
  -------------------------------------------------------------------    -------------------
    RAMB36_X2Y4          RAMB36E1 (Prop_ramb36e1_CLKBWRCLK_DOBDO[0])
                                                      2.454     1.801 r  <hidden>
                         net (fo=413, routed)         4.528     6.329    <hidden>
    SLICE_X22Y30         LUT6 (Prop_lut6_I1_O)        0.124     6.453 f  <hidden>
                         net (fo=1, routed)           0.674     7.127    <hidden>
    SLICE_X22Y30         LUT6 (Prop_lut6_I3_O)        0.124     7.251 f  <hidden>
                         net (fo=1, routed)           0.943     8.194    <hidden>
    SLICE_X27Y28         LUT6 (Prop_lut6_I3_O)        0.124     8.318 f  <hidden>
                         net (fo=1, routed)           0.000     8.318    <hidden>
    SLICE_X27Y28         MUXF7 (Prop_muxf7_I1_O)      0.217     8.535 f  <hidden>
                         net (fo=1, routed)           0.000     8.535    <hidden>
    SLICE_X27Y28         MUXF8 (Prop_muxf8_I1_O)      0.094     8.629 f  <hidden>
                         net (fo=1, routed)           1.389    10.018    periph_vga/hsync_module/spo[1]
    SLICE_X37Y26         LUT6 (Prop_lut6_I1_O)        0.316    10.334 f  periph_vga/hsync_module/_vga_red[3]_i_4/O
                         net (fo=2, routed)           0.632    10.966    periph_vga/hsync_module/_vga_red[3]_i_4_n_0
    SLICE_X40Y24         LUT5 (Prop_lut5_I2_O)        0.124    11.090 r  periph_vga/hsync_module/_vga_red[3]_i_2/O
                         net (fo=8, routed)           1.370    12.461    periph_vga/hsync_module/_vga_red[3]_i_2_n_0
    SLICE_X43Y38         FDRE                                         r  periph_vga/hsync_module/_vga_red_reg[3]/D
  -------------------------------------------------------------------    -------------------

                         (clock clk_out2_clk_wiz_0 rise edge)
                                                     39.724    39.724 r  
    K17                                               0.000    39.724 r  i_clk (IN)
                         net (fo=0)                   0.000    39.724    u_clk_wiz/inst/clk_in1
    K17                  IBUF (Prop_ibuf_I_O)         1.421    41.145 r  u_clk_wiz/inst/clkin1_ibufg/O
                         net (fo=1, routed)           1.162    42.307    u_clk_wiz/inst/clk_in1_clk_wiz_0
    MMCME2_ADV_X0Y1      MMCME2_ADV (Prop_mmcme2_adv_CLKIN1_CLKOUT1)
                                                     -7.105    35.202 r  u_clk_wiz/inst/mmcm_adv_inst/CLKOUT1
                         net (fo=1, routed)           1.599    36.801    u_clk_wiz/inst/clk_out2_clk_wiz_0
    BUFGCTRL_X0Y16       BUFG (Prop_bufg_I_O)         0.091    36.892 r  u_clk_wiz/inst/clkout2_buf/O
                         net (fo=55, routed)          1.576    38.469    periph_vga/hsync_module/CLK
    SLICE_X43Y38         FDRE                                         r  periph_vga/hsync_module/_vga_red_reg[3]/C
                         clock pessimism              0.588    39.057    
                         clock uncertainty           -0.092    38.965    
    SLICE_X43Y38         FDRE (Setup_fdre_C_D)       -0.067    38.898    periph_vga/hsync_module/_vga_red_reg[3]
  -------------------------------------------------------------------
                         required time                         38.898    
                         arrival time                         -12.461    
  -------------------------------------------------------------------
                         slack                                 26.437    

Slack (MET) :             26.446ns  (required time - arrival time)
  Source:                 <hidden>
                            (rising edge-triggered cell RAMB36E1 clocked by clk_out2_clk_wiz_0  {rise@0.000ns fall@19.862ns period=39.724ns})
  Destination:            periph_vga/hsync_module/_vga_red_reg[3]_lopt_replica_7/D
                            (rising edge-triggered cell FDRE clocked by clk_out2_clk_wiz_0  {rise@0.000ns fall@19.862ns period=39.724ns})
  Path Group:             clk_out2_clk_wiz_0
  Path Type:              Setup (Max at Slow Process Corner)
  Requirement:            39.724ns  (clk_out2_clk_wiz_0 rise@39.724ns - clk_out2_clk_wiz_0 rise@0.000ns)
  Data Path Delay:        13.113ns  (logic 3.577ns (27.278%)  route 9.536ns (72.722%))
  Logic Levels:           7  (LUT5=1 LUT6=4 MUXF7=1 MUXF8=1)
  Clock Path Skew:        -0.014ns (DCD - SCD + CPR)
    Destination Clock Delay (DCD):    -1.255ns = ( 38.469 - 39.724 ) 
    Source Clock Delay      (SCD):    -0.653ns
    Clock Pessimism Removal (CPR):    0.588ns
  Clock Uncertainty:      0.092ns  ((TSJ^2 + DJ^2)^1/2) / 2 + PE
    Total System Jitter     (TSJ):    0.071ns
    Discrete Jitter          (DJ):    0.170ns
    Phase Error              (PE):    0.000ns

    Location             Delay type                Incr(ns)  Path(ns)    Netlist Resource(s)
  -------------------------------------------------------------------    -------------------
                         (clock clk_out2_clk_wiz_0 rise edge)
                                                      0.000     0.000 r  
    K17                                               0.000     0.000 r  i_clk (IN)
                         net (fo=0)                   0.000     0.000    u_clk_wiz/inst/clk_in1
    K17                  IBUF (Prop_ibuf_I_O)         1.492     1.492 r  u_clk_wiz/inst/clkin1_ibufg/O
                         net (fo=1, routed)           1.285     2.777    u_clk_wiz/inst/clk_in1_clk_wiz_0
    MMCME2_ADV_X0Y1      MMCME2_ADV (Prop_mmcme2_adv_CLKIN1_CLKOUT1)
                                                     -6.996    -4.219 r  u_clk_wiz/inst/mmcm_adv_inst/CLKOUT1
                         net (fo=1, routed)           1.760    -2.459    u_clk_wiz/inst/clk_out2_clk_wiz_0
    BUFGCTRL_X0Y16       BUFG (Prop_bufg_I_O)         0.101    -2.358 r  u_clk_wiz/inst/clkout2_buf/O
                         net (fo=55, routed)          1.705    -0.653    <hidden>
    RAMB36_X2Y4          RAMB36E1                                     r  <hidden>
  -------------------------------------------------------------------    -------------------
    RAMB36_X2Y4          RAMB36E1 (Prop_ramb36e1_CLKBWRCLK_DOBDO[0])
                                                      2.454     1.801 r  <hidden>
                         net (fo=413, routed)         4.528     6.329    <hidden>
    SLICE_X22Y30         LUT6 (Prop_lut6_I1_O)        0.124     6.453 f  <hidden>
                         net (fo=1, routed)           0.674     7.127    <hidden>
    SLICE_X22Y30         LUT6 (Prop_lut6_I3_O)        0.124     7.251 f  <hidden>
                         net (fo=1, routed)           0.943     8.194    <hidden>
    SLICE_X27Y28         LUT6 (Prop_lut6_I3_O)        0.124     8.318 f  <hidden>
                         net (fo=1, routed)           0.000     8.318    <hidden>
    SLICE_X27Y28         MUXF7 (Prop_muxf7_I1_O)      0.217     8.535 f  <hidden>
                         net (fo=1, routed)           0.000     8.535    <hidden>
    SLICE_X27Y28         MUXF8 (Prop_muxf8_I1_O)      0.094     8.629 f  <hidden>
                         net (fo=1, routed)           1.389    10.018    periph_vga/hsync_module/spo[1]
    SLICE_X37Y26         LUT6 (Prop_lut6_I1_O)        0.316    10.334 f  periph_vga/hsync_module/_vga_red[3]_i_4/O
                         net (fo=2, routed)           0.632    10.966    periph_vga/hsync_module/_vga_red[3]_i_4_n_0
    SLICE_X40Y24         LUT5 (Prop_lut5_I2_O)        0.124    11.090 r  periph_vga/hsync_module/_vga_red[3]_i_2/O
                         net (fo=8, routed)           1.370    12.461    periph_vga/hsync_module/_vga_red[3]_i_2_n_0
    SLICE_X43Y38         FDRE                                         r  periph_vga/hsync_module/_vga_red_reg[3]_lopt_replica_7/D
  -------------------------------------------------------------------    -------------------

                         (clock clk_out2_clk_wiz_0 rise edge)
                                                     39.724    39.724 r  
    K17                                               0.000    39.724 r  i_clk (IN)
                         net (fo=0)                   0.000    39.724    u_clk_wiz/inst/clk_in1
    K17                  IBUF (Prop_ibuf_I_O)         1.421    41.145 r  u_clk_wiz/inst/clkin1_ibufg/O
                         net (fo=1, routed)           1.162    42.307    u_clk_wiz/inst/clk_in1_clk_wiz_0
    MMCME2_ADV_X0Y1      MMCME2_ADV (Prop_mmcme2_adv_CLKIN1_CLKOUT1)
                                                     -7.105    35.202 r  u_clk_wiz/inst/mmcm_adv_inst/CLKOUT1
                         net (fo=1, routed)           1.599    36.801    u_clk_wiz/inst/clk_out2_clk_wiz_0
    BUFGCTRL_X0Y16       BUFG (Prop_bufg_I_O)         0.091    36.892 r  u_clk_wiz/inst/clkout2_buf/O
                         net (fo=55, routed)          1.576    38.469    periph_vga/hsync_module/CLK
    SLICE_X43Y38         FDRE                                         r  periph_vga/hsync_module/_vga_red_reg[3]_lopt_replica_7/C
                         clock pessimism              0.588    39.057    
                         clock uncertainty           -0.092    38.965    
    SLICE_X43Y38         FDRE (Setup_fdre_C_D)       -0.058    38.907    periph_vga/hsync_module/_vga_red_reg[3]_lopt_replica_7
  -------------------------------------------------------------------
                         required time                         38.907    
                         arrival time                         -12.461    
  -------------------------------------------------------------------
                         slack                                 26.446    

Slack (MET) :             26.524ns  (required time - arrival time)
  Source:                 <hidden>
                            (rising edge-triggered cell RAMB36E1 clocked by clk_out2_clk_wiz_0  {rise@0.000ns fall@19.862ns period=39.724ns})
  Destination:            periph_vga/hsync_module/_vga_green_reg[3]/D
                            (rising edge-triggered cell FDRE clocked by clk_out2_clk_wiz_0  {rise@0.000ns fall@19.862ns period=39.724ns})
  Path Group:             clk_out2_clk_wiz_0
  Path Type:              Setup (Max at Slow Process Corner)
  Requirement:            39.724ns  (clk_out2_clk_wiz_0 rise@39.724ns - clk_out2_clk_wiz_0 rise@0.000ns)
  Data Path Delay:        13.025ns  (logic 3.577ns (27.462%)  route 9.448ns (72.538%))
  Logic Levels:           7  (LUT6=5 MUXF7=1 MUXF8=1)
  Clock Path Skew:        -0.015ns (DCD - SCD + CPR)
    Destination Clock Delay (DCD):    -1.256ns = ( 38.468 - 39.724 ) 
    Source Clock Delay      (SCD):    -0.653ns
    Clock Pessimism Removal (CPR):    0.588ns
  Clock Uncertainty:      0.092ns  ((TSJ^2 + DJ^2)^1/2) / 2 + PE
    Total System Jitter     (TSJ):    0.071ns
    Discrete Jitter          (DJ):    0.170ns
    Phase Error              (PE):    0.000ns

    Location             Delay type                Incr(ns)  Path(ns)    Netlist Resource(s)
  -------------------------------------------------------------------    -------------------
                         (clock clk_out2_clk_wiz_0 rise edge)
                                                      0.000     0.000 r  
    K17                                               0.000     0.000 r  i_clk (IN)
                         net (fo=0)                   0.000     0.000    u_clk_wiz/inst/clk_in1
    K17                  IBUF (Prop_ibuf_I_O)         1.492     1.492 r  u_clk_wiz/inst/clkin1_ibufg/O
                         net (fo=1, routed)           1.285     2.777    u_clk_wiz/inst/clk_in1_clk_wiz_0
    MMCME2_ADV_X0Y1      MMCME2_ADV (Prop_mmcme2_adv_CLKIN1_CLKOUT1)
                                                     -6.996    -4.219 r  u_clk_wiz/inst/mmcm_adv_inst/CLKOUT1
                         net (fo=1, routed)           1.760    -2.459    u_clk_wiz/inst/clk_out2_clk_wiz_0
    BUFGCTRL_X0Y16       BUFG (Prop_bufg_I_O)         0.101    -2.358 r  u_clk_wiz/inst/clkout2_buf/O
                         net (fo=55, routed)          1.705    -0.653    <hidden>
    RAMB36_X2Y4          RAMB36E1                                     r  <hidden>
  -------------------------------------------------------------------    -------------------
    RAMB36_X2Y4          RAMB36E1 (Prop_ramb36e1_CLKBWRCLK_DOBDO[0])
                                                      2.454     1.801 r  <hidden>
                         net (fo=413, routed)         4.528     6.329    <hidden>
    SLICE_X22Y30         LUT6 (Prop_lut6_I1_O)        0.124     6.453 f  <hidden>
                         net (fo=1, routed)           0.674     7.127    <hidden>
    SLICE_X22Y30         LUT6 (Prop_lut6_I3_O)        0.124     7.251 f  <hidden>
                         net (fo=1, routed)           0.943     8.194    <hidden>
    SLICE_X27Y28         LUT6 (Prop_lut6_I3_O)        0.124     8.318 f  <hidden>
                         net (fo=1, routed)           0.000     8.318    <hidden>
    SLICE_X27Y28         MUXF7 (Prop_muxf7_I1_O)      0.217     8.535 f  <hidden>
                         net (fo=1, routed)           0.000     8.535    <hidden>
    SLICE_X27Y28         MUXF8 (Prop_muxf8_I1_O)      0.094     8.629 f  <hidden>
                         net (fo=1, routed)           1.389    10.018    periph_vga/hsync_module/spo[1]
    SLICE_X37Y26         LUT6 (Prop_lut6_I1_O)        0.316    10.334 f  periph_vga/hsync_module/_vga_red[3]_i_4/O
                         net (fo=2, routed)           1.019    11.354    periph_vga/hsync_module/_vga_red[3]_i_4_n_0
    SLICE_X40Y24         LUT6 (Prop_lut6_I2_O)        0.124    11.478 r  periph_vga/hsync_module/_vga_green[3]_i_1/O
                         net (fo=4, routed)           0.895    12.373    periph_vga/hsync_module/_vga_green[3]_i_1_n_0
    SLICE_X43Y37         FDRE                                         r  periph_vga/hsync_module/_vga_green_reg[3]/D
  -------------------------------------------------------------------    -------------------

                         (clock clk_out2_clk_wiz_0 rise edge)
                                                     39.724    39.724 r  
    K17                                               0.000    39.724 r  i_clk (IN)
                         net (fo=0)                   0.000    39.724    u_clk_wiz/inst/clk_in1
    K17                  IBUF (Prop_ibuf_I_O)         1.421    41.145 r  u_clk_wiz/inst/clkin1_ibufg/O
                         net (fo=1, routed)           1.162    42.307    u_clk_wiz/inst/clk_in1_clk_wiz_0
    MMCME2_ADV_X0Y1      MMCME2_ADV (Prop_mmcme2_adv_CLKIN1_CLKOUT1)
                                                     -7.105    35.202 r  u_clk_wiz/inst/mmcm_adv_inst/CLKOUT1
                         net (fo=1, routed)           1.599    36.801    u_clk_wiz/inst/clk_out2_clk_wiz_0
    BUFGCTRL_X0Y16       BUFG (Prop_bufg_I_O)         0.091    36.892 r  u_clk_wiz/inst/clkout2_buf/O
                         net (fo=55, routed)          1.575    38.468    periph_vga/hsync_module/CLK
    SLICE_X43Y37         FDRE                                         r  periph_vga/hsync_module/_vga_green_reg[3]/C
                         clock pessimism              0.588    39.056    
                         clock uncertainty           -0.092    38.964    
    SLICE_X43Y37         FDRE (Setup_fdre_C_D)       -0.067    38.897    periph_vga/hsync_module/_vga_green_reg[3]
  -------------------------------------------------------------------
                         required time                         38.897    
                         arrival time                         -12.373    
  -------------------------------------------------------------------
                         slack                                 26.524    

Slack (MET) :             26.613ns  (required time - arrival time)
  Source:                 <hidden>
                            (rising edge-triggered cell RAMB36E1 clocked by clk_out2_clk_wiz_0  {rise@0.000ns fall@19.862ns period=39.724ns})
  Destination:            periph_vga/hsync_module/_vga_red_reg[3]_lopt_replica_3/D
                            (rising edge-triggered cell FDRE clocked by clk_out2_clk_wiz_0  {rise@0.000ns fall@19.862ns period=39.724ns})
  Path Group:             clk_out2_clk_wiz_0
  Path Type:              Setup (Max at Slow Process Corner)
  Requirement:            39.724ns  (clk_out2_clk_wiz_0 rise@39.724ns - clk_out2_clk_wiz_0 rise@0.000ns)
  Data Path Delay:        12.924ns  (logic 3.577ns (27.677%)  route 9.347ns (72.323%))
  Logic Levels:           7  (LUT5=1 LUT6=4 MUXF7=1 MUXF8=1)
  Clock Path Skew:        -0.014ns (DCD - SCD + CPR)
    Destination Clock Delay (DCD):    -1.255ns = ( 38.469 - 39.724 ) 
    Source Clock Delay      (SCD):    -0.653ns
    Clock Pessimism Removal (CPR):    0.588ns
  Clock Uncertainty:      0.092ns  ((TSJ^2 + DJ^2)^1/2) / 2 + PE
    Total System Jitter     (TSJ):    0.071ns
    Discrete Jitter          (DJ):    0.170ns
    Phase Error              (PE):    0.000ns

    Location             Delay type                Incr(ns)  Path(ns)    Netlist Resource(s)
  -------------------------------------------------------------------    -------------------
                         (clock clk_out2_clk_wiz_0 rise edge)
                                                      0.000     0.000 r  
    K17                                               0.000     0.000 r  i_clk (IN)
                         net (fo=0)                   0.000     0.000    u_clk_wiz/inst/clk_in1
    K17                  IBUF (Prop_ibuf_I_O)         1.492     1.492 r  u_clk_wiz/inst/clkin1_ibufg/O
                         net (fo=1, routed)           1.285     2.777    u_clk_wiz/inst/clk_in1_clk_wiz_0
    MMCME2_ADV_X0Y1      MMCME2_ADV (Prop_mmcme2_adv_CLKIN1_CLKOUT1)
                                                     -6.996    -4.219 r  u_clk_wiz/inst/mmcm_adv_inst/CLKOUT1
                         net (fo=1, routed)           1.760    -2.459    u_clk_wiz/inst/clk_out2_clk_wiz_0
    BUFGCTRL_X0Y16       BUFG (Prop_bufg_I_O)         0.101    -2.358 r  u_clk_wiz/inst/clkout2_buf/O
                         net (fo=55, routed)          1.705    -0.653    <hidden>
    RAMB36_X2Y4          RAMB36E1                                     r  <hidden>
  -------------------------------------------------------------------    -------------------
    RAMB36_X2Y4          RAMB36E1 (Prop_ramb36e1_CLKBWRCLK_DOBDO[0])
                                                      2.454     1.801 r  <hidden>
                         net (fo=413, routed)         4.528     6.329    <hidden>
    SLICE_X22Y30         LUT6 (Prop_lut6_I1_O)        0.124     6.453 f  <hidden>
                         net (fo=1, routed)           0.674     7.127    <hidden>
    SLICE_X22Y30         LUT6 (Prop_lut6_I3_O)        0.124     7.251 f  <hidden>
                         net (fo=1, routed)           0.943     8.194    <hidden>
    SLICE_X27Y28         LUT6 (Prop_lut6_I3_O)        0.124     8.318 f  <hidden>
                         net (fo=1, routed)           0.000     8.318    <hidden>
    SLICE_X27Y28         MUXF7 (Prop_muxf7_I1_O)      0.217     8.535 f  <hidden>
                         net (fo=1, routed)           0.000     8.535    <hidden>
    SLICE_X27Y28         MUXF8 (Prop_muxf8_I1_O)      0.094     8.629 f  <hidden>
                         net (fo=1, routed)           1.389    10.018    periph_vga/hsync_module/spo[1]
    SLICE_X37Y26         LUT6 (Prop_lut6_I1_O)        0.316    10.334 f  periph_vga/hsync_module/_vga_red[3]_i_4/O
                         net (fo=2, routed)           0.632    10.966    periph_vga/hsync_module/_vga_red[3]_i_4_n_0
    SLICE_X40Y24         LUT5 (Prop_lut5_I2_O)        0.124    11.090 r  periph_vga/hsync_module/_vga_red[3]_i_2/O
                         net (fo=8, routed)           1.181    12.271    periph_vga/hsync_module/_vga_red[3]_i_2_n_0
    SLICE_X43Y38         FDRE                                         r  periph_vga/hsync_module/_vga_red_reg[3]_lopt_replica_3/D
  -------------------------------------------------------------------    -------------------

                         (clock clk_out2_clk_wiz_0 rise edge)
                                                     39.724    39.724 r  
    K17                                               0.000    39.724 r  i_clk (IN)
                         net (fo=0)                   0.000    39.724    u_clk_wiz/inst/clk_in1
    K17                  IBUF (Prop_ibuf_I_O)         1.421    41.145 r  u_clk_wiz/inst/clkin1_ibufg/O
                         net (fo=1, routed)           1.162    42.307    u_clk_wiz/inst/clk_in1_clk_wiz_0
    MMCME2_ADV_X0Y1      MMCME2_ADV (Prop_mmcme2_adv_CLKIN1_CLKOUT1)
                                                     -7.105    35.202 r  u_clk_wiz/inst/mmcm_adv_inst/CLKOUT1
                         net (fo=1, routed)           1.599    36.801    u_clk_wiz/inst/clk_out2_clk_wiz_0
    BUFGCTRL_X0Y16       BUFG (Prop_bufg_I_O)         0.091    36.892 r  u_clk_wiz/inst/clkout2_buf/O
                         net (fo=55, routed)          1.576    38.469    periph_vga/hsync_module/CLK
    SLICE_X43Y38         FDRE                                         r  periph_vga/hsync_module/_vga_red_reg[3]_lopt_replica_3/C
                         clock pessimism              0.588    39.057    
                         clock uncertainty           -0.092    38.965    
    SLICE_X43Y38         FDRE (Setup_fdre_C_D)       -0.081    38.884    periph_vga/hsync_module/_vga_red_reg[3]_lopt_replica_3
  -------------------------------------------------------------------
                         required time                         38.884    
                         arrival time                         -12.271    
  -------------------------------------------------------------------
                         slack                                 26.613    

Slack (MET) :             26.633ns  (required time - arrival time)
  Source:                 <hidden>
                            (rising edge-triggered cell RAMB36E1 clocked by clk_out2_clk_wiz_0  {rise@0.000ns fall@19.862ns period=39.724ns})
  Destination:            periph_vga/hsync_module/_vga_red_reg[3]_lopt_replica_4/D
                            (rising edge-triggered cell FDRE clocked by clk_out2_clk_wiz_0  {rise@0.000ns fall@19.862ns period=39.724ns})
  Path Group:             clk_out2_clk_wiz_0
  Path Type:              Setup (Max at Slow Process Corner)
  Requirement:            39.724ns  (clk_out2_clk_wiz_0 rise@39.724ns - clk_out2_clk_wiz_0 rise@0.000ns)
  Data Path Delay:        12.924ns  (logic 3.577ns (27.677%)  route 9.347ns (72.323%))
  Logic Levels:           7  (LUT5=1 LUT6=4 MUXF7=1 MUXF8=1)
  Clock Path Skew:        -0.014ns (DCD - SCD + CPR)
    Destination Clock Delay (DCD):    -1.255ns = ( 38.469 - 39.724 ) 
    Source Clock Delay      (SCD):    -0.653ns
    Clock Pessimism Removal (CPR):    0.588ns
  Clock Uncertainty:      0.092ns  ((TSJ^2 + DJ^2)^1/2) / 2 + PE
    Total System Jitter     (TSJ):    0.071ns
    Discrete Jitter          (DJ):    0.170ns
    Phase Error              (PE):    0.000ns

    Location             Delay type                Incr(ns)  Path(ns)    Netlist Resource(s)
  -------------------------------------------------------------------    -------------------
                         (clock clk_out2_clk_wiz_0 rise edge)
                                                      0.000     0.000 r  
    K17                                               0.000     0.000 r  i_clk (IN)
                         net (fo=0)                   0.000     0.000    u_clk_wiz/inst/clk_in1
    K17                  IBUF (Prop_ibuf_I_O)         1.492     1.492 r  u_clk_wiz/inst/clkin1_ibufg/O
                         net (fo=1, routed)           1.285     2.777    u_clk_wiz/inst/clk_in1_clk_wiz_0
    MMCME2_ADV_X0Y1      MMCME2_ADV (Prop_mmcme2_adv_CLKIN1_CLKOUT1)
                                                     -6.996    -4.219 r  u_clk_wiz/inst/mmcm_adv_inst/CLKOUT1
                         net (fo=1, routed)           1.760    -2.459    u_clk_wiz/inst/clk_out2_clk_wiz_0
    BUFGCTRL_X0Y16       BUFG (Prop_bufg_I_O)         0.101    -2.358 r  u_clk_wiz/inst/clkout2_buf/O
                         net (fo=55, routed)          1.705    -0.653    <hidden>
    RAMB36_X2Y4          RAMB36E1                                     r  <hidden>
  -------------------------------------------------------------------    -------------------
    RAMB36_X2Y4          RAMB36E1 (Prop_ramb36e1_CLKBWRCLK_DOBDO[0])
                                                      2.454     1.801 r  <hidden>
                         net (fo=413, routed)         4.528     6.329    <hidden>
    SLICE_X22Y30         LUT6 (Prop_lut6_I1_O)        0.124     6.453 f  <hidden>
                         net (fo=1, routed)           0.674     7.127    <hidden>
    SLICE_X22Y30         LUT6 (Prop_lut6_I3_O)        0.124     7.251 f  <hidden>
                         net (fo=1, routed)           0.943     8.194    <hidden>
    SLICE_X27Y28         LUT6 (Prop_lut6_I3_O)        0.124     8.318 f  <hidden>
                         net (fo=1, routed)           0.000     8.318    <hidden>
    SLICE_X27Y28         MUXF7 (Prop_muxf7_I1_O)      0.217     8.535 f  <hidden>
                         net (fo=1, routed)           0.000     8.535    <hidden>
    SLICE_X27Y28         MUXF8 (Prop_muxf8_I1_O)      0.094     8.629 f  <hidden>
                         net (fo=1, routed)           1.389    10.018    periph_vga/hsync_module/spo[1]
    SLICE_X37Y26         LUT6 (Prop_lut6_I1_O)        0.316    10.334 f  periph_vga/hsync_module/_vga_red[3]_i_4/O
                         net (fo=2, routed)           0.632    10.966    periph_vga/hsync_module/_vga_red[3]_i_4_n_0
    SLICE_X40Y24         LUT5 (Prop_lut5_I2_O)        0.124    11.090 r  periph_vga/hsync_module/_vga_red[3]_i_2/O
                         net (fo=8, routed)           1.181    12.271    periph_vga/hsync_module/_vga_red[3]_i_2_n_0
    SLICE_X43Y38         FDRE                                         r  periph_vga/hsync_module/_vga_red_reg[3]_lopt_replica_4/D
  -------------------------------------------------------------------    -------------------

                         (clock clk_out2_clk_wiz_0 rise edge)
                                                     39.724    39.724 r  
    K17                                               0.000    39.724 r  i_clk (IN)
                         net (fo=0)                   0.000    39.724    u_clk_wiz/inst/clk_in1
    K17                  IBUF (Prop_ibuf_I_O)         1.421    41.145 r  u_clk_wiz/inst/clkin1_ibufg/O
                         net (fo=1, routed)           1.162    42.307    u_clk_wiz/inst/clk_in1_clk_wiz_0
    MMCME2_ADV_X0Y1      MMCME2_ADV (Prop_mmcme2_adv_CLKIN1_CLKOUT1)
                                                     -7.105    35.202 r  u_clk_wiz/inst/mmcm_adv_inst/CLKOUT1
                         net (fo=1, routed)           1.599    36.801    u_clk_wiz/inst/clk_out2_clk_wiz_0
    BUFGCTRL_X0Y16       BUFG (Prop_bufg_I_O)         0.091    36.892 r  u_clk_wiz/inst/clkout2_buf/O
                         net (fo=55, routed)          1.576    38.469    periph_vga/hsync_module/CLK
    SLICE_X43Y38         FDRE                                         r  periph_vga/hsync_module/_vga_red_reg[3]_lopt_replica_4/C
                         clock pessimism              0.588    39.057    
                         clock uncertainty           -0.092    38.965    
    SLICE_X43Y38         FDRE (Setup_fdre_C_D)       -0.061    38.904    periph_vga/hsync_module/_vga_red_reg[3]_lopt_replica_4
  -------------------------------------------------------------------
                         required time                         38.904    
                         arrival time                         -12.271    
  -------------------------------------------------------------------
                         slack                                 26.633    

Slack (MET) :             26.713ns  (required time - arrival time)
  Source:                 <hidden>
                            (rising edge-triggered cell RAMB36E1 clocked by clk_out2_clk_wiz_0  {rise@0.000ns fall@19.862ns period=39.724ns})
  Destination:            periph_vga/hsync_module/_vga_red_reg[3]_lopt_replica/D
                            (rising edge-triggered cell FDRE clocked by clk_out2_clk_wiz_0  {rise@0.000ns fall@19.862ns period=39.724ns})
  Path Group:             clk_out2_clk_wiz_0
  Path Type:              Setup (Max at Slow Process Corner)
  Requirement:            39.724ns  (clk_out2_clk_wiz_0 rise@39.724ns - clk_out2_clk_wiz_0 rise@0.000ns)
  Data Path Delay:        12.834ns  (logic 3.577ns (27.872%)  route 9.257ns (72.128%))
  Logic Levels:           7  (LUT5=1 LUT6=4 MUXF7=1 MUXF8=1)
  Clock Path Skew:        -0.018ns (DCD - SCD + CPR)
    Destination Clock Delay (DCD):    -1.259ns = ( 38.465 - 39.724 ) 
    Source Clock Delay      (SCD):    -0.653ns
    Clock Pessimism Removal (CPR):    0.588ns
  Clock Uncertainty:      0.092ns  ((TSJ^2 + DJ^2)^1/2) / 2 + PE
    Total System Jitter     (TSJ):    0.071ns
    Discrete Jitter          (DJ):    0.170ns
    Phase Error              (PE):    0.000ns

    Location             Delay type                Incr(ns)  Path(ns)    Netlist Resource(s)
  -------------------------------------------------------------------    -------------------
                         (clock clk_out2_clk_wiz_0 rise edge)
                                                      0.000     0.000 r  
    K17                                               0.000     0.000 r  i_clk (IN)
                         net (fo=0)                   0.000     0.000    u_clk_wiz/inst/clk_in1
    K17                  IBUF (Prop_ibuf_I_O)         1.492     1.492 r  u_clk_wiz/inst/clkin1_ibufg/O
                         net (fo=1, routed)           1.285     2.777    u_clk_wiz/inst/clk_in1_clk_wiz_0
    MMCME2_ADV_X0Y1      MMCME2_ADV (Prop_mmcme2_adv_CLKIN1_CLKOUT1)
                                                     -6.996    -4.219 r  u_clk_wiz/inst/mmcm_adv_inst/CLKOUT1
                         net (fo=1, routed)           1.760    -2.459    u_clk_wiz/inst/clk_out2_clk_wiz_0
    BUFGCTRL_X0Y16       BUFG (Prop_bufg_I_O)         0.101    -2.358 r  u_clk_wiz/inst/clkout2_buf/O
                         net (fo=55, routed)          1.705    -0.653    <hidden>
    RAMB36_X2Y4          RAMB36E1                                     r  <hidden>
  -------------------------------------------------------------------    -------------------
    RAMB36_X2Y4          RAMB36E1 (Prop_ramb36e1_CLKBWRCLK_DOBDO[0])
                                                      2.454     1.801 r  <hidden>
                         net (fo=413, routed)         4.528     6.329    <hidden>
    SLICE_X22Y30         LUT6 (Prop_lut6_I1_O)        0.124     6.453 f  <hidden>
                         net (fo=1, routed)           0.674     7.127    <hidden>
    SLICE_X22Y30         LUT6 (Prop_lut6_I3_O)        0.124     7.251 f  <hidden>
                         net (fo=1, routed)           0.943     8.194    <hidden>
    SLICE_X27Y28         LUT6 (Prop_lut6_I3_O)        0.124     8.318 f  <hidden>
                         net (fo=1, routed)           0.000     8.318    <hidden>
    SLICE_X27Y28         MUXF7 (Prop_muxf7_I1_O)      0.217     8.535 f  <hidden>
                         net (fo=1, routed)           0.000     8.535    <hidden>
    SLICE_X27Y28         MUXF8 (Prop_muxf8_I1_O)      0.094     8.629 f  <hidden>
                         net (fo=1, routed)           1.389    10.018    periph_vga/hsync_module/spo[1]
    SLICE_X37Y26         LUT6 (Prop_lut6_I1_O)        0.316    10.334 f  periph_vga/hsync_module/_vga_red[3]_i_4/O
                         net (fo=2, routed)           0.632    10.966    periph_vga/hsync_module/_vga_red[3]_i_4_n_0
    SLICE_X40Y24         LUT5 (Prop_lut5_I2_O)        0.124    11.090 r  periph_vga/hsync_module/_vga_red[3]_i_2/O
                         net (fo=8, routed)           1.090    12.181    periph_vga/hsync_module/_vga_red[3]_i_2_n_0
    SLICE_X43Y33         FDRE                                         r  periph_vga/hsync_module/_vga_red_reg[3]_lopt_replica/D
  -------------------------------------------------------------------    -------------------

                         (clock clk_out2_clk_wiz_0 rise edge)
                                                     39.724    39.724 r  
    K17                                               0.000    39.724 r  i_clk (IN)
                         net (fo=0)                   0.000    39.724    u_clk_wiz/inst/clk_in1
    K17                  IBUF (Prop_ibuf_I_O)         1.421    41.145 r  u_clk_wiz/inst/clkin1_ibufg/O
                         net (fo=1, routed)           1.162    42.307    u_clk_wiz/inst/clk_in1_clk_wiz_0
    MMCME2_ADV_X0Y1      MMCME2_ADV (Prop_mmcme2_adv_CLKIN1_CLKOUT1)
                                                     -7.105    35.202 r  u_clk_wiz/inst/mmcm_adv_inst/CLKOUT1
                         net (fo=1, routed)           1.599    36.801    u_clk_wiz/inst/clk_out2_clk_wiz_0
    BUFGCTRL_X0Y16       BUFG (Prop_bufg_I_O)         0.091    36.892 r  u_clk_wiz/inst/clkout2_buf/O
                         net (fo=55, routed)          1.572    38.465    periph_vga/hsync_module/CLK
    SLICE_X43Y33         FDRE                                         r  periph_vga/hsync_module/_vga_red_reg[3]_lopt_replica/C
                         clock pessimism              0.588    39.053    
                         clock uncertainty           -0.092    38.961    
    SLICE_X43Y33         FDRE (Setup_fdre_C_D)       -0.067    38.894    periph_vga/hsync_module/_vga_red_reg[3]_lopt_replica
  -------------------------------------------------------------------
                         required time                         38.894    
                         arrival time                         -12.181    
  -------------------------------------------------------------------
                         slack                                 26.713    

Slack (MET) :             26.824ns  (required time - arrival time)
  Source:                 <hidden>
                            (rising edge-triggered cell RAMB36E1 clocked by clk_out2_clk_wiz_0  {rise@0.000ns fall@19.862ns period=39.724ns})
  Destination:            periph_vga/hsync_module/_vga_red_reg[3]_lopt_replica_2/D
                            (rising edge-triggered cell FDRE clocked by clk_out2_clk_wiz_0  {rise@0.000ns fall@19.862ns period=39.724ns})
  Path Group:             clk_out2_clk_wiz_0
  Path Type:              Setup (Max at Slow Process Corner)
  Requirement:            39.724ns  (clk_out2_clk_wiz_0 rise@39.724ns - clk_out2_clk_wiz_0 rise@0.000ns)
  Data Path Delay:        12.709ns  (logic 3.577ns (28.146%)  route 9.132ns (71.854%))
  Logic Levels:           7  (LUT5=1 LUT6=4 MUXF7=1 MUXF8=1)
  Clock Path Skew:        -0.018ns (DCD - SCD + CPR)
    Destination Clock Delay (DCD):    -1.259ns = ( 38.465 - 39.724 ) 
    Source Clock Delay      (SCD):    -0.653ns
    Clock Pessimism Removal (CPR):    0.588ns
  Clock Uncertainty:      0.092ns  ((TSJ^2 + DJ^2)^1/2) / 2 + PE
    Total System Jitter     (TSJ):    0.071ns
    Discrete Jitter          (DJ):    0.170ns
    Phase Error              (PE):    0.000ns

    Location             Delay type                Incr(ns)  Path(ns)    Netlist Resource(s)
  -------------------------------------------------------------------    -------------------
                         (clock clk_out2_clk_wiz_0 rise edge)
                                                      0.000     0.000 r  
    K17                                               0.000     0.000 r  i_clk (IN)
                         net (fo=0)                   0.000     0.000    u_clk_wiz/inst/clk_in1
    K17                  IBUF (Prop_ibuf_I_O)         1.492     1.492 r  u_clk_wiz/inst/clkin1_ibufg/O
                         net (fo=1, routed)           1.285     2.777    u_clk_wiz/inst/clk_in1_clk_wiz_0
    MMCME2_ADV_X0Y1      MMCME2_ADV (Prop_mmcme2_adv_CLKIN1_CLKOUT1)
                                                     -6.996    -4.219 r  u_clk_wiz/inst/mmcm_adv_inst/CLKOUT1
                         net (fo=1, routed)           1.760    -2.459    u_clk_wiz/inst/clk_out2_clk_wiz_0
    BUFGCTRL_X0Y16       BUFG (Prop_bufg_I_O)         0.101    -2.358 r  u_clk_wiz/inst/clkout2_buf/O
                         net (fo=55, routed)          1.705    -0.653    <hidden>
    RAMB36_X2Y4          RAMB36E1                                     r  <hidden>
  -------------------------------------------------------------------    -------------------
    RAMB36_X2Y4          RAMB36E1 (Prop_ramb36e1_CLKBWRCLK_DOBDO[0])
                                                      2.454     1.801 r  <hidden>
                         net (fo=413, routed)         4.528     6.329    <hidden>
    SLICE_X22Y30         LUT6 (Prop_lut6_I1_O)        0.124     6.453 f  <hidden>
                         net (fo=1, routed)           0.674     7.127    <hidden>
    SLICE_X22Y30         LUT6 (Prop_lut6_I3_O)        0.124     7.251 f  <hidden>
                         net (fo=1, routed)           0.943     8.194    <hidden>
    SLICE_X27Y28         LUT6 (Prop_lut6_I3_O)        0.124     8.318 f  <hidden>
                         net (fo=1, routed)           0.000     8.318    <hidden>
    SLICE_X27Y28         MUXF7 (Prop_muxf7_I1_O)      0.217     8.535 f  <hidden>
                         net (fo=1, routed)           0.000     8.535    <hidden>
    SLICE_X27Y28         MUXF8 (Prop_muxf8_I1_O)      0.094     8.629 f  <hidden>
                         net (fo=1, routed)           1.389    10.018    periph_vga/hsync_module/spo[1]
    SLICE_X37Y26         LUT6 (Prop_lut6_I1_O)        0.316    10.334 f  periph_vga/hsync_module/_vga_red[3]_i_4/O
                         net (fo=2, routed)           0.632    10.966    periph_vga/hsync_module/_vga_red[3]_i_4_n_0
    SLICE_X40Y24         LUT5 (Prop_lut5_I2_O)        0.124    11.090 r  periph_vga/hsync_module/_vga_red[3]_i_2/O
                         net (fo=8, routed)           0.966    12.056    periph_vga/hsync_module/_vga_red[3]_i_2_n_0
    SLICE_X43Y33         FDRE                                         r  periph_vga/hsync_module/_vga_red_reg[3]_lopt_replica_2/D
  -------------------------------------------------------------------    -------------------

                         (clock clk_out2_clk_wiz_0 rise edge)
                                                     39.724    39.724 r  
    K17                                               0.000    39.724 r  i_clk (IN)
                         net (fo=0)                   0.000    39.724    u_clk_wiz/inst/clk_in1
    K17                  IBUF (Prop_ibuf_I_O)         1.421    41.145 r  u_clk_wiz/inst/clkin1_ibufg/O
                         net (fo=1, routed)           1.162    42.307    u_clk_wiz/inst/clk_in1_clk_wiz_0
    MMCME2_ADV_X0Y1      MMCME2_ADV (Prop_mmcme2_adv_CLKIN1_CLKOUT1)
                                                     -7.105    35.202 r  u_clk_wiz/inst/mmcm_adv_inst/CLKOUT1
                         net (fo=1, routed)           1.599    36.801    u_clk_wiz/inst/clk_out2_clk_wiz_0
    BUFGCTRL_X0Y16       BUFG (Prop_bufg_I_O)         0.091    36.892 r  u_clk_wiz/inst/clkout2_buf/O
                         net (fo=55, routed)          1.572    38.465    periph_vga/hsync_module/CLK
    SLICE_X43Y33         FDRE                                         r  periph_vga/hsync_module/_vga_red_reg[3]_lopt_replica_2/C
                         clock pessimism              0.588    39.053    
                         clock uncertainty           -0.092    38.961    
    SLICE_X43Y33         FDRE (Setup_fdre_C_D)       -0.081    38.880    periph_vga/hsync_module/_vga_red_reg[3]_lopt_replica_2
  -------------------------------------------------------------------
                         required time                         38.880    
                         arrival time                         -12.056    
  -------------------------------------------------------------------
                         slack                                 26.824    





Min Delay Paths
--------------------------------------------------------------------------------------
Slack (MET) :             0.216ns  (arrival time - required time)
  Source:                 periph_vga/vsync_module/_lineCounter_reg[0]/C
                            (rising edge-triggered cell FDRE clocked by clk_out2_clk_wiz_0  {rise@0.000ns fall@19.862ns period=39.724ns})
  Destination:            periph_vga/_char_row_r_reg[0]/D
                            (rising edge-triggered cell FDRE clocked by clk_out2_clk_wiz_0  {rise@0.000ns fall@19.862ns period=39.724ns})
  Path Group:             clk_out2_clk_wiz_0
  Path Type:              Hold (Min at Fast Process Corner)
  Requirement:            0.000ns  (clk_out2_clk_wiz_0 rise@0.000ns - clk_out2_clk_wiz_0 rise@0.000ns)
  Data Path Delay:        0.288ns  (logic 0.164ns (56.917%)  route 0.124ns (43.083%))
  Logic Levels:           0  
  Clock Path Skew:        0.013ns (DCD - SCD - CPR)
    Destination Clock Delay (DCD):    -0.712ns
    Source Clock Delay      (SCD):    -0.475ns
    Clock Pessimism Removal (CPR):    -0.249ns

    Location             Delay type                Incr(ns)  Path(ns)    Netlist Resource(s)
  -------------------------------------------------------------------    -------------------
                         (clock clk_out2_clk_wiz_0 rise edge)
                                                      0.000     0.000 r  
    K17                                               0.000     0.000 r  i_clk (IN)
                         net (fo=0)                   0.000     0.000    u_clk_wiz/inst/clk_in1
    K17                  IBUF (Prop_ibuf_I_O)         0.259     0.259 r  u_clk_wiz/inst/clkin1_ibufg/O
                         net (fo=1, routed)           0.440     0.700    u_clk_wiz/inst/clk_in1_clk_wiz_0
    MMCME2_ADV_X0Y1      MMCME2_ADV (Prop_mmcme2_adv_CLKIN1_CLKOUT1)
                                                     -2.268    -1.568 r  u_clk_wiz/inst/mmcm_adv_inst/CLKOUT1
                         net (fo=1, routed)           0.482    -1.086    u_clk_wiz/inst/clk_out2_clk_wiz_0
    BUFGCTRL_X0Y16       BUFG (Prop_bufg_I_O)         0.026    -1.060 r  u_clk_wiz/inst/clkout2_buf/O
                         net (fo=55, routed)          0.585    -0.475    periph_vga/vsync_module/CLK
    SLICE_X42Y20         FDRE                                         r  periph_vga/vsync_module/_lineCounter_reg[0]/C
  -------------------------------------------------------------------    -------------------
    SLICE_X42Y20         FDRE (Prop_fdre_C_Q)         0.164    -0.311 r  periph_vga/vsync_module/_lineCounter_reg[0]/Q
                         net (fo=9, routed)           0.124    -0.187    periph_vga/vsync_module_n_7
    SLICE_X42Y21         FDRE                                         r  periph_vga/_char_row_r_reg[0]/D
  -------------------------------------------------------------------    -------------------

                         (clock clk_out2_clk_wiz_0 rise edge)
                                                      0.000     0.000 r  
    K17                                               0.000     0.000 r  i_clk (IN)
                         net (fo=0)                   0.000     0.000    u_clk_wiz/inst/clk_in1
    K17                  IBUF (Prop_ibuf_I_O)         0.447     0.447 r  u_clk_wiz/inst/clkin1_ibufg/O
                         net (fo=1, routed)           0.480     0.927    u_clk_wiz/inst/clk_in1_clk_wiz_0
    MMCME2_ADV_X0Y1      MMCME2_ADV (Prop_mmcme2_adv_CLKIN1_CLKOUT1)
                                                     -3.047    -2.120 r  u_clk_wiz/inst/mmcm_adv_inst/CLKOUT1
                         net (fo=1, routed)           0.528    -1.592    u_clk_wiz/inst/clk_out2_clk_wiz_0
    BUFGCTRL_X0Y16       BUFG (Prop_bufg_I_O)         0.029    -1.563 r  u_clk_wiz/inst/clkout2_buf/O
                         net (fo=55, routed)          0.851    -0.712    periph_vga/CLK
    SLICE_X42Y21         FDRE                                         r  periph_vga/_char_row_r_reg[0]/C
                         clock pessimism              0.249    -0.462    
    SLICE_X42Y21         FDRE (Hold_fdre_C_D)         0.059    -0.403    periph_vga/_char_row_r_reg[0]
  -------------------------------------------------------------------
                         required time                          0.403    
                         arrival time                          -0.187    
  -------------------------------------------------------------------
                         slack                                  0.216    

Slack (MET) :             0.237ns  (arrival time - required time)
  Source:                 periph_vga/vsync_module/_lineCounter_reg[0]/C
                            (rising edge-triggered cell FDRE clocked by clk_out2_clk_wiz_0  {rise@0.000ns fall@19.862ns period=39.724ns})
  Destination:            periph_vga/vsync_module/_lineCounter_reg[3]/D
                            (rising edge-triggered cell FDRE clocked by clk_out2_clk_wiz_0  {rise@0.000ns fall@19.862ns period=39.724ns})
  Path Group:             clk_out2_clk_wiz_0
  Path Type:              Hold (Min at Fast Process Corner)
  Requirement:            0.000ns  (clk_out2_clk_wiz_0 rise@0.000ns - clk_out2_clk_wiz_0 rise@0.000ns)
  Data Path Delay:        0.343ns  (logic 0.209ns (60.887%)  route 0.134ns (39.113%))
  Logic Levels:           1  (LUT6=1)
  Clock Path Skew:        0.014ns (DCD - SCD - CPR)
    Destination Clock Delay (DCD):    -0.711ns
    Source Clock Delay      (SCD):    -0.475ns
    Clock Pessimism Removal (CPR):    -0.249ns

    Location             Delay type                Incr(ns)  Path(ns)    Netlist Resource(s)
  -------------------------------------------------------------------    -------------------
                         (clock clk_out2_clk_wiz_0 rise edge)
                                                      0.000     0.000 r  
    K17                                               0.000     0.000 r  i_clk (IN)
                         net (fo=0)                   0.000     0.000    u_clk_wiz/inst/clk_in1
    K17                  IBUF (Prop_ibuf_I_O)         0.259     0.259 r  u_clk_wiz/inst/clkin1_ibufg/O
                         net (fo=1, routed)           0.440     0.700    u_clk_wiz/inst/clk_in1_clk_wiz_0
    MMCME2_ADV_X0Y1      MMCME2_ADV (Prop_mmcme2_adv_CLKIN1_CLKOUT1)
                                                     -2.268    -1.568 r  u_clk_wiz/inst/mmcm_adv_inst/CLKOUT1
                         net (fo=1, routed)           0.482    -1.086    u_clk_wiz/inst/clk_out2_clk_wiz_0
    BUFGCTRL_X0Y16       BUFG (Prop_bufg_I_O)         0.026    -1.060 r  u_clk_wiz/inst/clkout2_buf/O
                         net (fo=55, routed)          0.585    -0.475    periph_vga/vsync_module/CLK
    SLICE_X42Y20         FDRE                                         r  periph_vga/vsync_module/_lineCounter_reg[0]/C
  -------------------------------------------------------------------    -------------------
    SLICE_X42Y20         FDRE (Prop_fdre_C_Q)         0.164    -0.311 r  periph_vga/vsync_module/_lineCounter_reg[0]/Q
                         net (fo=9, routed)           0.134    -0.177    periph_vga/vsync_module/Q[0]
    SLICE_X41Y20         LUT6 (Prop_lut6_I2_O)        0.045    -0.132 r  periph_vga/vsync_module/_lineCounter[3]_i_1/O
                         net (fo=1, routed)           0.000    -0.132    periph_vga/vsync_module/_lineCounter[3]
    SLICE_X41Y20         FDRE                                         r  periph_vga/vsync_module/_lineCounter_reg[3]/D
  -------------------------------------------------------------------    -------------------

                         (clock clk_out2_clk_wiz_0 rise edge)
                                                      0.000     0.000 r  
    K17                                               0.000     0.000 r  i_clk (IN)
                         net (fo=0)                   0.000     0.000    u_clk_wiz/inst/clk_in1
    K17                  IBUF (Prop_ibuf_I_O)         0.447     0.447 r  u_clk_wiz/inst/clkin1_ibufg/O
                         net (fo=1, routed)           0.480     0.927    u_clk_wiz/inst/clk_in1_clk_wiz_0
    MMCME2_ADV_X0Y1      MMCME2_ADV (Prop_mmcme2_adv_CLKIN1_CLKOUT1)
                                                     -3.047    -2.120 r  u_clk_wiz/inst/mmcm_adv_inst/CLKOUT1
                         net (fo=1, routed)           0.528    -1.592    u_clk_wiz/inst/clk_out2_clk_wiz_0
    BUFGCTRL_X0Y16       BUFG (Prop_bufg_I_O)         0.029    -1.563 r  u_clk_wiz/inst/clkout2_buf/O
                         net (fo=55, routed)          0.852    -0.711    periph_vga/vsync_module/CLK
    SLICE_X41Y20         FDRE                                         r  periph_vga/vsync_module/_lineCounter_reg[3]/C
                         clock pessimism              0.249    -0.461    
    SLICE_X41Y20         FDRE (Hold_fdre_C_D)         0.092    -0.369    periph_vga/vsync_module/_lineCounter_reg[3]
  -------------------------------------------------------------------
                         required time                          0.369    
                         arrival time                          -0.132    
  -------------------------------------------------------------------
                         slack                                  0.237    

Slack (MET) :             0.245ns  (arrival time - required time)
  Source:                 periph_vga/hsync_module/_endLine_reg/C
                            (rising edge-triggered cell FDRE clocked by clk_out2_clk_wiz_0  {rise@0.000ns fall@19.862ns period=39.724ns})
  Destination:            periph_vga/vsync_module/_endLine_reg/D
                            (rising edge-triggered cell FDRE clocked by clk_out2_clk_wiz_0  {rise@0.000ns fall@19.862ns period=39.724ns})
  Path Group:             clk_out2_clk_wiz_0
  Path Type:              Hold (Min at Fast Process Corner)
  Requirement:            0.000ns  (clk_out2_clk_wiz_0 rise@0.000ns - clk_out2_clk_wiz_0 rise@0.000ns)
  Data Path Delay:        0.257ns  (logic 0.128ns (49.728%)  route 0.129ns (50.272%))
  Logic Levels:           0  
  Clock Path Skew:        0.014ns (DCD - SCD - CPR)
    Destination Clock Delay (DCD):    -0.712ns
    Source Clock Delay      (SCD):    -0.476ns
    Clock Pessimism Removal (CPR):    -0.249ns

    Location             Delay type                Incr(ns)  Path(ns)    Netlist Resource(s)
  -------------------------------------------------------------------    -------------------
                         (clock clk_out2_clk_wiz_0 rise edge)
                                                      0.000     0.000 r  
    K17                                               0.000     0.000 r  i_clk (IN)
                         net (fo=0)                   0.000     0.000    u_clk_wiz/inst/clk_in1
    K17                  IBUF (Prop_ibuf_I_O)         0.259     0.259 r  u_clk_wiz/inst/clkin1_ibufg/O
                         net (fo=1, routed)           0.440     0.700    u_clk_wiz/inst/clk_in1_clk_wiz_0
    MMCME2_ADV_X0Y1      MMCME2_ADV (Prop_mmcme2_adv_CLKIN1_CLKOUT1)
                                                     -2.268    -1.568 r  u_clk_wiz/inst/mmcm_adv_inst/CLKOUT1
                         net (fo=1, routed)           0.482    -1.086    u_clk_wiz/inst/clk_out2_clk_wiz_0
    BUFGCTRL_X0Y16       BUFG (Prop_bufg_I_O)         0.026    -1.060 r  u_clk_wiz/inst/clkout2_buf/O
                         net (fo=55, routed)          0.584    -0.476    periph_vga/hsync_module/CLK
    SLICE_X40Y21         FDRE                                         r  periph_vga/hsync_module/_endLine_reg/C
  -------------------------------------------------------------------    -------------------
    SLICE_X40Y21         FDRE (Prop_fdre_C_Q)         0.128    -0.348 r  periph_vga/hsync_module/_endLine_reg/Q
                         net (fo=3, routed)           0.129    -0.219    periph_vga/vsync_module/_endLine
    SLICE_X42Y21         FDRE                                         r  periph_vga/vsync_module/_endLine_reg/D
  -------------------------------------------------------------------    -------------------

                         (clock clk_out2_clk_wiz_0 rise edge)
                                                      0.000     0.000 r  
    K17                                               0.000     0.000 r  i_clk (IN)
                         net (fo=0)                   0.000     0.000    u_clk_wiz/inst/clk_in1
    K17                  IBUF (Prop_ibuf_I_O)         0.447     0.447 r  u_clk_wiz/inst/clkin1_ibufg/O
                         net (fo=1, routed)           0.480     0.927    u_clk_wiz/inst/clk_in1_clk_wiz_0
    MMCME2_ADV_X0Y1      MMCME2_ADV (Prop_mmcme2_adv_CLKIN1_CLKOUT1)
                                                     -3.047    -2.120 r  u_clk_wiz/inst/mmcm_adv_inst/CLKOUT1
                         net (fo=1, routed)           0.528    -1.592    u_clk_wiz/inst/clk_out2_clk_wiz_0
    BUFGCTRL_X0Y16       BUFG (Prop_bufg_I_O)         0.029    -1.563 r  u_clk_wiz/inst/clkout2_buf/O
                         net (fo=55, routed)          0.851    -0.712    periph_vga/vsync_module/CLK
    SLICE_X42Y21         FDRE                                         r  periph_vga/vsync_module/_endLine_reg/C
                         clock pessimism              0.249    -0.462    
    SLICE_X42Y21         FDRE (Hold_fdre_C_D)        -0.002    -0.464    periph_vga/vsync_module/_endLine_reg
  -------------------------------------------------------------------
                         required time                          0.464    
                         arrival time                          -0.219    
  -------------------------------------------------------------------
                         slack                                  0.245    

Slack (MET) :             0.247ns  (arrival time - required time)
  Source:                 periph_vga/_imgData_meta_reg[0]/C
                            (rising edge-triggered cell FDRE clocked by clk_out2_clk_wiz_0  {rise@0.000ns fall@19.862ns period=39.724ns})
  Destination:            periph_vga/_imgData_sync_reg[0]/D
                            (rising edge-triggered cell FDRE clocked by clk_out2_clk_wiz_0  {rise@0.000ns fall@19.862ns period=39.724ns})
  Path Group:             clk_out2_clk_wiz_0
  Path Type:              Hold (Min at Fast Process Corner)
  Requirement:            0.000ns  (clk_out2_clk_wiz_0 rise@0.000ns - clk_out2_clk_wiz_0 rise@0.000ns)
  Data Path Delay:        0.317ns  (logic 0.141ns (44.549%)  route 0.176ns (55.451%))
  Logic Levels:           0  
  Clock Path Skew:        0.000ns (DCD - SCD - CPR)
    Destination Clock Delay (DCD):    -0.715ns
    Source Clock Delay      (SCD):    -0.478ns
    Clock Pessimism Removal (CPR):    -0.236ns

    Location             Delay type                Incr(ns)  Path(ns)    Netlist Resource(s)
  -------------------------------------------------------------------    -------------------
                         (clock clk_out2_clk_wiz_0 rise edge)
                                                      0.000     0.000 r  
    K17                                               0.000     0.000 r  i_clk (IN)
                         net (fo=0)                   0.000     0.000    u_clk_wiz/inst/clk_in1
    K17                  IBUF (Prop_ibuf_I_O)         0.259     0.259 r  u_clk_wiz/inst/clkin1_ibufg/O
                         net (fo=1, routed)           0.440     0.700    u_clk_wiz/inst/clk_in1_clk_wiz_0
    MMCME2_ADV_X0Y1      MMCME2_ADV (Prop_mmcme2_adv_CLKIN1_CLKOUT1)
                                                     -2.268    -1.568 r  u_clk_wiz/inst/mmcm_adv_inst/CLKOUT1
                         net (fo=1, routed)           0.482    -1.086    u_clk_wiz/inst/clk_out2_clk_wiz_0
    BUFGCTRL_X0Y16       BUFG (Prop_bufg_I_O)         0.026    -1.060 r  u_clk_wiz/inst/clkout2_buf/O
                         net (fo=55, routed)          0.582    -0.478    periph_vga/CLK
    SLICE_X40Y23         FDRE                                         r  periph_vga/_imgData_meta_reg[0]/C
  -------------------------------------------------------------------    -------------------
    SLICE_X40Y23         FDRE (Prop_fdre_C_Q)         0.141    -0.337 r  periph_vga/_imgData_meta_reg[0]/Q
                         net (fo=1, routed)           0.176    -0.162    periph_vga/_imgData_meta[0]
    SLICE_X40Y23         FDRE                                         r  periph_vga/_imgData_sync_reg[0]/D
  -------------------------------------------------------------------    -------------------

                         (clock clk_out2_clk_wiz_0 rise edge)
                                                      0.000     0.000 r  
    K17                                               0.000     0.000 r  i_clk (IN)
                         net (fo=0)                   0.000     0.000    u_clk_wiz/inst/clk_in1
    K17                  IBUF (Prop_ibuf_I_O)         0.447     0.447 r  u_clk_wiz/inst/clkin1_ibufg/O
                         net (fo=1, routed)           0.480     0.927    u_clk_wiz/inst/clk_in1_clk_wiz_0
    MMCME2_ADV_X0Y1      MMCME2_ADV (Prop_mmcme2_adv_CLKIN1_CLKOUT1)
                                                     -3.047    -2.120 r  u_clk_wiz/inst/mmcm_adv_inst/CLKOUT1
                         net (fo=1, routed)           0.528    -1.592    u_clk_wiz/inst/clk_out2_clk_wiz_0
    BUFGCTRL_X0Y16       BUFG (Prop_bufg_I_O)         0.029    -1.563 r  u_clk_wiz/inst/clkout2_buf/O
                         net (fo=55, routed)          0.848    -0.715    periph_vga/CLK
    SLICE_X40Y23         FDRE                                         r  periph_vga/_imgData_sync_reg[0]/C
                         clock pessimism              0.236    -0.478    
    SLICE_X40Y23         FDRE (Hold_fdre_C_D)         0.070    -0.408    periph_vga/_imgData_sync_reg[0]
  -------------------------------------------------------------------
                         required time                          0.408    
                         arrival time                          -0.162    
  -------------------------------------------------------------------
                         slack                                  0.247    

Slack (MET) :             0.255ns  (arrival time - required time)
  Source:                 periph_vga/vsync_module/_lineCounter_reg[1]/C
                            (rising edge-triggered cell FDRE clocked by clk_out2_clk_wiz_0  {rise@0.000ns fall@19.862ns period=39.724ns})
  Destination:            periph_vga/vsync_module/_lineCounter_reg[2]/D
                            (rising edge-triggered cell FDRE clocked by clk_out2_clk_wiz_0  {rise@0.000ns fall@19.862ns period=39.724ns})
  Path Group:             clk_out2_clk_wiz_0
  Path Type:              Hold (Min at Fast Process Corner)
  Requirement:            0.000ns  (clk_out2_clk_wiz_0 rise@0.000ns - clk_out2_clk_wiz_0 rise@0.000ns)
  Data Path Delay:        0.362ns  (logic 0.183ns (50.496%)  route 0.179ns (49.504%))
  Logic Levels:           1  (LUT5=1)
  Clock Path Skew:        0.000ns (DCD - SCD - CPR)
    Destination Clock Delay (DCD):    -0.711ns
    Source Clock Delay      (SCD):    -0.475ns
    Clock Pessimism Removal (CPR):    -0.235ns

    Location             Delay type                Incr(ns)  Path(ns)    Netlist Resource(s)
  -------------------------------------------------------------------    -------------------
                         (clock clk_out2_clk_wiz_0 rise edge)
                                                      0.000     0.000 r  
    K17                                               0.000     0.000 r  i_clk (IN)
                         net (fo=0)                   0.000     0.000    u_clk_wiz/inst/clk_in1
    K17                  IBUF (Prop_ibuf_I_O)         0.259     0.259 r  u_clk_wiz/inst/clkin1_ibufg/O
                         net (fo=1, routed)           0.440     0.700    u_clk_wiz/inst/clk_in1_clk_wiz_0
    MMCME2_ADV_X0Y1      MMCME2_ADV (Prop_mmcme2_adv_CLKIN1_CLKOUT1)
                                                     -2.268    -1.568 r  u_clk_wiz/inst/mmcm_adv_inst/CLKOUT1
                         net (fo=1, routed)           0.482    -1.086    u_clk_wiz/inst/clk_out2_clk_wiz_0
    BUFGCTRL_X0Y16       BUFG (Prop_bufg_I_O)         0.026    -1.060 r  u_clk_wiz/inst/clkout2_buf/O
                         net (fo=55, routed)          0.585    -0.475    periph_vga/vsync_module/CLK
    SLICE_X41Y20         FDRE                                         r  periph_vga/vsync_module/_lineCounter_reg[1]/C
  -------------------------------------------------------------------    -------------------
    SLICE_X41Y20         FDRE (Prop_fdre_C_Q)         0.141    -0.334 r  periph_vga/vsync_module/_lineCounter_reg[1]/Q
                         net (fo=10, routed)          0.179    -0.155    periph_vga/vsync_module/Q[1]
    SLICE_X41Y20         LUT5 (Prop_lut5_I2_O)        0.042    -0.113 r  periph_vga/vsync_module/_lineCounter[2]_i_1/O
                         net (fo=1, routed)           0.000    -0.113    periph_vga/vsync_module/_lineCounter[2]
    SLICE_X41Y20         FDRE                                         r  periph_vga/vsync_module/_lineCounter_reg[2]/D
  -------------------------------------------------------------------    -------------------

                         (clock clk_out2_clk_wiz_0 rise edge)
                                                      0.000     0.000 r  
    K17                                               0.000     0.000 r  i_clk (IN)
                         net (fo=0)                   0.000     0.000    u_clk_wiz/inst/clk_in1
    K17                  IBUF (Prop_ibuf_I_O)         0.447     0.447 r  u_clk_wiz/inst/clkin1_ibufg/O
                         net (fo=1, routed)           0.480     0.927    u_clk_wiz/inst/clk_in1_clk_wiz_0
    MMCME2_ADV_X0Y1      MMCME2_ADV (Prop_mmcme2_adv_CLKIN1_CLKOUT1)
                                                     -3.047    -2.120 r  u_clk_wiz/inst/mmcm_adv_inst/CLKOUT1
                         net (fo=1, routed)           0.528    -1.592    u_clk_wiz/inst/clk_out2_clk_wiz_0
    BUFGCTRL_X0Y16       BUFG (Prop_bufg_I_O)         0.029    -1.563 r  u_clk_wiz/inst/clkout2_buf/O
                         net (fo=55, routed)          0.852    -0.711    periph_vga/vsync_module/CLK
    SLICE_X41Y20         FDRE                                         r  periph_vga/vsync_module/_lineCounter_reg[2]/C
                         clock pessimism              0.235    -0.475    
    SLICE_X41Y20         FDRE (Hold_fdre_C_D)         0.107    -0.368    periph_vga/vsync_module/_lineCounter_reg[2]
  -------------------------------------------------------------------
                         required time                          0.368    
                         arrival time                          -0.113    
  -------------------------------------------------------------------
                         slack                                  0.255    

Slack (MET) :             0.262ns  (arrival time - required time)
  Source:                 periph_vga/hsync_module/FSM_sequential__state_reg[0]/C
                            (rising edge-triggered cell FDRE clocked by clk_out2_clk_wiz_0  {rise@0.000ns fall@19.862ns period=39.724ns})
  Destination:            periph_vga/hsync_module/_hsync_reg/D
                            (rising edge-triggered cell FDSE clocked by clk_out2_clk_wiz_0  {rise@0.000ns fall@19.862ns period=39.724ns})
  Path Group:             clk_out2_clk_wiz_0
  Path Type:              Hold (Min at Fast Process Corner)
  Requirement:            0.000ns  (clk_out2_clk_wiz_0 rise@0.000ns - clk_out2_clk_wiz_0 rise@0.000ns)
  Data Path Delay:        0.365ns  (logic 0.186ns (50.946%)  route 0.179ns (49.054%))
  Logic Levels:           1  (LUT2=1)
  Clock Path Skew:        0.012ns (DCD - SCD - CPR)
    Destination Clock Delay (DCD):    -0.713ns
    Source Clock Delay      (SCD):    -0.475ns
    Clock Pessimism Removal (CPR):    -0.249ns

    Location             Delay type                Incr(ns)  Path(ns)    Netlist Resource(s)
  -------------------------------------------------------------------    -------------------
                         (clock clk_out2_clk_wiz_0 rise edge)
                                                      0.000     0.000 r  
    K17                                               0.000     0.000 r  i_clk (IN)
                         net (fo=0)                   0.000     0.000    u_clk_wiz/inst/clk_in1
    K17                  IBUF (Prop_ibuf_I_O)         0.259     0.259 r  u_clk_wiz/inst/clkin1_ibufg/O
                         net (fo=1, routed)           0.440     0.700    u_clk_wiz/inst/clk_in1_clk_wiz_0
    MMCME2_ADV_X0Y1      MMCME2_ADV (Prop_mmcme2_adv_CLKIN1_CLKOUT1)
                                                     -2.268    -1.568 r  u_clk_wiz/inst/mmcm_adv_inst/CLKOUT1
                         net (fo=1, routed)           0.482    -1.086    u_clk_wiz/inst/clk_out2_clk_wiz_0
    BUFGCTRL_X0Y16       BUFG (Prop_bufg_I_O)         0.026    -1.060 r  u_clk_wiz/inst/clkout2_buf/O
                         net (fo=55, routed)          0.585    -0.475    periph_vga/hsync_module/CLK
    SLICE_X40Y20         FDRE                                         r  periph_vga/hsync_module/FSM_sequential__state_reg[0]/C
  -------------------------------------------------------------------    -------------------
    SLICE_X40Y20         FDRE (Prop_fdre_C_Q)         0.141    -0.334 f  periph_vga/hsync_module/FSM_sequential__state_reg[0]/Q
                         net (fo=15, routed)          0.179    -0.155    periph_vga/hsync_module/FSM_sequential__state_reg_n_0_[0]
    SLICE_X41Y22         LUT2 (Prop_lut2_I1_O)        0.045    -0.110 r  periph_vga/hsync_module/_hsync_i_1/O
                         net (fo=1, routed)           0.000    -0.110    periph_vga/hsync_module/_hsync
    SLICE_X41Y22         FDSE                                         r  periph_vga/hsync_module/_hsync_reg/D
  -------------------------------------------------------------------    -------------------

                         (clock clk_out2_clk_wiz_0 rise edge)
                                                      0.000     0.000 r  
    K17                                               0.000     0.000 r  i_clk (IN)
                         net (fo=0)                   0.000     0.000    u_clk_wiz/inst/clk_in1
    K17                  IBUF (Prop_ibuf_I_O)         0.447     0.447 r  u_clk_wiz/inst/clkin1_ibufg/O
                         net (fo=1, routed)           0.480     0.927    u_clk_wiz/inst/clk_in1_clk_wiz_0
    MMCME2_ADV_X0Y1      MMCME2_ADV (Prop_mmcme2_adv_CLKIN1_CLKOUT1)
                                                     -3.047    -2.120 r  u_clk_wiz/inst/mmcm_adv_inst/CLKOUT1
                         net (fo=1, routed)           0.528    -1.592    u_clk_wiz/inst/clk_out2_clk_wiz_0
    BUFGCTRL_X0Y16       BUFG (Prop_bufg_I_O)         0.029    -1.563 r  u_clk_wiz/inst/clkout2_buf/O
                         net (fo=55, routed)          0.850    -0.713    periph_vga/hsync_module/CLK
    SLICE_X41Y22         FDSE                                         r  periph_vga/hsync_module/_hsync_reg/C
                         clock pessimism              0.249    -0.463    
    SLICE_X41Y22         FDSE (Hold_fdse_C_D)         0.091    -0.372    periph_vga/hsync_module/_hsync_reg
  -------------------------------------------------------------------
                         required time                          0.372    
                         arrival time                          -0.110    
  -------------------------------------------------------------------
                         slack                                  0.262    

Slack (MET) :             0.267ns  (arrival time - required time)
  Source:                 periph_vga/hsync_module/FSM_sequential__state_reg[1]/C
                            (rising edge-triggered cell FDRE clocked by clk_out2_clk_wiz_0  {rise@0.000ns fall@19.862ns period=39.724ns})
  Destination:            periph_vga/hsync_module/_pixelCounter_reg[8]/D
                            (rising edge-triggered cell FDRE clocked by clk_out2_clk_wiz_0  {rise@0.000ns fall@19.862ns period=39.724ns})
  Path Group:             clk_out2_clk_wiz_0
  Path Type:              Hold (Min at Fast Process Corner)
  Requirement:            0.000ns  (clk_out2_clk_wiz_0 rise@0.000ns - clk_out2_clk_wiz_0 rise@0.000ns)
  Data Path Delay:        0.374ns  (logic 0.186ns (49.691%)  route 0.188ns (50.309%))
  Logic Levels:           1  (LUT6=1)
  Clock Path Skew:        0.015ns (DCD - SCD - CPR)
    Destination Clock Delay (DCD):    -0.711ns
    Source Clock Delay      (SCD):    -0.476ns
    Clock Pessimism Removal (CPR):    -0.249ns

    Location             Delay type                Incr(ns)  Path(ns)    Netlist Resource(s)
  -------------------------------------------------------------------    -------------------
                         (clock clk_out2_clk_wiz_0 rise edge)
                                                      0.000     0.000 r  
    K17                                               0.000     0.000 r  i_clk (IN)
                         net (fo=0)                   0.000     0.000    u_clk_wiz/inst/clk_in1
    K17                  IBUF (Prop_ibuf_I_O)         0.259     0.259 r  u_clk_wiz/inst/clkin1_ibufg/O
                         net (fo=1, routed)           0.440     0.700    u_clk_wiz/inst/clk_in1_clk_wiz_0
    MMCME2_ADV_X0Y1      MMCME2_ADV (Prop_mmcme2_adv_CLKIN1_CLKOUT1)
                                                     -2.268    -1.568 r  u_clk_wiz/inst/mmcm_adv_inst/CLKOUT1
                         net (fo=1, routed)           0.482    -1.086    u_clk_wiz/inst/clk_out2_clk_wiz_0
    BUFGCTRL_X0Y16       BUFG (Prop_bufg_I_O)         0.026    -1.060 r  u_clk_wiz/inst/clkout2_buf/O
                         net (fo=55, routed)          0.584    -0.476    periph_vga/hsync_module/CLK
    SLICE_X40Y21         FDRE                                         r  periph_vga/hsync_module/FSM_sequential__state_reg[1]/C
  -------------------------------------------------------------------    -------------------
    SLICE_X40Y21         FDRE (Prop_fdre_C_Q)         0.141    -0.335 r  periph_vga/hsync_module/FSM_sequential__state_reg[1]/Q
                         net (fo=15, routed)          0.188    -0.147    periph_vga/hsync_module/FSM_sequential__state_reg_n_0_[1]
    SLICE_X40Y20         LUT6 (Prop_lut6_I1_O)        0.045    -0.102 r  periph_vga/hsync_module/_pixelCounter[8]_i_1/O
                         net (fo=1, routed)           0.000    -0.102    periph_vga/hsync_module/_pixelCounter[8]
    SLICE_X40Y20         FDRE                                         r  periph_vga/hsync_module/_pixelCounter_reg[8]/D
  -------------------------------------------------------------------    -------------------

                         (clock clk_out2_clk_wiz_0 rise edge)
                                                      0.000     0.000 r  
    K17                                               0.000     0.000 r  i_clk (IN)
                         net (fo=0)                   0.000     0.000    u_clk_wiz/inst/clk_in1
    K17                  IBUF (Prop_ibuf_I_O)         0.447     0.447 r  u_clk_wiz/inst/clkin1_ibufg/O
                         net (fo=1, routed)           0.480     0.927    u_clk_wiz/inst/clk_in1_clk_wiz_0
    MMCME2_ADV_X0Y1      MMCME2_ADV (Prop_mmcme2_adv_CLKIN1_CLKOUT1)
                                                     -3.047    -2.120 r  u_clk_wiz/inst/mmcm_adv_inst/CLKOUT1
                         net (fo=1, routed)           0.528    -1.592    u_clk_wiz/inst/clk_out2_clk_wiz_0
    BUFGCTRL_X0Y16       BUFG (Prop_bufg_I_O)         0.029    -1.563 r  u_clk_wiz/inst/clkout2_buf/O
                         net (fo=55, routed)          0.852    -0.711    periph_vga/hsync_module/CLK
    SLICE_X40Y20         FDRE                                         r  periph_vga/hsync_module/_pixelCounter_reg[8]/C
                         clock pessimism              0.249    -0.461    
    SLICE_X40Y20         FDRE (Hold_fdre_C_D)         0.092    -0.369    periph_vga/hsync_module/_pixelCounter_reg[8]
  -------------------------------------------------------------------
                         required time                          0.369    
                         arrival time                          -0.102    
  -------------------------------------------------------------------
                         slack                                  0.267    

Slack (MET) :             0.269ns  (arrival time - required time)
  Source:                 periph_vga/hsync_module/FSM_sequential__state_reg[1]/C
                            (rising edge-triggered cell FDRE clocked by clk_out2_clk_wiz_0  {rise@0.000ns fall@19.862ns period=39.724ns})
  Destination:            periph_vga/hsync_module/FSM_sequential__state_reg[0]/D
                            (rising edge-triggered cell FDRE clocked by clk_out2_clk_wiz_0  {rise@0.000ns fall@19.862ns period=39.724ns})
  Path Group:             clk_out2_clk_wiz_0
  Path Type:              Hold (Min at Fast Process Corner)
  Requirement:            0.000ns  (clk_out2_clk_wiz_0 rise@0.000ns - clk_out2_clk_wiz_0 rise@0.000ns)
  Data Path Delay:        0.375ns  (logic 0.186ns (49.558%)  route 0.189ns (50.442%))
  Logic Levels:           1  (LUT6=1)
  Clock Path Skew:        0.015ns (DCD - SCD - CPR)
    Destination Clock Delay (DCD):    -0.711ns
    Source Clock Delay      (SCD):    -0.476ns
    Clock Pessimism Removal (CPR):    -0.249ns

    Location             Delay type                Incr(ns)  Path(ns)    Netlist Resource(s)
  -------------------------------------------------------------------    -------------------
                         (clock clk_out2_clk_wiz_0 rise edge)
                                                      0.000     0.000 r  
    K17                                               0.000     0.000 r  i_clk (IN)
                         net (fo=0)                   0.000     0.000    u_clk_wiz/inst/clk_in1
    K17                  IBUF (Prop_ibuf_I_O)         0.259     0.259 r  u_clk_wiz/inst/clkin1_ibufg/O
                         net (fo=1, routed)           0.440     0.700    u_clk_wiz/inst/clk_in1_clk_wiz_0
    MMCME2_ADV_X0Y1      MMCME2_ADV (Prop_mmcme2_adv_CLKIN1_CLKOUT1)
                                                     -2.268    -1.568 r  u_clk_wiz/inst/mmcm_adv_inst/CLKOUT1
                         net (fo=1, routed)           0.482    -1.086    u_clk_wiz/inst/clk_out2_clk_wiz_0
    BUFGCTRL_X0Y16       BUFG (Prop_bufg_I_O)         0.026    -1.060 r  u_clk_wiz/inst/clkout2_buf/O
                         net (fo=55, routed)          0.584    -0.476    periph_vga/hsync_module/CLK
    SLICE_X40Y21         FDRE                                         r  periph_vga/hsync_module/FSM_sequential__state_reg[1]/C
  -------------------------------------------------------------------    -------------------
    SLICE_X40Y21         FDRE (Prop_fdre_C_Q)         0.141    -0.335 r  periph_vga/hsync_module/FSM_sequential__state_reg[1]/Q
                         net (fo=15, routed)          0.189    -0.146    periph_vga/hsync_module/FSM_sequential__state_reg_n_0_[1]
    SLICE_X40Y20         LUT6 (Prop_lut6_I1_O)        0.045    -0.101 r  periph_vga/hsync_module/FSM_sequential__state[0]_i_1/O
                         net (fo=1, routed)           0.000    -0.101    periph_vga/hsync_module/FSM_sequential__state[0]_i_1_n_0
    SLICE_X40Y20         FDRE                                         r  periph_vga/hsync_module/FSM_sequential__state_reg[0]/D
  -------------------------------------------------------------------    -------------------

                         (clock clk_out2_clk_wiz_0 rise edge)
                                                      0.000     0.000 r  
    K17                                               0.000     0.000 r  i_clk (IN)
                         net (fo=0)                   0.000     0.000    u_clk_wiz/inst/clk_in1
    K17                  IBUF (Prop_ibuf_I_O)         0.447     0.447 r  u_clk_wiz/inst/clkin1_ibufg/O
                         net (fo=1, routed)           0.480     0.927    u_clk_wiz/inst/clk_in1_clk_wiz_0
    MMCME2_ADV_X0Y1      MMCME2_ADV (Prop_mmcme2_adv_CLKIN1_CLKOUT1)
                                                     -3.047    -2.120 r  u_clk_wiz/inst/mmcm_adv_inst/CLKOUT1
                         net (fo=1, routed)           0.528    -1.592    u_clk_wiz/inst/clk_out2_clk_wiz_0
    BUFGCTRL_X0Y16       BUFG (Prop_bufg_I_O)         0.029    -1.563 r  u_clk_wiz/inst/clkout2_buf/O
                         net (fo=55, routed)          0.852    -0.711    periph_vga/hsync_module/CLK
    SLICE_X40Y20         FDRE                                         r  periph_vga/hsync_module/FSM_sequential__state_reg[0]/C
                         clock pessimism              0.249    -0.461    
    SLICE_X40Y20         FDRE (Hold_fdre_C_D)         0.091    -0.370    periph_vga/hsync_module/FSM_sequential__state_reg[0]
  -------------------------------------------------------------------
                         required time                          0.370    
                         arrival time                          -0.101    
  -------------------------------------------------------------------
                         slack                                  0.269    

Slack (MET) :             0.274ns  (arrival time - required time)
  Source:                 periph_vga/vsync_module/_lineCounter_reg[1]/C
                            (rising edge-triggered cell FDRE clocked by clk_out2_clk_wiz_0  {rise@0.000ns fall@19.862ns period=39.724ns})
  Destination:            periph_vga/vsync_module/_lineCounter_reg[1]/D
                            (rising edge-triggered cell FDRE clocked by clk_out2_clk_wiz_0  {rise@0.000ns fall@19.862ns period=39.724ns})
  Path Group:             clk_out2_clk_wiz_0
  Path Type:              Hold (Min at Fast Process Corner)
  Requirement:            0.000ns  (clk_out2_clk_wiz_0 rise@0.000ns - clk_out2_clk_wiz_0 rise@0.000ns)
  Data Path Delay:        0.365ns  (logic 0.186ns (50.902%)  route 0.179ns (49.098%))
  Logic Levels:           1  (LUT4=1)
  Clock Path Skew:        0.000ns (DCD - SCD - CPR)
    Destination Clock Delay (DCD):    -0.711ns
    Source Clock Delay      (SCD):    -0.475ns
    Clock Pessimism Removal (CPR):    -0.235ns

    Location             Delay type                Incr(ns)  Path(ns)    Netlist Resource(s)
  -------------------------------------------------------------------    -------------------
                         (clock clk_out2_clk_wiz_0 rise edge)
                                                      0.000     0.000 r  
    K17                                               0.000     0.000 r  i_clk (IN)
                         net (fo=0)                   0.000     0.000    u_clk_wiz/inst/clk_in1
    K17                  IBUF (Prop_ibuf_I_O)         0.259     0.259 r  u_clk_wiz/inst/clkin1_ibufg/O
                         net (fo=1, routed)           0.440     0.700    u_clk_wiz/inst/clk_in1_clk_wiz_0
    MMCME2_ADV_X0Y1      MMCME2_ADV (Prop_mmcme2_adv_CLKIN1_CLKOUT1)
                                                     -2.268    -1.568 r  u_clk_wiz/inst/mmcm_adv_inst/CLKOUT1
                         net (fo=1, routed)           0.482    -1.086    u_clk_wiz/inst/clk_out2_clk_wiz_0
    BUFGCTRL_X0Y16       BUFG (Prop_bufg_I_O)         0.026    -1.060 r  u_clk_wiz/inst/clkout2_buf/O
                         net (fo=55, routed)          0.585    -0.475    periph_vga/vsync_module/CLK
    SLICE_X41Y20         FDRE                                         r  periph_vga/vsync_module/_lineCounter_reg[1]/C
  -------------------------------------------------------------------    -------------------
    SLICE_X41Y20         FDRE (Prop_fdre_C_Q)         0.141    -0.334 r  periph_vga/vsync_module/_lineCounter_reg[1]/Q
                         net (fo=10, routed)          0.179    -0.155    periph_vga/vsync_module/Q[1]
    SLICE_X41Y20         LUT4 (Prop_lut4_I3_O)        0.045    -0.110 r  periph_vga/vsync_module/_lineCounter[1]_i_1/O
                         net (fo=1, routed)           0.000    -0.110    periph_vga/vsync_module/_lineCounter[1]
    SLICE_X41Y20         FDRE                                         r  periph_vga/vsync_module/_lineCounter_reg[1]/D
  -------------------------------------------------------------------    -------------------

                         (clock clk_out2_clk_wiz_0 rise edge)
                                                      0.000     0.000 r  
    K17                                               0.000     0.000 r  i_clk (IN)
                         net (fo=0)                   0.000     0.000    u_clk_wiz/inst/clk_in1
    K17                  IBUF (Prop_ibuf_I_O)         0.447     0.447 r  u_clk_wiz/inst/clkin1_ibufg/O
                         net (fo=1, routed)           0.480     0.927    u_clk_wiz/inst/clk_in1_clk_wiz_0
    MMCME2_ADV_X0Y1      MMCME2_ADV (Prop_mmcme2_adv_CLKIN1_CLKOUT1)
                                                     -3.047    -2.120 r  u_clk_wiz/inst/mmcm_adv_inst/CLKOUT1
                         net (fo=1, routed)           0.528    -1.592    u_clk_wiz/inst/clk_out2_clk_wiz_0
    BUFGCTRL_X0Y16       BUFG (Prop_bufg_I_O)         0.029    -1.563 r  u_clk_wiz/inst/clkout2_buf/O
                         net (fo=55, routed)          0.852    -0.711    periph_vga/vsync_module/CLK
    SLICE_X41Y20         FDRE                                         r  periph_vga/vsync_module/_lineCounter_reg[1]/C
                         clock pessimism              0.235    -0.475    
    SLICE_X41Y20         FDRE (Hold_fdre_C_D)         0.091    -0.384    periph_vga/vsync_module/_lineCounter_reg[1]
  -------------------------------------------------------------------
                         required time                          0.384    
                         arrival time                          -0.110    
  -------------------------------------------------------------------
                         slack                                  0.274    

Slack (MET) :             0.275ns  (arrival time - required time)
  Source:                 periph_vga/hsync_module/FSM_sequential__state_reg[0]/C
                            (rising edge-triggered cell FDRE clocked by clk_out2_clk_wiz_0  {rise@0.000ns fall@19.862ns period=39.724ns})
  Destination:            periph_vga/hsync_module/_pixelCounter_reg[7]/D
                            (rising edge-triggered cell FDRE clocked by clk_out2_clk_wiz_0  {rise@0.000ns fall@19.862ns period=39.724ns})
  Path Group:             clk_out2_clk_wiz_0
  Path Type:              Hold (Min at Fast Process Corner)
  Requirement:            0.000ns  (clk_out2_clk_wiz_0 rise@0.000ns - clk_out2_clk_wiz_0 rise@0.000ns)
  Data Path Delay:        0.367ns  (logic 0.186ns (50.687%)  route 0.181ns (49.313%))
  Logic Levels:           1  (LUT5=1)
  Clock Path Skew:        0.000ns (DCD - SCD - CPR)
    Destination Clock Delay (DCD):    -0.711ns
    Source Clock Delay      (SCD):    -0.475ns
    Clock Pessimism Removal (CPR):    -0.235ns

    Location             Delay type                Incr(ns)  Path(ns)    Netlist Resource(s)
  -------------------------------------------------------------------    -------------------
                         (clock clk_out2_clk_wiz_0 rise edge)
                                                      0.000     0.000 r  
    K17                                               0.000     0.000 r  i_clk (IN)
                         net (fo=0)                   0.000     0.000    u_clk_wiz/inst/clk_in1
    K17                  IBUF (Prop_ibuf_I_O)         0.259     0.259 r  u_clk_wiz/inst/clkin1_ibufg/O
                         net (fo=1, routed)           0.440     0.700    u_clk_wiz/inst/clk_in1_clk_wiz_0
    MMCME2_ADV_X0Y1      MMCME2_ADV (Prop_mmcme2_adv_CLKIN1_CLKOUT1)
                                                     -2.268    -1.568 r  u_clk_wiz/inst/mmcm_adv_inst/CLKOUT1
                         net (fo=1, routed)           0.482    -1.086    u_clk_wiz/inst/clk_out2_clk_wiz_0
    BUFGCTRL_X0Y16       BUFG (Prop_bufg_I_O)         0.026    -1.060 r  u_clk_wiz/inst/clkout2_buf/O
                         net (fo=55, routed)          0.585    -0.475    periph_vga/hsync_module/CLK
    SLICE_X40Y20         FDRE                                         r  periph_vga/hsync_module/FSM_sequential__state_reg[0]/C
  -------------------------------------------------------------------    -------------------
    SLICE_X40Y20         FDRE (Prop_fdre_C_Q)         0.141    -0.334 r  periph_vga/hsync_module/FSM_sequential__state_reg[0]/Q
                         net (fo=15, routed)          0.181    -0.153    periph_vga/hsync_module/FSM_sequential__state_reg_n_0_[0]
    SLICE_X40Y20         LUT5 (Prop_lut5_I0_O)        0.045    -0.108 r  periph_vga/hsync_module/_pixelCounter[7]_i_1/O
                         net (fo=1, routed)           0.000    -0.108    periph_vga/hsync_module/_pixelCounter[7]
    SLICE_X40Y20         FDRE                                         r  periph_vga/hsync_module/_pixelCounter_reg[7]/D
  -------------------------------------------------------------------    -------------------

                         (clock clk_out2_clk_wiz_0 rise edge)
                                                      0.000     0.000 r  
    K17                                               0.000     0.000 r  i_clk (IN)
                         net (fo=0)                   0.000     0.000    u_clk_wiz/inst/clk_in1
    K17                  IBUF (Prop_ibuf_I_O)         0.447     0.447 r  u_clk_wiz/inst/clkin1_ibufg/O
                         net (fo=1, routed)           0.480     0.927    u_clk_wiz/inst/clk_in1_clk_wiz_0
    MMCME2_ADV_X0Y1      MMCME2_ADV (Prop_mmcme2_adv_CLKIN1_CLKOUT1)
                                                     -3.047    -2.120 r  u_clk_wiz/inst/mmcm_adv_inst/CLKOUT1
                         net (fo=1, routed)           0.528    -1.592    u_clk_wiz/inst/clk_out2_clk_wiz_0
    BUFGCTRL_X0Y16       BUFG (Prop_bufg_I_O)         0.029    -1.563 r  u_clk_wiz/inst/clkout2_buf/O
                         net (fo=55, routed)          0.852    -0.711    periph_vga/hsync_module/CLK
    SLICE_X40Y20         FDRE                                         r  periph_vga/hsync_module/_pixelCounter_reg[7]/C
                         clock pessimism              0.235    -0.475    
    SLICE_X40Y20         FDRE (Hold_fdre_C_D)         0.092    -0.383    periph_vga/hsync_module/_pixelCounter_reg[7]
  -------------------------------------------------------------------
                         required time                          0.383    
                         arrival time                          -0.108    
  -------------------------------------------------------------------
                         slack                                  0.275    





Pulse Width Checks
--------------------------------------------------------------------------------------
Clock Name:         clk_out2_clk_wiz_0
Waveform(ns):       { 0.000 19.862 }
Period(ns):         39.724
Sources:            { u_clk_wiz/inst/mmcm_adv_inst/CLKOUT1 }

Check Type        Corner  Lib Pin             Reference Pin  Required(ns)  Actual(ns)  Slack(ns)  Location         Pin
Min Period        n/a     RAMB36E1/CLKBWRCLK  n/a            2.576         39.724      37.148     RAMB36_X2Y4      <hidden>
Min Period        n/a     BUFG/I              n/a            2.155         39.724      37.569     BUFGCTRL_X0Y16   u_clk_wiz/inst/clkout2_buf/I
Min Period        n/a     MMCME2_ADV/CLKOUT1  n/a            1.249         39.724      38.475     MMCME2_ADV_X0Y1  u_clk_wiz/inst/mmcm_adv_inst/CLKOUT1
Min Period        n/a     FDRE/C              n/a            1.000         39.724      38.724     SLICE_X38Y21     periph_vga/_char_col_r_reg[0]/C
Min Period        n/a     FDRE/C              n/a            1.000         39.724      38.724     SLICE_X38Y21     periph_vga/_char_col_r_reg[1]/C
Min Period        n/a     FDRE/C              n/a            1.000         39.724      38.724     SLICE_X40Y24     periph_vga/_char_col_r_reg[2]/C
Min Period        n/a     FDRE/C              n/a            1.000         39.724      38.724     SLICE_X42Y21     periph_vga/_char_row_r_reg[0]/C
Min Period        n/a     FDRE/C              n/a            1.000         39.724      38.724     SLICE_X38Y21     periph_vga/_char_row_r_reg[1]/C
Min Period        n/a     FDRE/C              n/a            1.000         39.724      38.724     SLICE_X39Y21     periph_vga/_char_row_r_reg[2]/C
Min Period        n/a     FDRE/C              n/a            1.000         39.724      38.724     SLICE_X39Y21     periph_vga/_char_row_r_reg[3]/C
Max Period        n/a     MMCME2_ADV/CLKOUT1  n/a            213.360       39.724      173.636    MMCME2_ADV_X0Y1  u_clk_wiz/inst/mmcm_adv_inst/CLKOUT1
Low Pulse Width   Slow    FDRE/C              n/a            0.500         19.862      19.362     SLICE_X38Y21     periph_vga/_char_col_r_reg[0]/C
Low Pulse Width   Fast    FDRE/C              n/a            0.500         19.862      19.362     SLICE_X38Y21     periph_vga/_char_col_r_reg[0]/C
Low Pulse Width   Slow    FDRE/C              n/a            0.500         19.862      19.362     SLICE_X38Y21     periph_vga/_char_col_r_reg[1]/C
Low Pulse Width   Fast    FDRE/C              n/a            0.500         19.862      19.362     SLICE_X38Y21     periph_vga/_char_col_r_reg[1]/C
Low Pulse Width   Slow    FDRE/C              n/a            0.500         19.862      19.362     SLICE_X40Y24     periph_vga/_char_col_r_reg[2]/C
Low Pulse Width   Fast    FDRE/C              n/a            0.500         19.862      19.362     SLICE_X40Y24     periph_vga/_char_col_r_reg[2]/C
Low Pulse Width   Slow    FDRE/C              n/a            0.500         19.862      19.362     SLICE_X42Y21     periph_vga/_char_row_r_reg[0]/C
Low Pulse Width   Fast    FDRE/C              n/a            0.500         19.862      19.362     SLICE_X42Y21     periph_vga/_char_row_r_reg[0]/C
Low Pulse Width   Slow    FDRE/C              n/a            0.500         19.862      19.362     SLICE_X38Y21     periph_vga/_char_row_r_reg[1]/C
Low Pulse Width   Fast    FDRE/C              n/a            0.500         19.862      19.362     SLICE_X38Y21     periph_vga/_char_row_r_reg[1]/C
High Pulse Width  Slow    FDRE/C              n/a            0.500         19.862      19.362     SLICE_X38Y21     periph_vga/_char_col_r_reg[0]/C
High Pulse Width  Fast    FDRE/C              n/a            0.500         19.862      19.362     SLICE_X38Y21     periph_vga/_char_col_r_reg[0]/C
High Pulse Width  Slow    FDRE/C              n/a            0.500         19.862      19.362     SLICE_X38Y21     periph_vga/_char_col_r_reg[1]/C
High Pulse Width  Fast    FDRE/C              n/a            0.500         19.862      19.362     SLICE_X38Y21     periph_vga/_char_col_r_reg[1]/C
High Pulse Width  Slow    FDRE/C              n/a            0.500         19.862      19.362     SLICE_X40Y24     periph_vga/_char_col_r_reg[2]/C
High Pulse Width  Fast    FDRE/C              n/a            0.500         19.862      19.362     SLICE_X40Y24     periph_vga/_char_col_r_reg[2]/C
High Pulse Width  Slow    FDRE/C              n/a            0.500         19.862      19.362     SLICE_X42Y21     periph_vga/_char_row_r_reg[0]/C
High Pulse Width  Fast    FDRE/C              n/a            0.500         19.862      19.362     SLICE_X42Y21     periph_vga/_char_row_r_reg[0]/C
High Pulse Width  Slow    FDRE/C              n/a            0.500         19.862      19.362     SLICE_X38Y21     periph_vga/_char_row_r_reg[1]/C
High Pulse Width  Fast    FDRE/C              n/a            0.500         19.862      19.362     SLICE_X38Y21     periph_vga/_char_row_r_reg[1]/C



---------------------------------------------------------------------------------------------------
From Clock:  clkfbout_clk_wiz_0
  To Clock:  clkfbout_clk_wiz_0

Setup :           NA  Failing Endpoints,  Worst Slack           NA  ,  Total Violation           NA
Hold  :           NA  Failing Endpoints,  Worst Slack           NA  ,  Total Violation           NA
PW    :            0  Failing Endpoints,  Worst Slack        5.845ns,  Total Violation        0.000ns
---------------------------------------------------------------------------------------------------


Pulse Width Checks
--------------------------------------------------------------------------------------
Clock Name:         clkfbout_clk_wiz_0
Waveform(ns):       { 0.000 4.000 }
Period(ns):         8.000
Sources:            { u_clk_wiz/inst/mmcm_adv_inst/CLKFBOUT }

Check Type  Corner  Lib Pin              Reference Pin  Required(ns)  Actual(ns)  Slack(ns)  Location         Pin
Min Period  n/a     BUFG/I               n/a            2.155         8.000       5.845      BUFGCTRL_X0Y18   u_clk_wiz/inst/clkf_buf/I
Min Period  n/a     MMCME2_ADV/CLKFBOUT  n/a            1.249         8.000       6.751      MMCME2_ADV_X0Y1  u_clk_wiz/inst/mmcm_adv_inst/CLKFBOUT
Min Period  n/a     MMCME2_ADV/CLKFBIN   n/a            1.249         8.000       6.751      MMCME2_ADV_X0Y1  u_clk_wiz/inst/mmcm_adv_inst/CLKFBIN
Max Period  n/a     MMCME2_ADV/CLKFBIN   n/a            100.000       8.000       92.000     MMCME2_ADV_X0Y1  u_clk_wiz/inst/mmcm_adv_inst/CLKFBIN
Max Period  n/a     MMCME2_ADV/CLKFBOUT  n/a            213.360       8.000       205.360    MMCME2_ADV_X0Y1  u_clk_wiz/inst/mmcm_adv_inst/CLKFBOUT



--------------------------------------------------------------------------------------
Path Group:  (none)
From Clock:  
  To Clock:  clk_out1_clk_wiz_0

Max Delay             1 Endpoint
Min Delay             1 Endpoint
--------------------------------------------------------------------------------------


Max Delay Paths
--------------------------------------------------------------------------------------
Slack:                    inf
  Source:                 i_rst
                            (input port)
  Destination:            _rst_sync_reg/PRE
                            (recovery check against rising-edge clock clk_out1_clk_wiz_0  {rise@0.000ns fall@10.000ns period=20.000ns})
  Path Group:             (none)
  Path Type:              Recovery (Max at Slow Process Corner)
  Data Path Delay:        2.440ns  (logic 1.528ns (62.637%)  route 0.912ns (37.363%))
  Logic Levels:           1  (IBUF=1)
  Clock Path Skew:        -1.260ns (DCD - SCD + CPR)
    Destination Clock Delay (DCD):    -1.260ns
    Source Clock Delay      (SCD):    0.000ns
    Clock Pessimism Removal (CPR):    0.000ns
  Clock Uncertainty:      0.180ns  ((TSJ^2 + DJ^2)^1/2) / 2 + PE
    Total System Jitter     (TSJ):    0.050ns
    Discrete Jitter          (DJ):    0.148ns
    Phase Error              (PE):    0.102ns
  Timing Exception:       False Path

    Location             Delay type                Incr(ns)  Path(ns)    Netlist Resource(s)
  -------------------------------------------------------------------    -------------------
    T16                                               0.000     0.000 f  i_rst (IN)
                         net (fo=0)                   0.000     0.000    i_rst
    T16                  IBUF (Prop_ibuf_I_O)         1.528     1.528 f  i_rst_IBUF_inst/O
                         net (fo=2, routed)           0.912     2.440    i_rst_IBUF
    SLICE_X43Y32         FDPE                                         f  _rst_sync_reg/PRE
  -------------------------------------------------------------------    -------------------

                         (clock clk_out1_clk_wiz_0 rise edge)
                                                      0.000     0.000 r  
    K17                                               0.000     0.000 r  i_clk (IN)
                         net (fo=0)                   0.000     0.000    u_clk_wiz/inst/clk_in1
    K17                  IBUF (Prop_ibuf_I_O)         1.421     1.421 r  u_clk_wiz/inst/clkin1_ibufg/O
                         net (fo=1, routed)           1.162     2.583    u_clk_wiz/inst/clk_in1_clk_wiz_0
    MMCME2_ADV_X0Y1      MMCME2_ADV (Prop_mmcme2_adv_CLKIN1_CLKOUT0)
                                                     -7.105    -4.522 r  u_clk_wiz/inst/mmcm_adv_inst/CLKOUT0
                         net (fo=1, routed)           1.599    -2.923    u_clk_wiz/inst/clk_out1_clk_wiz_0
    BUFGCTRL_X0Y17       BUFG (Prop_bufg_I_O)         0.091    -2.832 r  u_clk_wiz/inst/clkout1_buf/O
                         net (fo=16, routed)          1.571    -1.260    _clkSystem
    SLICE_X43Y32         FDPE                                         r  _rst_sync_reg/C





Min Delay Paths
--------------------------------------------------------------------------------------
Slack:                    inf
  Source:                 i_rst
                            (input port)
  Destination:            _rst_sync_reg/PRE
                            (removal check against rising-edge clock clk_out1_clk_wiz_0  {rise@0.000ns fall@10.000ns period=20.000ns})
  Path Group:             (none)
  Path Type:              Removal (Min at Fast Process Corner)
  Data Path Delay:        0.654ns  (logic 0.296ns (45.181%)  route 0.359ns (54.819%))
  Logic Levels:           1  (IBUF=1)
  Clock Path Skew:        -0.708ns (DCD - SCD - CPR)
    Destination Clock Delay (DCD):    -0.708ns
    Source Clock Delay      (SCD):    0.000ns
    Clock Pessimism Removal (CPR):    -0.000ns
  Timing Exception:       False Path

    Location             Delay type                Incr(ns)  Path(ns)    Netlist Resource(s)
  -------------------------------------------------------------------    -------------------
    T16                                               0.000     0.000 f  i_rst (IN)
                         net (fo=0)                   0.000     0.000    i_rst
    T16                  IBUF (Prop_ibuf_I_O)         0.296     0.296 f  i_rst_IBUF_inst/O
                         net (fo=2, routed)           0.359     0.654    i_rst_IBUF
    SLICE_X43Y32         FDPE                                         f  _rst_sync_reg/PRE
  -------------------------------------------------------------------    -------------------

                         (clock clk_out1_clk_wiz_0 rise edge)
                                                      0.000     0.000 r  
    K17                                               0.000     0.000 r  i_clk (IN)
                         net (fo=0)                   0.000     0.000    u_clk_wiz/inst/clk_in1
    K17                  IBUF (Prop_ibuf_I_O)         0.447     0.447 r  u_clk_wiz/inst/clkin1_ibufg/O
                         net (fo=1, routed)           0.480     0.927    u_clk_wiz/inst/clk_in1_clk_wiz_0
    MMCME2_ADV_X0Y1      MMCME2_ADV (Prop_mmcme2_adv_CLKIN1_CLKOUT0)
                                                     -3.047    -2.120 r  u_clk_wiz/inst/mmcm_adv_inst/CLKOUT0
                         net (fo=1, routed)           0.528    -1.592    u_clk_wiz/inst/clk_out1_clk_wiz_0
    BUFGCTRL_X0Y17       BUFG (Prop_bufg_I_O)         0.029    -1.563 r  u_clk_wiz/inst/clkout1_buf/O
                         net (fo=16, routed)          0.855    -0.708    _clkSystem
    SLICE_X43Y32         FDPE                                         r  _rst_sync_reg/C





--------------------------------------------------------------------------------------
Path Group:  (none)
From Clock:  clk_out1_clk_wiz_0
  To Clock:  clk_out2_clk_wiz_0

Max Delay             5 Endpoints
Min Delay             5 Endpoints
--------------------------------------------------------------------------------------


Max Delay Paths
--------------------------------------------------------------------------------------
Slack:                    inf
  Source:                 _rst_sync_reg/C
                            (rising edge-triggered cell FDPE clocked by clk_out1_clk_wiz_0  {rise@0.000ns fall@10.000ns period=20.000ns})
  Destination:            periph_vga/_rst_sync_vga_reg/D
                            (rising edge-triggered cell FDRE clocked by clk_out2_clk_wiz_0  {rise@0.000ns fall@19.862ns period=39.724ns})
  Path Group:             (none)
  Path Type:              Setup (Max at Slow Process Corner)
  Data Path Delay:        1.755ns  (logic 0.580ns (33.054%)  route 1.175ns (66.946%))
  Logic Levels:           1  (LUT2=1)
  Clock Path Skew:        -0.659ns (DCD - SCD + CPR)
    Destination Clock Delay (DCD):    -1.269ns
    Source Clock Delay      (SCD):    -0.610ns
    Clock Pessimism Removal (CPR):    0.000ns
  Clock Uncertainty:      0.212ns  ((TSJ^2 + DJ^2)^1/2) / 2 + PE
    Total System Jitter     (TSJ):    0.071ns
    Discrete Jitter          (DJ):    0.170ns
    Phase Error              (PE):    0.120ns
  Timing Exception:       False Path

    Location             Delay type                Incr(ns)  Path(ns)    Netlist Resource(s)
  -------------------------------------------------------------------    -------------------
                         (clock clk_out1_clk_wiz_0 rise edge)
                                                      0.000     0.000 r  
    K17                                               0.000     0.000 r  i_clk (IN)
                         net (fo=0)                   0.000     0.000    u_clk_wiz/inst/clk_in1
    K17                  IBUF (Prop_ibuf_I_O)         1.492     1.492 r  u_clk_wiz/inst/clkin1_ibufg/O
                         net (fo=1, routed)           1.285     2.777    u_clk_wiz/inst/clk_in1_clk_wiz_0
    MMCME2_ADV_X0Y1      MMCME2_ADV (Prop_mmcme2_adv_CLKIN1_CLKOUT0)
                                                     -6.996    -4.219 r  u_clk_wiz/inst/mmcm_adv_inst/CLKOUT0
                         net (fo=1, routed)           1.760    -2.459    u_clk_wiz/inst/clk_out1_clk_wiz_0
    BUFGCTRL_X0Y17       BUFG (Prop_bufg_I_O)         0.101    -2.358 r  u_clk_wiz/inst/clkout1_buf/O
                         net (fo=16, routed)          1.748    -0.610    _clkSystem
    SLICE_X43Y32         FDPE                                         r  _rst_sync_reg/C
  -------------------------------------------------------------------    -------------------
    SLICE_X43Y32         FDPE (Prop_fdpe_C_Q)         0.456    -0.154 r  _rst_sync_reg/Q
                         net (fo=16, routed)          1.175     1.020    periph_vga/_rst_sync
    SLICE_X40Y24         LUT2 (Prop_lut2_I1_O)        0.124     1.144 r  periph_vga/_rst_sync_vga_i_1/O
                         net (fo=1, routed)           0.000     1.144    periph_vga/_rst_sync_vga_i_1_n_0
    SLICE_X40Y24         FDRE                                         r  periph_vga/_rst_sync_vga_reg/D
  -------------------------------------------------------------------    -------------------

                         (clock clk_out2_clk_wiz_0 rise edge)
                                                      0.000     0.000 r  
    K17                                               0.000     0.000 r  i_clk (IN)
                         net (fo=0)                   0.000     0.000    u_clk_wiz/inst/clk_in1
    K17                  IBUF (Prop_ibuf_I_O)         1.421     1.421 r  u_clk_wiz/inst/clkin1_ibufg/O
                         net (fo=1, routed)           1.162     2.583    u_clk_wiz/inst/clk_in1_clk_wiz_0
    MMCME2_ADV_X0Y1      MMCME2_ADV (Prop_mmcme2_adv_CLKIN1_CLKOUT1)
                                                     -7.105    -4.522 r  u_clk_wiz/inst/mmcm_adv_inst/CLKOUT1
                         net (fo=1, routed)           1.599    -2.923    u_clk_wiz/inst/clk_out2_clk_wiz_0
    BUFGCTRL_X0Y16       BUFG (Prop_bufg_I_O)         0.091    -2.832 r  u_clk_wiz/inst/clkout2_buf/O
                         net (fo=55, routed)          1.562    -1.269    periph_vga/CLK
    SLICE_X40Y24         FDRE                                         r  periph_vga/_rst_sync_vga_reg/C

Slack:                    inf
  Source:                 _rst_sync_reg/C
                            (rising edge-triggered cell FDPE clocked by clk_out1_clk_wiz_0  {rise@0.000ns fall@10.000ns period=20.000ns})
  Destination:            periph_vga/_rst_meta_reg/D
                            (rising edge-triggered cell FDRE clocked by clk_out2_clk_wiz_0  {rise@0.000ns fall@19.862ns period=39.724ns})
  Path Group:             (none)
  Path Type:              Setup (Max at Slow Process Corner)
  Data Path Delay:        1.185ns  (logic 0.456ns (38.467%)  route 0.729ns (61.533%))
  Logic Levels:           0  
  Clock Path Skew:        -0.659ns (DCD - SCD + CPR)
    Destination Clock Delay (DCD):    -1.269ns
    Source Clock Delay      (SCD):    -0.610ns
    Clock Pessimism Removal (CPR):    0.000ns
  Clock Uncertainty:      0.212ns  ((TSJ^2 + DJ^2)^1/2) / 2 + PE
    Total System Jitter     (TSJ):    0.071ns
    Discrete Jitter          (DJ):    0.170ns
    Phase Error              (PE):    0.120ns
  Timing Exception:       False Path

    Location             Delay type                Incr(ns)  Path(ns)    Netlist Resource(s)
  -------------------------------------------------------------------    -------------------
                         (clock clk_out1_clk_wiz_0 rise edge)
                                                      0.000     0.000 r  
    K17                                               0.000     0.000 r  i_clk (IN)
                         net (fo=0)                   0.000     0.000    u_clk_wiz/inst/clk_in1
    K17                  IBUF (Prop_ibuf_I_O)         1.492     1.492 r  u_clk_wiz/inst/clkin1_ibufg/O
                         net (fo=1, routed)           1.285     2.777    u_clk_wiz/inst/clk_in1_clk_wiz_0
    MMCME2_ADV_X0Y1      MMCME2_ADV (Prop_mmcme2_adv_CLKIN1_CLKOUT0)
                                                     -6.996    -4.219 r  u_clk_wiz/inst/mmcm_adv_inst/CLKOUT0
                         net (fo=1, routed)           1.760    -2.459    u_clk_wiz/inst/clk_out1_clk_wiz_0
    BUFGCTRL_X0Y17       BUFG (Prop_bufg_I_O)         0.101    -2.358 r  u_clk_wiz/inst/clkout1_buf/O
                         net (fo=16, routed)          1.748    -0.610    _clkSystem
    SLICE_X43Y32         FDPE                                         r  _rst_sync_reg/C
  -------------------------------------------------------------------    -------------------
    SLICE_X43Y32         FDPE (Prop_fdpe_C_Q)         0.456    -0.154 r  _rst_sync_reg/Q
                         net (fo=16, routed)          0.729     0.575    periph_vga/_rst_sync
    SLICE_X40Y24         FDRE                                         r  periph_vga/_rst_meta_reg/D
  -------------------------------------------------------------------    -------------------

                         (clock clk_out2_clk_wiz_0 rise edge)
                                                      0.000     0.000 r  
    K17                                               0.000     0.000 r  i_clk (IN)
                         net (fo=0)                   0.000     0.000    u_clk_wiz/inst/clk_in1
    K17                  IBUF (Prop_ibuf_I_O)         1.421     1.421 r  u_clk_wiz/inst/clkin1_ibufg/O
                         net (fo=1, routed)           1.162     2.583    u_clk_wiz/inst/clk_in1_clk_wiz_0
    MMCME2_ADV_X0Y1      MMCME2_ADV (Prop_mmcme2_adv_CLKIN1_CLKOUT1)
                                                     -7.105    -4.522 r  u_clk_wiz/inst/mmcm_adv_inst/CLKOUT1
                         net (fo=1, routed)           1.599    -2.923    u_clk_wiz/inst/clk_out2_clk_wiz_0
    BUFGCTRL_X0Y16       BUFG (Prop_bufg_I_O)         0.091    -2.832 r  u_clk_wiz/inst/clkout2_buf/O
                         net (fo=55, routed)          1.562    -1.269    periph_vga/CLK
    SLICE_X40Y24         FDRE                                         r  periph_vga/_rst_meta_reg/C

Slack:                    inf
  Source:                 periph_vga/_enVGA_reg/C
                            (rising edge-triggered cell FDRE clocked by clk_out1_clk_wiz_0  {rise@0.000ns fall@10.000ns period=20.000ns})
  Destination:            periph_vga/_enVGA_meta_reg/D
                            (rising edge-triggered cell FDRE clocked by clk_out2_clk_wiz_0  {rise@0.000ns fall@19.862ns period=39.724ns})
  Path Group:             (none)
  Path Type:              Setup (Max at Slow Process Corner)
  Data Path Delay:        0.966ns  (logic 0.478ns (49.495%)  route 0.488ns (50.505%))
  Logic Levels:           0  
  Clock Path Skew:        -0.648ns (DCD - SCD + CPR)
    Destination Clock Delay (DCD):    -1.267ns
    Source Clock Delay      (SCD):    -0.619ns
    Clock Pessimism Removal (CPR):    0.000ns
  Clock Uncertainty:      0.212ns  ((TSJ^2 + DJ^2)^1/2) / 2 + PE
    Total System Jitter     (TSJ):    0.071ns
    Discrete Jitter          (DJ):    0.170ns
    Phase Error              (PE):    0.120ns
  Timing Exception:       False Path

    Location             Delay type                Incr(ns)  Path(ns)    Netlist Resource(s)
  -------------------------------------------------------------------    -------------------
                         (clock clk_out1_clk_wiz_0 rise edge)
                                                      0.000     0.000 r  
    K17                                               0.000     0.000 r  i_clk (IN)
                         net (fo=0)                   0.000     0.000    u_clk_wiz/inst/clk_in1
    K17                  IBUF (Prop_ibuf_I_O)         1.492     1.492 r  u_clk_wiz/inst/clkin1_ibufg/O
                         net (fo=1, routed)           1.285     2.777    u_clk_wiz/inst/clk_in1_clk_wiz_0
    MMCME2_ADV_X0Y1      MMCME2_ADV (Prop_mmcme2_adv_CLKIN1_CLKOUT0)
                                                     -6.996    -4.219 r  u_clk_wiz/inst/mmcm_adv_inst/CLKOUT0
                         net (fo=1, routed)           1.760    -2.459    u_clk_wiz/inst/clk_out1_clk_wiz_0
    BUFGCTRL_X0Y17       BUFG (Prop_bufg_I_O)         0.101    -2.358 r  u_clk_wiz/inst/clkout1_buf/O
                         net (fo=16, routed)          1.739    -0.619    periph_vga/clk_out1
    SLICE_X42Y23         FDRE                                         r  periph_vga/_enVGA_reg/C
  -------------------------------------------------------------------    -------------------
    SLICE_X42Y23         FDRE (Prop_fdre_C_Q)         0.478    -0.141 r  periph_vga/_enVGA_reg/Q
                         net (fo=2, routed)           0.488     0.347    periph_vga/_enVGA
    SLICE_X41Y23         FDRE                                         r  periph_vga/_enVGA_meta_reg/D
  -------------------------------------------------------------------    -------------------

                         (clock clk_out2_clk_wiz_0 rise edge)
                                                      0.000     0.000 r  
    K17                                               0.000     0.000 r  i_clk (IN)
                         net (fo=0)                   0.000     0.000    u_clk_wiz/inst/clk_in1
    K17                  IBUF (Prop_ibuf_I_O)         1.421     1.421 r  u_clk_wiz/inst/clkin1_ibufg/O
                         net (fo=1, routed)           1.162     2.583    u_clk_wiz/inst/clk_in1_clk_wiz_0
    MMCME2_ADV_X0Y1      MMCME2_ADV (Prop_mmcme2_adv_CLKIN1_CLKOUT1)
                                                     -7.105    -4.522 r  u_clk_wiz/inst/mmcm_adv_inst/CLKOUT1
                         net (fo=1, routed)           1.599    -2.923    u_clk_wiz/inst/clk_out2_clk_wiz_0
    BUFGCTRL_X0Y16       BUFG (Prop_bufg_I_O)         0.091    -2.832 r  u_clk_wiz/inst/clkout2_buf/O
                         net (fo=55, routed)          1.564    -1.267    periph_vga/CLK
    SLICE_X41Y23         FDRE                                         r  periph_vga/_enVGA_meta_reg/C

Slack:                    inf
  Source:                 periph_vga/_SrcImg0_reg/C
                            (rising edge-triggered cell FDRE clocked by clk_out1_clk_wiz_0  {rise@0.000ns fall@10.000ns period=20.000ns})
  Destination:            periph_vga/_imgData_meta_reg[0]/D
                            (rising edge-triggered cell FDRE clocked by clk_out2_clk_wiz_0  {rise@0.000ns fall@19.862ns period=39.724ns})
  Path Group:             (none)
  Path Type:              Setup (Max at Slow Process Corner)
  Data Path Delay:        0.858ns  (logic 0.518ns (60.375%)  route 0.340ns (39.625%))
  Logic Levels:           0  
  Clock Path Skew:        -0.648ns (DCD - SCD + CPR)
    Destination Clock Delay (DCD):    -1.267ns
    Source Clock Delay      (SCD):    -0.619ns
    Clock Pessimism Removal (CPR):    0.000ns
  Clock Uncertainty:      0.212ns  ((TSJ^2 + DJ^2)^1/2) / 2 + PE
    Total System Jitter     (TSJ):    0.071ns
    Discrete Jitter          (DJ):    0.170ns
    Phase Error              (PE):    0.120ns
  Timing Exception:       False Path

    Location             Delay type                Incr(ns)  Path(ns)    Netlist Resource(s)
  -------------------------------------------------------------------    -------------------
                         (clock clk_out1_clk_wiz_0 rise edge)
                                                      0.000     0.000 r  
    K17                                               0.000     0.000 r  i_clk (IN)
                         net (fo=0)                   0.000     0.000    u_clk_wiz/inst/clk_in1
    K17                  IBUF (Prop_ibuf_I_O)         1.492     1.492 r  u_clk_wiz/inst/clkin1_ibufg/O
                         net (fo=1, routed)           1.285     2.777    u_clk_wiz/inst/clk_in1_clk_wiz_0
    MMCME2_ADV_X0Y1      MMCME2_ADV (Prop_mmcme2_adv_CLKIN1_CLKOUT0)
                                                     -6.996    -4.219 r  u_clk_wiz/inst/mmcm_adv_inst/CLKOUT0
                         net (fo=1, routed)           1.760    -2.459    u_clk_wiz/inst/clk_out1_clk_wiz_0
    BUFGCTRL_X0Y17       BUFG (Prop_bufg_I_O)         0.101    -2.358 r  u_clk_wiz/inst/clkout1_buf/O
                         net (fo=16, routed)          1.739    -0.619    periph_vga/clk_out1
    SLICE_X42Y23         FDRE                                         r  periph_vga/_SrcImg0_reg/C
  -------------------------------------------------------------------    -------------------
    SLICE_X42Y23         FDRE (Prop_fdre_C_Q)         0.518    -0.101 r  periph_vga/_SrcImg0_reg/Q
                         net (fo=2, routed)           0.340     0.239    periph_vga/_imgData_sys[0]
    SLICE_X40Y23         FDRE                                         r  periph_vga/_imgData_meta_reg[0]/D
  -------------------------------------------------------------------    -------------------

                         (clock clk_out2_clk_wiz_0 rise edge)
                                                      0.000     0.000 r  
    K17                                               0.000     0.000 r  i_clk (IN)
                         net (fo=0)                   0.000     0.000    u_clk_wiz/inst/clk_in1
    K17                  IBUF (Prop_ibuf_I_O)         1.421     1.421 r  u_clk_wiz/inst/clkin1_ibufg/O
                         net (fo=1, routed)           1.162     2.583    u_clk_wiz/inst/clk_in1_clk_wiz_0
    MMCME2_ADV_X0Y1      MMCME2_ADV (Prop_mmcme2_adv_CLKIN1_CLKOUT1)
                                                     -7.105    -4.522 r  u_clk_wiz/inst/mmcm_adv_inst/CLKOUT1
                         net (fo=1, routed)           1.599    -2.923    u_clk_wiz/inst/clk_out2_clk_wiz_0
    BUFGCTRL_X0Y16       BUFG (Prop_bufg_I_O)         0.091    -2.832 r  u_clk_wiz/inst/clkout2_buf/O
                         net (fo=55, routed)          1.564    -1.267    periph_vga/CLK
    SLICE_X40Y23         FDRE                                         r  periph_vga/_imgData_meta_reg[0]/C

Slack:                    inf
  Source:                 periph_vga/_SrcChar_reg/C
                            (rising edge-triggered cell FDRE clocked by clk_out1_clk_wiz_0  {rise@0.000ns fall@10.000ns period=20.000ns})
  Destination:            periph_vga/_imgData_meta_reg[4]/D
                            (rising edge-triggered cell FDRE clocked by clk_out2_clk_wiz_0  {rise@0.000ns fall@19.862ns period=39.724ns})
  Path Group:             (none)
  Path Type:              Setup (Max at Slow Process Corner)
  Data Path Delay:        0.853ns  (logic 0.518ns (60.719%)  route 0.335ns (39.281%))
  Logic Levels:           0  
  Clock Path Skew:        -0.648ns (DCD - SCD + CPR)
    Destination Clock Delay (DCD):    -1.267ns
    Source Clock Delay      (SCD):    -0.619ns
    Clock Pessimism Removal (CPR):    0.000ns
  Clock Uncertainty:      0.212ns  ((TSJ^2 + DJ^2)^1/2) / 2 + PE
    Total System Jitter     (TSJ):    0.071ns
    Discrete Jitter          (DJ):    0.170ns
    Phase Error              (PE):    0.120ns
  Timing Exception:       False Path

    Location             Delay type                Incr(ns)  Path(ns)    Netlist Resource(s)
  -------------------------------------------------------------------    -------------------
                         (clock clk_out1_clk_wiz_0 rise edge)
                                                      0.000     0.000 r  
    K17                                               0.000     0.000 r  i_clk (IN)
                         net (fo=0)                   0.000     0.000    u_clk_wiz/inst/clk_in1
    K17                  IBUF (Prop_ibuf_I_O)         1.492     1.492 r  u_clk_wiz/inst/clkin1_ibufg/O
                         net (fo=1, routed)           1.285     2.777    u_clk_wiz/inst/clk_in1_clk_wiz_0
    MMCME2_ADV_X0Y1      MMCME2_ADV (Prop_mmcme2_adv_CLKIN1_CLKOUT0)
                                                     -6.996    -4.219 r  u_clk_wiz/inst/mmcm_adv_inst/CLKOUT0
                         net (fo=1, routed)           1.760    -2.459    u_clk_wiz/inst/clk_out1_clk_wiz_0
    BUFGCTRL_X0Y17       BUFG (Prop_bufg_I_O)         0.101    -2.358 r  u_clk_wiz/inst/clkout1_buf/O
                         net (fo=16, routed)          1.739    -0.619    periph_vga/clk_out1
    SLICE_X42Y23         FDRE                                         r  periph_vga/_SrcChar_reg/C
  -------------------------------------------------------------------    -------------------
    SLICE_X42Y23         FDRE (Prop_fdre_C_Q)         0.518    -0.101 r  periph_vga/_SrcChar_reg/Q
                         net (fo=2, routed)           0.335     0.234    periph_vga/_imgData_sys[4]
    SLICE_X40Y23         FDRE                                         r  periph_vga/_imgData_meta_reg[4]/D
  -------------------------------------------------------------------    -------------------

                         (clock clk_out2_clk_wiz_0 rise edge)
                                                      0.000     0.000 r  
    K17                                               0.000     0.000 r  i_clk (IN)
                         net (fo=0)                   0.000     0.000    u_clk_wiz/inst/clk_in1
    K17                  IBUF (Prop_ibuf_I_O)         1.421     1.421 r  u_clk_wiz/inst/clkin1_ibufg/O
                         net (fo=1, routed)           1.162     2.583    u_clk_wiz/inst/clk_in1_clk_wiz_0
    MMCME2_ADV_X0Y1      MMCME2_ADV (Prop_mmcme2_adv_CLKIN1_CLKOUT1)
                                                     -7.105    -4.522 r  u_clk_wiz/inst/mmcm_adv_inst/CLKOUT1
                         net (fo=1, routed)           1.599    -2.923    u_clk_wiz/inst/clk_out2_clk_wiz_0
    BUFGCTRL_X0Y16       BUFG (Prop_bufg_I_O)         0.091    -2.832 r  u_clk_wiz/inst/clkout2_buf/O
                         net (fo=55, routed)          1.564    -1.267    periph_vga/CLK
    SLICE_X40Y23         FDRE                                         r  periph_vga/_imgData_meta_reg[4]/C





Min Delay Paths
--------------------------------------------------------------------------------------
Slack:                    inf
  Source:                 periph_vga/_SrcChar_reg/C
                            (rising edge-triggered cell FDRE clocked by clk_out1_clk_wiz_0  {rise@0.000ns fall@10.000ns period=20.000ns})
  Destination:            periph_vga/_imgData_meta_reg[4]/D
                            (rising edge-triggered cell FDRE clocked by clk_out2_clk_wiz_0  {rise@0.000ns fall@19.862ns period=39.724ns})
  Path Group:             (none)
  Path Type:              Hold (Min at Slow Process Corner)
  Data Path Delay:        0.701ns  (logic 0.418ns (59.620%)  route 0.283ns (40.380%))
  Logic Levels:           0  
  Clock Path Skew:        0.648ns (DCD - SCD - CPR)
    Destination Clock Delay (DCD):    -0.619ns
    Source Clock Delay      (SCD):    -1.267ns
    Clock Pessimism Removal (CPR):    -0.000ns
  Clock Uncertainty:      0.212ns  ((TSJ^2 + DJ^2)^1/2) / 2 + PE
    Total System Jitter     (TSJ):    0.071ns
    Discrete Jitter          (DJ):    0.170ns
    Phase Error              (PE):    0.120ns
  Timing Exception:       False Path

    Location             Delay type                Incr(ns)  Path(ns)    Netlist Resource(s)
  -------------------------------------------------------------------    -------------------
                         (clock clk_out1_clk_wiz_0 rise edge)
                                                      0.000     0.000 r  
    K17                                               0.000     0.000 r  i_clk (IN)
                         net (fo=0)                   0.000     0.000    u_clk_wiz/inst/clk_in1
    K17                  IBUF (Prop_ibuf_I_O)         1.421     1.421 r  u_clk_wiz/inst/clkin1_ibufg/O
                         net (fo=1, routed)           1.162     2.583    u_clk_wiz/inst/clk_in1_clk_wiz_0
    MMCME2_ADV_X0Y1      MMCME2_ADV (Prop_mmcme2_adv_CLKIN1_CLKOUT0)
                                                     -7.105    -4.522 r  u_clk_wiz/inst/mmcm_adv_inst/CLKOUT0
                         net (fo=1, routed)           1.599    -2.923    u_clk_wiz/inst/clk_out1_clk_wiz_0
    BUFGCTRL_X0Y17       BUFG (Prop_bufg_I_O)         0.091    -2.832 r  u_clk_wiz/inst/clkout1_buf/O
                         net (fo=16, routed)          1.564    -1.267    periph_vga/clk_out1
    SLICE_X42Y23         FDRE                                         r  periph_vga/_SrcChar_reg/C
  -------------------------------------------------------------------    -------------------
    SLICE_X42Y23         FDRE (Prop_fdre_C_Q)         0.418    -0.849 r  periph_vga/_SrcChar_reg/Q
                         net (fo=2, routed)           0.283    -0.566    periph_vga/_imgData_sys[4]
    SLICE_X40Y23         FDRE                                         r  periph_vga/_imgData_meta_reg[4]/D
  -------------------------------------------------------------------    -------------------

                         (clock clk_out2_clk_wiz_0 rise edge)
                                                      0.000     0.000 r  
    K17                                               0.000     0.000 r  i_clk (IN)
                         net (fo=0)                   0.000     0.000    u_clk_wiz/inst/clk_in1
    K17                  IBUF (Prop_ibuf_I_O)         1.492     1.492 r  u_clk_wiz/inst/clkin1_ibufg/O
                         net (fo=1, routed)           1.285     2.777    u_clk_wiz/inst/clk_in1_clk_wiz_0
    MMCME2_ADV_X0Y1      MMCME2_ADV (Prop_mmcme2_adv_CLKIN1_CLKOUT1)
                                                     -6.996    -4.219 r  u_clk_wiz/inst/mmcm_adv_inst/CLKOUT1
                         net (fo=1, routed)           1.760    -2.459    u_clk_wiz/inst/clk_out2_clk_wiz_0
    BUFGCTRL_X0Y16       BUFG (Prop_bufg_I_O)         0.101    -2.358 r  u_clk_wiz/inst/clkout2_buf/O
                         net (fo=55, routed)          1.739    -0.619    periph_vga/CLK
    SLICE_X40Y23         FDRE                                         r  periph_vga/_imgData_meta_reg[4]/C

Slack:                    inf
  Source:                 periph_vga/_SrcImg0_reg/C
                            (rising edge-triggered cell FDRE clocked by clk_out1_clk_wiz_0  {rise@0.000ns fall@10.000ns period=20.000ns})
  Destination:            periph_vga/_imgData_meta_reg[0]/D
                            (rising edge-triggered cell FDRE clocked by clk_out2_clk_wiz_0  {rise@0.000ns fall@19.862ns period=39.724ns})
  Path Group:             (none)
  Path Type:              Hold (Min at Slow Process Corner)
  Data Path Delay:        0.706ns  (logic 0.418ns (59.210%)  route 0.288ns (40.790%))
  Logic Levels:           0  
  Clock Path Skew:        0.648ns (DCD - SCD - CPR)
    Destination Clock Delay (DCD):    -0.619ns
    Source Clock Delay      (SCD):    -1.267ns
    Clock Pessimism Removal (CPR):    -0.000ns
  Clock Uncertainty:      0.212ns  ((TSJ^2 + DJ^2)^1/2) / 2 + PE
    Total System Jitter     (TSJ):    0.071ns
    Discrete Jitter          (DJ):    0.170ns
    Phase Error              (PE):    0.120ns
  Timing Exception:       False Path

    Location             Delay type                Incr(ns)  Path(ns)    Netlist Resource(s)
  -------------------------------------------------------------------    -------------------
                         (clock clk_out1_clk_wiz_0 rise edge)
                                                      0.000     0.000 r  
    K17                                               0.000     0.000 r  i_clk (IN)
                         net (fo=0)                   0.000     0.000    u_clk_wiz/inst/clk_in1
    K17                  IBUF (Prop_ibuf_I_O)         1.421     1.421 r  u_clk_wiz/inst/clkin1_ibufg/O
                         net (fo=1, routed)           1.162     2.583    u_clk_wiz/inst/clk_in1_clk_wiz_0
    MMCME2_ADV_X0Y1      MMCME2_ADV (Prop_mmcme2_adv_CLKIN1_CLKOUT0)
                                                     -7.105    -4.522 r  u_clk_wiz/inst/mmcm_adv_inst/CLKOUT0
                         net (fo=1, routed)           1.599    -2.923    u_clk_wiz/inst/clk_out1_clk_wiz_0
    BUFGCTRL_X0Y17       BUFG (Prop_bufg_I_O)         0.091    -2.832 r  u_clk_wiz/inst/clkout1_buf/O
                         net (fo=16, routed)          1.564    -1.267    periph_vga/clk_out1
    SLICE_X42Y23         FDRE                                         r  periph_vga/_SrcImg0_reg/C
  -------------------------------------------------------------------    -------------------
    SLICE_X42Y23         FDRE (Prop_fdre_C_Q)         0.418    -0.849 r  periph_vga/_SrcImg0_reg/Q
                         net (fo=2, routed)           0.288    -0.561    periph_vga/_imgData_sys[0]
    SLICE_X40Y23         FDRE                                         r  periph_vga/_imgData_meta_reg[0]/D
  -------------------------------------------------------------------    -------------------

                         (clock clk_out2_clk_wiz_0 rise edge)
                                                      0.000     0.000 r  
    K17                                               0.000     0.000 r  i_clk (IN)
                         net (fo=0)                   0.000     0.000    u_clk_wiz/inst/clk_in1
    K17                  IBUF (Prop_ibuf_I_O)         1.492     1.492 r  u_clk_wiz/inst/clkin1_ibufg/O
                         net (fo=1, routed)           1.285     2.777    u_clk_wiz/inst/clk_in1_clk_wiz_0
    MMCME2_ADV_X0Y1      MMCME2_ADV (Prop_mmcme2_adv_CLKIN1_CLKOUT1)
                                                     -6.996    -4.219 r  u_clk_wiz/inst/mmcm_adv_inst/CLKOUT1
                         net (fo=1, routed)           1.760    -2.459    u_clk_wiz/inst/clk_out2_clk_wiz_0
    BUFGCTRL_X0Y16       BUFG (Prop_bufg_I_O)         0.101    -2.358 r  u_clk_wiz/inst/clkout2_buf/O
                         net (fo=55, routed)          1.739    -0.619    periph_vga/CLK
    SLICE_X40Y23         FDRE                                         r  periph_vga/_imgData_meta_reg[0]/C

Slack:                    inf
  Source:                 periph_vga/_enVGA_reg/C
                            (rising edge-triggered cell FDRE clocked by clk_out1_clk_wiz_0  {rise@0.000ns fall@10.000ns period=20.000ns})
  Destination:            periph_vga/_enVGA_meta_reg/D
                            (rising edge-triggered cell FDRE clocked by clk_out2_clk_wiz_0  {rise@0.000ns fall@19.862ns period=39.724ns})
  Path Group:             (none)
  Path Type:              Hold (Min at Slow Process Corner)
  Data Path Delay:        0.797ns  (logic 0.385ns (48.321%)  route 0.412ns (51.679%))
  Logic Levels:           0  
  Clock Path Skew:        0.648ns (DCD - SCD - CPR)
    Destination Clock Delay (DCD):    -0.619ns
    Source Clock Delay      (SCD):    -1.267ns
    Clock Pessimism Removal (CPR):    -0.000ns
  Clock Uncertainty:      0.212ns  ((TSJ^2 + DJ^2)^1/2) / 2 + PE
    Total System Jitter     (TSJ):    0.071ns
    Discrete Jitter          (DJ):    0.170ns
    Phase Error              (PE):    0.120ns
  Timing Exception:       False Path

    Location             Delay type                Incr(ns)  Path(ns)    Netlist Resource(s)
  -------------------------------------------------------------------    -------------------
                         (clock clk_out1_clk_wiz_0 rise edge)
                                                      0.000     0.000 r  
    K17                                               0.000     0.000 r  i_clk (IN)
                         net (fo=0)                   0.000     0.000    u_clk_wiz/inst/clk_in1
    K17                  IBUF (Prop_ibuf_I_O)         1.421     1.421 r  u_clk_wiz/inst/clkin1_ibufg/O
                         net (fo=1, routed)           1.162     2.583    u_clk_wiz/inst/clk_in1_clk_wiz_0
    MMCME2_ADV_X0Y1      MMCME2_ADV (Prop_mmcme2_adv_CLKIN1_CLKOUT0)
                                                     -7.105    -4.522 r  u_clk_wiz/inst/mmcm_adv_inst/CLKOUT0
                         net (fo=1, routed)           1.599    -2.923    u_clk_wiz/inst/clk_out1_clk_wiz_0
    BUFGCTRL_X0Y17       BUFG (Prop_bufg_I_O)         0.091    -2.832 r  u_clk_wiz/inst/clkout1_buf/O
                         net (fo=16, routed)          1.564    -1.267    periph_vga/clk_out1
    SLICE_X42Y23         FDRE                                         r  periph_vga/_enVGA_reg/C
  -------------------------------------------------------------------    -------------------
    SLICE_X42Y23         FDRE (Prop_fdre_C_Q)         0.385    -0.882 r  periph_vga/_enVGA_reg/Q
                         net (fo=2, routed)           0.412    -0.471    periph_vga/_enVGA
    SLICE_X41Y23         FDRE                                         r  periph_vga/_enVGA_meta_reg/D
  -------------------------------------------------------------------    -------------------

                         (clock clk_out2_clk_wiz_0 rise edge)
                                                      0.000     0.000 r  
    K17                                               0.000     0.000 r  i_clk (IN)
                         net (fo=0)                   0.000     0.000    u_clk_wiz/inst/clk_in1
    K17                  IBUF (Prop_ibuf_I_O)         1.492     1.492 r  u_clk_wiz/inst/clkin1_ibufg/O
                         net (fo=1, routed)           1.285     2.777    u_clk_wiz/inst/clk_in1_clk_wiz_0
    MMCME2_ADV_X0Y1      MMCME2_ADV (Prop_mmcme2_adv_CLKIN1_CLKOUT1)
                                                     -6.996    -4.219 r  u_clk_wiz/inst/mmcm_adv_inst/CLKOUT1
                         net (fo=1, routed)           1.760    -2.459    u_clk_wiz/inst/clk_out2_clk_wiz_0
    BUFGCTRL_X0Y16       BUFG (Prop_bufg_I_O)         0.101    -2.358 r  u_clk_wiz/inst/clkout2_buf/O
                         net (fo=55, routed)          1.739    -0.619    periph_vga/CLK
    SLICE_X41Y23         FDRE                                         r  periph_vga/_enVGA_meta_reg/C

Slack:                    inf
  Source:                 _rst_sync_reg/C
                            (rising edge-triggered cell FDPE clocked by clk_out1_clk_wiz_0  {rise@0.000ns fall@10.000ns period=20.000ns})
  Destination:            periph_vga/_rst_meta_reg/D
                            (rising edge-triggered cell FDRE clocked by clk_out2_clk_wiz_0  {rise@0.000ns fall@19.862ns period=39.724ns})
  Path Group:             (none)
  Path Type:              Hold (Min at Slow Process Corner)
  Data Path Delay:        0.986ns  (logic 0.367ns (37.205%)  route 0.619ns (62.795%))
  Logic Levels:           0  
  Clock Path Skew:        0.639ns (DCD - SCD - CPR)
    Destination Clock Delay (DCD):    -0.621ns
    Source Clock Delay      (SCD):    -1.260ns
    Clock Pessimism Removal (CPR):    -0.000ns
  Clock Uncertainty:      0.212ns  ((TSJ^2 + DJ^2)^1/2) / 2 + PE
    Total System Jitter     (TSJ):    0.071ns
    Discrete Jitter          (DJ):    0.170ns
    Phase Error              (PE):    0.120ns
  Timing Exception:       False Path

    Location             Delay type                Incr(ns)  Path(ns)    Netlist Resource(s)
  -------------------------------------------------------------------    -------------------
                         (clock clk_out1_clk_wiz_0 rise edge)
                                                      0.000     0.000 r  
    K17                                               0.000     0.000 r  i_clk (IN)
                         net (fo=0)                   0.000     0.000    u_clk_wiz/inst/clk_in1
    K17                  IBUF (Prop_ibuf_I_O)         1.421     1.421 r  u_clk_wiz/inst/clkin1_ibufg/O
                         net (fo=1, routed)           1.162     2.583    u_clk_wiz/inst/clk_in1_clk_wiz_0
    MMCME2_ADV_X0Y1      MMCME2_ADV (Prop_mmcme2_adv_CLKIN1_CLKOUT0)
                                                     -7.105    -4.522 r  u_clk_wiz/inst/mmcm_adv_inst/CLKOUT0
                         net (fo=1, routed)           1.599    -2.923    u_clk_wiz/inst/clk_out1_clk_wiz_0
    BUFGCTRL_X0Y17       BUFG (Prop_bufg_I_O)         0.091    -2.832 r  u_clk_wiz/inst/clkout1_buf/O
                         net (fo=16, routed)          1.571    -1.260    _clkSystem
    SLICE_X43Y32         FDPE                                         r  _rst_sync_reg/C
  -------------------------------------------------------------------    -------------------
    SLICE_X43Y32         FDPE (Prop_fdpe_C_Q)         0.367    -0.893 r  _rst_sync_reg/Q
                         net (fo=16, routed)          0.619    -0.274    periph_vga/_rst_sync
    SLICE_X40Y24         FDRE                                         r  periph_vga/_rst_meta_reg/D
  -------------------------------------------------------------------    -------------------

                         (clock clk_out2_clk_wiz_0 rise edge)
                                                      0.000     0.000 r  
    K17                                               0.000     0.000 r  i_clk (IN)
                         net (fo=0)                   0.000     0.000    u_clk_wiz/inst/clk_in1
    K17                  IBUF (Prop_ibuf_I_O)         1.492     1.492 r  u_clk_wiz/inst/clkin1_ibufg/O
                         net (fo=1, routed)           1.285     2.777    u_clk_wiz/inst/clk_in1_clk_wiz_0
    MMCME2_ADV_X0Y1      MMCME2_ADV (Prop_mmcme2_adv_CLKIN1_CLKOUT1)
                                                     -6.996    -4.219 r  u_clk_wiz/inst/mmcm_adv_inst/CLKOUT1
                         net (fo=1, routed)           1.760    -2.459    u_clk_wiz/inst/clk_out2_clk_wiz_0
    BUFGCTRL_X0Y16       BUFG (Prop_bufg_I_O)         0.101    -2.358 r  u_clk_wiz/inst/clkout2_buf/O
                         net (fo=55, routed)          1.737    -0.621    periph_vga/CLK
    SLICE_X40Y24         FDRE                                         r  periph_vga/_rst_meta_reg/C

Slack:                    inf
  Source:                 _rst_sync_reg/C
                            (rising edge-triggered cell FDPE clocked by clk_out1_clk_wiz_0  {rise@0.000ns fall@10.000ns period=20.000ns})
  Destination:            periph_vga/_rst_sync_vga_reg/D
                            (rising edge-triggered cell FDRE clocked by clk_out2_clk_wiz_0  {rise@0.000ns fall@19.862ns period=39.724ns})
  Path Group:             (none)
  Path Type:              Hold (Min at Fast Process Corner)
  Data Path Delay:        0.643ns  (logic 0.186ns (28.940%)  route 0.457ns (71.061%))
  Logic Levels:           1  (LUT2=1)
  Clock Path Skew:        -0.243ns (DCD - SCD - CPR)
    Destination Clock Delay (DCD):    -0.716ns
    Source Clock Delay      (SCD):    -0.472ns
    Clock Pessimism Removal (CPR):    -0.000ns
  Clock Uncertainty:      0.212ns  ((TSJ^2 + DJ^2)^1/2) / 2 + PE
    Total System Jitter     (TSJ):    0.071ns
    Discrete Jitter          (DJ):    0.170ns
    Phase Error              (PE):    0.120ns
  Timing Exception:       False Path

    Location             Delay type                Incr(ns)  Path(ns)    Netlist Resource(s)
  -------------------------------------------------------------------    -------------------
                         (clock clk_out1_clk_wiz_0 rise edge)
                                                      0.000     0.000 r  
    K17                                               0.000     0.000 r  i_clk (IN)
                         net (fo=0)                   0.000     0.000    u_clk_wiz/inst/clk_in1
    K17                  IBUF (Prop_ibuf_I_O)         0.259     0.259 r  u_clk_wiz/inst/clkin1_ibufg/O
                         net (fo=1, routed)           0.440     0.700    u_clk_wiz/inst/clk_in1_clk_wiz_0
    MMCME2_ADV_X0Y1      MMCME2_ADV (Prop_mmcme2_adv_CLKIN1_CLKOUT0)
                                                     -2.268    -1.568 r  u_clk_wiz/inst/mmcm_adv_inst/CLKOUT0
                         net (fo=1, routed)           0.482    -1.086    u_clk_wiz/inst/clk_out1_clk_wiz_0
    BUFGCTRL_X0Y17       BUFG (Prop_bufg_I_O)         0.026    -1.060 r  u_clk_wiz/inst/clkout1_buf/O
                         net (fo=16, routed)          0.588    -0.472    _clkSystem
    SLICE_X43Y32         FDPE                                         r  _rst_sync_reg/C
  -------------------------------------------------------------------    -------------------
    SLICE_X43Y32         FDPE (Prop_fdpe_C_Q)         0.141    -0.331 r  _rst_sync_reg/Q
                         net (fo=16, routed)          0.457     0.125    periph_vga/_rst_sync
    SLICE_X40Y24         LUT2 (Prop_lut2_I1_O)        0.045     0.170 r  periph_vga/_rst_sync_vga_i_1/O
                         net (fo=1, routed)           0.000     0.170    periph_vga/_rst_sync_vga_i_1_n_0
    SLICE_X40Y24         FDRE                                         r  periph_vga/_rst_sync_vga_reg/D
  -------------------------------------------------------------------    -------------------

                         (clock clk_out2_clk_wiz_0 rise edge)
                                                      0.000     0.000 r  
    K17                                               0.000     0.000 r  i_clk (IN)
                         net (fo=0)                   0.000     0.000    u_clk_wiz/inst/clk_in1
    K17                  IBUF (Prop_ibuf_I_O)         0.447     0.447 r  u_clk_wiz/inst/clkin1_ibufg/O
                         net (fo=1, routed)           0.480     0.927    u_clk_wiz/inst/clk_in1_clk_wiz_0
    MMCME2_ADV_X0Y1      MMCME2_ADV (Prop_mmcme2_adv_CLKIN1_CLKOUT1)
                                                     -3.047    -2.120 r  u_clk_wiz/inst/mmcm_adv_inst/CLKOUT1
                         net (fo=1, routed)           0.528    -1.592    u_clk_wiz/inst/clk_out2_clk_wiz_0
    BUFGCTRL_X0Y16       BUFG (Prop_bufg_I_O)         0.029    -1.563 r  u_clk_wiz/inst/clkout2_buf/O
                         net (fo=55, routed)          0.847    -0.716    periph_vga/CLK
    SLICE_X40Y24         FDRE                                         r  periph_vga/_rst_sync_vga_reg/C





--------------------------------------------------------------------------------------
Path Group:  (none)
From Clock:  
  To Clock:  clk_out1_clk_wiz_0

Max Delay             1 Endpoint
Min Delay             1 Endpoint
--------------------------------------------------------------------------------------


Max Delay Paths
--------------------------------------------------------------------------------------
Slack:                    inf
  Source:                 u_clk_wiz/inst/mmcm_adv_inst/LOCKED
                            (internal pin)
  Destination:            _rst_sync_reg/D
                            (rising edge-triggered cell FDPE clocked by clk_out1_clk_wiz_0  {rise@0.000ns fall@10.000ns period=20.000ns})
  Path Group:             (none)
  Path Type:              Setup (Max at Slow Process Corner)
  Data Path Delay:        1.603ns  (logic 0.124ns (7.734%)  route 1.479ns (92.266%))
  Logic Levels:           1  (LUT1=1)
  Clock Uncertainty:      0.180ns  ((TSJ^2 + DJ^2)^1/2) / 2 + PE
    Total System Jitter     (TSJ):    0.050ns
    Discrete Jitter          (DJ):    0.148ns
    Phase Error              (PE):    0.102ns

    Location             Delay type                Incr(ns)  Path(ns)    Netlist Resource(s)
  -------------------------------------------------------------------    -------------------
    MMCME2_ADV_X0Y1      MMCME2_ADV                   0.000     0.000 f  u_clk_wiz/inst/mmcm_adv_inst/LOCKED
                         net (fo=1, routed)           1.479     1.479    _locked
    SLICE_X43Y32         LUT1 (Prop_lut1_I0_O)        0.124     1.603 r  _rst_sync_i_1/O
                         net (fo=1, routed)           0.000     1.603    _rst_sync_i_1_n_0
    SLICE_X43Y32         FDPE                                         r  _rst_sync_reg/D
  -------------------------------------------------------------------    -------------------

                         (clock clk_out1_clk_wiz_0 rise edge)
                                                      0.000     0.000 r  
    K17                                               0.000     0.000 r  i_clk (IN)
                         net (fo=0)                   0.000     0.000    u_clk_wiz/inst/clk_in1
    K17                  IBUF (Prop_ibuf_I_O)         1.421     1.421 r  u_clk_wiz/inst/clkin1_ibufg/O
                         net (fo=1, routed)           1.162     2.583    u_clk_wiz/inst/clk_in1_clk_wiz_0
    MMCME2_ADV_X0Y1      MMCME2_ADV (Prop_mmcme2_adv_CLKIN1_CLKOUT0)
                                                     -7.105    -4.522 r  u_clk_wiz/inst/mmcm_adv_inst/CLKOUT0
                         net (fo=1, routed)           1.599    -2.923    u_clk_wiz/inst/clk_out1_clk_wiz_0
    BUFGCTRL_X0Y17       BUFG (Prop_bufg_I_O)         0.091    -2.832 r  u_clk_wiz/inst/clkout1_buf/O
                         net (fo=16, routed)          1.571    -1.260    _clkSystem
    SLICE_X43Y32         FDPE                                         r  _rst_sync_reg/C





Min Delay Paths
--------------------------------------------------------------------------------------
Slack:                    inf
  Source:                 u_clk_wiz/inst/mmcm_adv_inst/LOCKED
                            (internal pin)
  Destination:            _rst_sync_reg/D
                            (rising edge-triggered cell FDPE clocked by clk_out1_clk_wiz_0  {rise@0.000ns fall@10.000ns period=20.000ns})
  Path Group:             (none)
  Path Type:              Hold (Min at Fast Process Corner)
  Data Path Delay:        0.627ns  (logic 0.045ns (7.173%)  route 0.582ns (92.827%))
  Logic Levels:           1  (LUT1=1)
  Clock Uncertainty:      0.180ns  ((TSJ^2 + DJ^2)^1/2) / 2 + PE
    Total System Jitter     (TSJ):    0.050ns
    Discrete Jitter          (DJ):    0.148ns
    Phase Error              (PE):    0.102ns

    Location             Delay type                Incr(ns)  Path(ns)    Netlist Resource(s)
  -------------------------------------------------------------------    -------------------
    MMCME2_ADV_X0Y1      MMCME2_ADV                   0.000     0.000 f  u_clk_wiz/inst/mmcm_adv_inst/LOCKED
                         net (fo=1, routed)           0.582     0.582    _locked
    SLICE_X43Y32         LUT1 (Prop_lut1_I0_O)        0.045     0.627 r  _rst_sync_i_1/O
                         net (fo=1, routed)           0.000     0.627    _rst_sync_i_1_n_0
    SLICE_X43Y32         FDPE                                         r  _rst_sync_reg/D
  -------------------------------------------------------------------    -------------------

                         (clock clk_out1_clk_wiz_0 rise edge)
                                                      0.000     0.000 r  
    K17                                               0.000     0.000 r  i_clk (IN)
                         net (fo=0)                   0.000     0.000    u_clk_wiz/inst/clk_in1
    K17                  IBUF (Prop_ibuf_I_O)         0.447     0.447 r  u_clk_wiz/inst/clkin1_ibufg/O
                         net (fo=1, routed)           0.480     0.927    u_clk_wiz/inst/clk_in1_clk_wiz_0
    MMCME2_ADV_X0Y1      MMCME2_ADV (Prop_mmcme2_adv_CLKIN1_CLKOUT0)
                                                     -3.047    -2.120 r  u_clk_wiz/inst/mmcm_adv_inst/CLKOUT0
                         net (fo=1, routed)           0.528    -1.592    u_clk_wiz/inst/clk_out1_clk_wiz_0
    BUFGCTRL_X0Y17       BUFG (Prop_bufg_I_O)         0.029    -1.563 r  u_clk_wiz/inst/clkout1_buf/O
                         net (fo=16, routed)          0.855    -0.708    _clkSystem
    SLICE_X43Y32         FDPE                                         r  _rst_sync_reg/C





